country,founded,id,industry,linkedin_url,locality,name,region,size,website
austria,"",exterstahl,"",linkedin.com/company/exterstahl,"",exterstahl,"",11-50,exterstahl.com
austria,1987,eccon-gmbh,mechanical or industrial engineering,linkedin.com/company/eccon-gmbh,rankweil,eccon gmbh,vorarlberg,1-10,eccon.biz
austria,2003,407communication,marketing and advertising,linkedin.com/company/407communication,"",agency4e7,"",11-50,agency4e7.com
austria,"",fruxtechnologiesgmbh,information technology and services,linkedin.com/company/fruxtechnologiesgmbh,leonding,frux technologies gmbh,upper austria,11-50,""
austria,1956,forster-group,mining & metals,linkedin.com/company/forster-group,ybbs,forster,niederosterreich,501-1000,""
austria,1963,delfabrokolarik,wholesale,linkedin.com/company/delfabrokolarik,graz,del fabro kolarik gmbh,steiermark,201-500,delfabrokolarik.at
austria,2016,blocklancer,computer software,linkedin.com/company/blocklancer,innsbruck,blocklancer,tyrol,1-10,blocklancer.net
austria,2011,finderly,information technology and services,linkedin.com/company/finderly,vienna,shpock app | finderly gmbh,vienna,51-200,shpock.com
austria,2015,match-maker-ventures,venture capital & private equity,linkedin.com/company/match-maker-ventures,"",match-maker ventures,vienna,11-50,match-maker.ventures
austria,"",wifi-oö-gmbh,education management,linkedin.com/company/wifi-oö-gmbh,linz,wifi oö gmbh,upper austria,51-200,wifi.at
austria,2010,4-elements-academy,sports,linkedin.com/company/4-elements-academy,tirol,4 elements urban fitness studio,styria,1-10,4elementsacademy.at
austria,1994,musis---museen-und-sammlungen-in-der-steiermark,museums and institutions,linkedin.com/company/musis---museen-und-sammlungen-in-der-steiermark,graz,musis - steirischer museumsverband / styrian museum organisation,styria,1-10,musis.at
austria,"",nikoll-at,information technology and services,linkedin.com/company/nikoll-at,wien,nikoll.at,vienna,1-10,nikoll.at
austria,"",söllner-edv-beratung,computer software,linkedin.com/company/söllner-edv-beratung,mattsee,söllner edv-beratung,salzburg,1-10,soellner-edv.at
austria,2020,jb-licht-gmbh,electrical/electronic manufacturing,linkedin.com/company/jb-licht-gmbh,klagenfurt,jb-licht gmbh,karnten,1-10,jb-licht.at
austria,"",comtrack,"",linkedin.com/company/comtrack,"",comtrack,"",11-50,comtrack.at
austria,2010,starksms-systems,marketing and advertising,linkedin.com/company/starksms-systems,vienna,starksms systems,wien,1-10,starksms.com
austria,2005,wolf21,internet,linkedin.com/company/wolf21,wien,wolf21,vienna,1-10,wolf21.com
austria,"",4jobs-personalmanagement-gmbh-,staffing and recruiting,linkedin.com/company/4jobs-personalmanagement-gmbh-,"",4jobs personalmanagement gmbh.,"",1-10,4jobs.at
austria,2007,parksideinteractive,information technology and services,linkedin.com/company/parksideinteractive,graz,parkside®,styria,51-200,parkside-interactive.com
austria,"",clever&smart-marketing-communication-services,marketing and advertising,linkedin.com/company/clever&smart-marketing-communication-services,"",clever&smart marketing communication services,"",1-10,""
austria,"",seiringer-umweltservice-gmbh,"",linkedin.com/company/seiringer-umweltservice-gmbh,"",seiringer umweltservice gmbh,"",1-10,seiringer.at
austria,2013,sonible,computer software,linkedin.com/company/sonible,graz,sonible,steiermark,11-50,sonible.com
austria,2014,savonarola-gmbh,architecture & planning,linkedin.com/company/savonarola-gmbh,feldkirchen an der donau,savonarola gmbh,oberosterreich,1-10,savonarola.at
austria,2015,tab-the-alternative-board-österreich,management consulting,linkedin.com/company/tab-the-alternative-board-österreich,wien,tab the alternative board österreich,vienna,11-50,tab-austria.com
austria,"",mühlbauer,"",linkedin.com/company/mühlbauer,"",mühlbauer,"",11-50,muehlbauer.at
austria,1988,goeweil,machinery,linkedin.com/company/goeweil,"",göweil maschinenbau gmbh,upper austria,51-200,goeweil.com
austria,"",wachernig-steuerberatung,"",linkedin.com/company/wachernig-steuerberatung,"",wachernig steuerberatung,"",1-10,wachernig.com
austria,1989,automationx,industrial automation,linkedin.com/company/automationx,graz,automationx,steiermark,51-200,automationx.com
austria,"",walter-werkzeuge,retail,linkedin.com/company/walter-werkzeuge,anif,walter werkzeuge,salzburg,11-50,walter-werkzeuge.com
austria,2005,yfu-austria,education management,linkedin.com/company/yfu-austria,"",yfu austria,vienna,1-10,yfu.at
austria,"",kunsthandel,"",linkedin.com/company/kunsthandel,"",kunsthandel,"",51-200,kunsthandel-pichler.at
austria,2009,parrot-solutions,marketing and advertising,linkedin.com/company/parrot-solutions,vienna,parrot solutions,vienna,1-10,parrot-solutions.com
austria,1998,monster-worldwide-austria-gmbh,internet,linkedin.com/company/monster-worldwide-austria-gmbh,wien,monster worldwide austria gmbh,vienna,11-50,monster.at
austria,1994,easy-software-gmbh,information technology and services,linkedin.com/company/easy-software-gmbh,"",easy software gmbh,salzburg,1-10,easy-austria.at
austria,1996,ecr-austria,consumer goods,linkedin.com/company/ecr-austria,"",ecr austria,vienna,1-10,ecr.digital
austria,"",ct-pen,information technology and services,linkedin.com/company/ct-pen,"",ct-pen,"",1-10,ct-pen.com
austria,1994,bosfor-reisen,"leisure, travel & tourism",linkedin.com/company/bosfor-reisen,wien,bosfor reisen,vienna,1-10,bosfor.at
austria,2009,sar-anlagenbau-gmbh,electrical/electronic manufacturing,linkedin.com/company/sar-anlagenbau-gmbh,mauer bei amstetten,sar anlagenbau gmbh,niederosterreich,51-200,sar-anlagenbau.at
austria,2015,atlas-body-center,"health, wellness and fitness",linkedin.com/company/atlas-body-center,scheibbs,atlas body center,lower austria,1-10,atlas-body-center.com
austria,"",spielboden-kantine,restaurants,linkedin.com/company/spielboden-kantine,dornbirn,spielboden kantine,vorarlberg,1-10,""
austria,1997,scc-edv-beratung-aktiengesellschaft,information technology and services,linkedin.com/company/scc-edv-beratung-aktiengesellschaft,"",scc edv-beratung aktiengesellschaft,"",51-200,""
austria,2020,mindsandelephant,management consulting,linkedin.com/company/mindsandelephant,graz,minds & elephant,steiermark,1-10,mindsandelephant.com
austria,1969,gbd---gruppe-bau-dornbirn,construction,linkedin.com/company/gbd---gruppe-bau-dornbirn,dornbirn,gbd - gruppe bau dornbirn,vorarlberg,51-200,gbd.at
austria,1986,arsmediakonzertservice,events services,linkedin.com/company/arsmediakonzertservice,salzburg,ars media konzertservice,salzburg,1-10,arsmedia-agency.com
austria,"",lavazza-caffe,restaurants,linkedin.com/company/lavazza-caffe,rattenberg,lavazza caffe,tirol,1-10,caffe-lavazza.at
austria,2004,splendit-it-consulting-gmbh,information technology and services,linkedin.com/company/splendit-it-consulting-gmbh,mauerbach,splendit it-consulting gmbh,niederosterreich,11-50,splendit.at
austria,"",ridas,information technology and services,linkedin.com/company/ridas,"",ridas,"",11-50,ridas.at
austria,2008,technology-platform-smart-grids-austria,oil & energy,linkedin.com/company/technology-platform-smart-grids-austria,vienna,technology platform smart grids austria,vienna,1-10,smartgrids.at
austria,1921,tech-data-dach,information technology and services,linkedin.com/company/tech-data-dach,"",tech data advanced solutions austria,"",1-10,""
austria,2001,easystaff-personaldienstleistungen-gmbh,human resources,linkedin.com/company/easystaff-personaldienstleistungen-gmbh,"",easystaff personaldienstleistungen gmbh,vienna,1001-5000,easystaff.at
austria,2013,krassgruen-at,marketing and advertising,linkedin.com/company/krassgruen-at,villach,krassgrün.at,karnten,1-10,krassgruen.at
austria,2015,codecan-solutions-gmbh,information technology and services,linkedin.com/company/codecan-solutions-gmbh,wien,codecan solutions gmbh,vienna,11-50,codecan.solutions
austria,2013,semanticlabs,computer software,linkedin.com/company/semanticlabs,wien,semanticlabs,vienna,1-10,semanticlabs.at
austria,"",kubator-agency,marketing and advertising,linkedin.com/company/kubator-agency,gmund,kubator,lower austria,11-50,kubator.at
austria,2007,far-east-land-bridge-ltd,transportation/trucking/railroad,linkedin.com/company/far-east-land-bridge-ltd,"",far east land bridge ltd,vienna,51-200,felb.world
austria,2019,kesch-digital,marketing and advertising,linkedin.com/company/kesch-digital,vienna,kesch digital gmbh,vienna,1-10,kesch.digital
austria,"",fa-krassnig,"",linkedin.com/company/fa-krassnig,"",fa. krassnig,"",1-10,elektro-krassnig.com
austria,"",geg-elektroanlagen-gmbh,electrical/electronic manufacturing,linkedin.com/company/geg-elektroanlagen-gmbh,traun,geg elektroanlagen,oberosterreich,51-200,geg-elektroanlagen.at
austria,1949,kahlbacher,machinery,linkedin.com/company/kahlbacher,kitzbuhel,kahlbacher machinery gmbh,tirol,51-200,kahlbacher.com
austria,2012,key2office---kurzfristige-raummiete,commercial real estate,linkedin.com/company/key2office---kurzfristige-raummiete,wien,key to office,vienna,1-10,keytooffice.com
austria,1960,modelleisenbahn-gmbh,computer games,linkedin.com/company/modelleisenbahn-gmbh,"",modelleisenbahn gmbh,salzburg,1001-5000,roco.co.at
austria,"",kunsthalle-wien,"",linkedin.com/company/kunsthalle-wien,"",kunsthalle wien,"",51-200,kunsthallewien.at
austria,"",bex-media,media production,linkedin.com/company/bex-media,"",bex media gmbh,vienna,1-10,boerse-express.com
austria,1997,tgw-mechanics-gmbh,machinery,linkedin.com/company/tgw-mechanics-gmbh,wels,tgw mechanics gmbh,oberosterreich,201-500,""
austria,"",dorfner-gebäudereinigung,"",linkedin.com/company/dorfner-gebäudereinigung,linz,dorfner gebäudereinigung,upper austria,1-10,""
austria,"",gt-austria,management consulting,linkedin.com/company/gt-austria,wiener neustadt,grant thornton austria,niederosterreich,51-200,grantthornton.at
austria,"",acts-digital,information technology and services,linkedin.com/company/acts-digital,klagenfurt,acts digital,carinthia,11-50,acts.digital
austria,2012,papertown-at,design,linkedin.com/company/papertown-at,"",papertown vienna,vienna,1-10,papertown.at
austria,1948,jaf-international-services-gmbh,computer software,linkedin.com/company/jaf-international-services-gmbh,stockerau,jaf international services gmbh,lower austria,11-50,""
austria,"",schlosserei-erich-trinkl,"",linkedin.com/company/schlosserei-erich-trinkl,"",schlosserei erich trinkl,"",1-10,erich-trinkl.at
austria,"",-die-umweltberatung-,education management,linkedin.com/company/-die-umweltberatung-,wien,""die umweltberatung"",vienna,11-50,umweltberatung.at
austria,"",the-caterer-vienna,food production,linkedin.com/company/the-caterer-vienna,vienna,the caterer,vienna,1-10,thecaterer.at
austria,"",sevian7-it-development-gmbh,information technology and services,linkedin.com/company/sevian7-it-development-gmbh,graz,sevian7 it development gmbh,styria,11-50,sevian7.com
austria,2009,brainsware,information technology and services,linkedin.com/company/brainsware,"",brainsware,vienna,1-10,brainsware.org
austria,"",concircle,information technology and services,linkedin.com/company/concircle,"",concircle,vienna,11-50,concircle.com
austria,1994,oroboros-instruments-gmbh,research,linkedin.com/company/oroboros-instruments-gmbh,innsbruck,oroboros instruments gmbh,tyrol,11-50,oroboros.at
austria,1993,niederösterreichische-verkehrsorganisationsges-m-b-h-növog,transportation/trucking/railroad,linkedin.com/company/niederösterreichische-verkehrsorganisationsges-m-b-h-növog,frankenfels,niederösterreich bahnen (növog),niederosterreich,201-500,noevog.at
austria,"",elegant-gmbh,"",linkedin.com/company/elegant-gmbh,"",elegant gmbh,"",1-10,elegant.co.at
austria,"",landeskammer-für-land--und-forstwirtschaft-steiermark,"",linkedin.com/company/landeskammer-für-land--und-forstwirtschaft-steiermark,graz,landeskammer für land- und forstwirtschaft steiermark,steiermark,11-50,""
austria,1850,hotel-post-bezau,hospitality,linkedin.com/company/hotel-post-bezau,bezau,hotel post bezau,vorarlberg,11-50,hotelpostbezau.com
austria,2006,alpine-pearls,"leisure, travel & tourism",linkedin.com/company/alpine-pearls,werfenweng,alpine pearls,salzburg,1-10,alpine-pearls.com
austria,2010,ulmon,information technology and services,linkedin.com/company/ulmon,vienna,ulmon gmbh,vienna,1-10,ulmon.com
austria,2010,smaxtec-animal-care,farming,linkedin.com/company/smaxtec-animal-care,graz,smaxtec,styria,11-50,smaxtec-animalcare.com
austria,2012,markbach-international,sports,linkedin.com/company/markbach-international,reith im alpbachtal,markbach international,tyrol,1-10,markbach.eu
austria,"",medecco-holding-gmbh,gambling & casinos,linkedin.com/company/medecco-holding-gmbh,vienna,medecco holding gmbh,vienna,11-50,""
austria,2005,werbemittelimport-at---werbeartikel,wholesale,linkedin.com/company/werbemittelimport-at---werbeartikel,wien,werbemittelimport .at - werbeartikel,vienna,1-10,werbemittelimport.at
austria,2013,urban-future-global-conference,renewables & environment,linkedin.com/company/urban-future-global-conference,graz,urban future global conference,steiermark,11-50,urban-future.at
austria,"",titz-bau-gmbh,construction,linkedin.com/company/titz-bau-gmbh,himberg,titz-bau gmbh,niederosterreich,1-10,teresambrowning.com
austria,"",byte-media-gmbh,internet,linkedin.com/company/byte-media-gmbh,baden,byte media gmbh,lower austria,1-10,byte.at
austria,"",chilicode,"",linkedin.com/company/chilicode,"",chilicode,"",1-10,chilicode.com
austria,2017,aewa.at,marketing and advertising,linkedin.com/company/aewa.at,kottingbrunn,aewa e.u.,lower austria,1-10,aewa.at
austria,"",spirit-business-&-finance-solutions-gmbh,"",linkedin.com/company/spirit-business-&-finance-solutions-gmbh,"",spirit business & finance solutions gmbh,"",1-10,spirit.at
austria,2015,startup-salzburg,government administration,linkedin.com/company/startup-salzburg,"",startup salzburg,salzburg,1-10,startup-salzburg.at
austria,1998,eta-heiztechnik,renewables & environment,linkedin.com/company/eta-heiztechnik,"",eta heiztechnik,"",201-500,eta.co.at
austria,1988,uniquare,information technology and services,linkedin.com/company/uniquare,krumpendorf,uniquare software development gmbh,carinthia,51-200,uniquare.com
austria,2010,stanonik-rechtsanwaltskanzlei,legal services,linkedin.com/company/stanonik-rechtsanwaltskanzlei,vienna,stanonik rechtsanwaltskanzlei,vienna,1-10,stanonik.at
austria,"",innovations-agentur-für-neue-medien,internet,linkedin.com/company/innovations-agentur-für-neue-medien,"",innovations-agentur für neue medien,"",1-10,innovations.at
austria,"",kinauer-training,"",linkedin.com/company/kinauer-training,"",kinauer training,vienna,1-10,kinauer.com
austria,"",j-s-t-oesterreich-gmbh,electrical/electronic manufacturing,linkedin.com/company/j-s-t-oesterreich-gmbh,wiener neustadt,j.s.t. oesterreich gmbh,lower austria,1-10,jst.at
austria,1972,dipl-ing-k-dietzel-gmbh.,mechanical or industrial engineering,linkedin.com/company/dipl-ing-k-dietzel-gmbh.,linz,dietzel hydraulik,oberosterreich,501-1000,dietzel-hydraulik.de
austria,2018,sidekick-ux,design,linkedin.com/company/sidekick-ux,"",sidekick ux,vienna,1-10,sidekick-ux.com
austria,2002,xt-commerce-gmbh,information technology and services,linkedin.com/company/xt-commerce-gmbh,innsbruck,xt:commerce gmbh,tyrol,11-50,xt-commerce.com
austria,"",vitalis-handels-gmbh,"",linkedin.com/company/vitalis-handels-gmbh,"",vitalis handels gmbh,"",1-10,vitalis-austria.com
austria,"",finalit,"",linkedin.com/company/finalit,"",finalit,"",1-10,finalit.com
austria,"",consulting-&-services---sieglinde-eisterer,information services,linkedin.com/company/consulting-&-services---sieglinde-eisterer,weikersdorf am steinfelde,consulting & services - sieglinde eisterer,niederosterreich,1-10,gefahrgut-online-center.at
austria,2010,kpv-solar-gmbh,renewables & environment,linkedin.com/company/kpv-solar-gmbh,klagenfurt,kpv solar gmbh,karnten,11-50,kpv-solar.com
austria,1997,e-tec-electronic-gmbh,retail,linkedin.com/company/e-tec-electronic-gmbh,wiener neustadt,e-tec electronic gmbh,niederosterreich,51-200,e-tec.at
austria,1977,gu-at,building materials,linkedin.com/company/gu-at,hallwang,gu baubeschläge austria gmbh,salzburg,51-200,""
austria,"",go-forst-gmbh,"",linkedin.com/company/go-forst-gmbh,"",go forst gmbh,"",1-10,go-forst.at
austria,1988,haus-der-architektur,architecture & planning,linkedin.com/company/haus-der-architektur,graz,haus der architektur,steiermark,1-10,hda-graz.at
austria,2016,isteel.at,mechanical or industrial engineering,linkedin.com/company/isteel.at,marchtrenk,isteel.at,oberosterreich,1-10,isteel.at
austria,2011,seidler-avocats,law practice,linkedin.com/company/seidler-avocats,"",seidler avocats,"",1-10,seidler.fr
austria,2015,treats-,food & beverages,linkedin.com/company/treats-,wien,treats.,vienna,11-50,treats.io
austria,2015,spirits-of-life---schule-für-mensch-und-hund,recreational facilities and services,linkedin.com/company/spirits-of-life---schule-für-mensch-und-hund,"",spirits of life - schule für mensch und hund,"",1-10,""
austria,1976,american-international-school-salzburg,education management,linkedin.com/company/american-international-school-salzburg,"",american international school-salzburg,salzburg,11-50,ais-salzburg.at
austria,"",vbv-ag,financial services,linkedin.com/company/vbv-ag,vienna,vbv ag,vienna,11-50,vorsorgekasse.at
austria,"",häusle-gmbh,"",linkedin.com/company/häusle-gmbh,"",häusle gmbh,"",11-50,haeusle.com
austria,"",unternehmerweb.at,online media,linkedin.com/company/unternehmerweb.at,"",unternehmerweb.at,"",1-10,unternehmerweb.at
austria,2005,heidenspass,design,linkedin.com/company/heidenspass,graz,heidenspass,styria,11-50,heidenspass.cc
austria,"",raum-werk-stadt-architekten-wien,architecture & planning,linkedin.com/company/raum-werk-stadt-architekten-wien,"","raum-werk-stadt architekten, wien","",1-10,""
austria,2014,nbg-dimensions,plastics,linkedin.com/company/nbg-dimensions,linz,bernstein innovation gmbh,upper austria,11-50,bernstein-innovation.com
austria,2001,xaidat-gmbh,computer software,linkedin.com/company/xaidat-gmbh,graz,xaidat gmbh,styria,11-50,xaidat.com
austria,2003,research-studios-austria-forschungsgesellschaft-mbh,research,linkedin.com/company/research-studios-austria-forschungsgesellschaft-mbh,"",research studios austria forschungsgesellschaft mbh,salzburg,51-200,researchstudio.at
austria,2007,docolution-gmbh,information technology and services,linkedin.com/company/docolution-gmbh,"",docolution gmbh,vienna,11-50,docolution.com
austria,"",move-ment-gmbh,"",linkedin.com/company/move-ment-gmbh,"",move-ment gmbh,"",11-50,move-ment.at
austria,2014,art-and-signature,online media,linkedin.com/company/art-and-signature,"",art and signature,"",1-10,artandsignature.com
austria,2017,pancom-gmbh,internet,linkedin.com/company/pancom-gmbh,feldkirch,pancom gmbh,vorarlberg,11-50,pancomgmbh.com
austria,"",hbarechtsanwaelte,law practice,linkedin.com/company/hbarechtsanwaelte,graz,hba rechtsanwälte,steiermark,51-200,hba.at
austria,"",visio-partners,"",linkedin.com/company/visio-partners,"",visio partners,"",11-50,derumzug.at
austria,"",ing-diba-ag,banking,linkedin.com/company/ing-diba-ag,"",ing-diba ag,vienna,51-200,""
austria,1959,elk-fertighaus-gmbh,construction,linkedin.com/company/elk-fertighaus-gmbh,schrems,elk fertighaus gmbh,niederosterreich,1001-5000,elk.at
austria,2018,heartfish,"health, wellness and fitness",linkedin.com/company/heartfish,vienna,heartfish,vienna,1-10,heartfish.io
austria,"",simatelex-manufactory-company-limited,electrical/electronic manufacturing,linkedin.com/company/simatelex-manufactory-company-limited,vienna,simatelex manufactory company limited,vienna,201-500,simatelex.com
austria,"",job-hunting,management consulting,linkedin.com/company/job-hunting,"",job hunting,"",1-10,ppsz.com
austria,1870,ksv1870,financial services,linkedin.com/company/ksv1870,linz,ksv1870,oberosterreich,201-500,ksv.at
austria,2017,2fitnesslovers,"health, wellness and fitness",linkedin.com/company/2fitnesslovers,vienna,2fitnesslovers - online fitness coaching,vienna,1-10,2fitnesslovers.com
austria,2001,vienna-science-and-technology-fund-wwtf,research,linkedin.com/company/vienna-science-and-technology-fund-wwtf,wien,vienna science and technology fund (wwtf),vienna,1-10,wwtf.at
austria,"",lkw-stark,transportation/trucking/railroad,linkedin.com/company/lkw-stark,radfeld,lkw stark,tirol,11-50,lkw-stark.at
austria,2009,steinkellner-china-services,management consulting,linkedin.com/company/steinkellner-china-services,innsbruck,steinkellner china services,tirol,1-10,chinaservices.at
austria,2011,nectar-&-pulse,"leisure, travel & tourism",linkedin.com/company/nectar-&-pulse,"",nectar & pulse,salzburg,1-10,nectarandpulse.com
austria,"",mglass,"glass, ceramics & concrete",linkedin.com/company/mglass,"",mglass,"",11-50,""
austria,1922,hennlich-österreich,mechanical or industrial engineering,linkedin.com/company/hennlich-österreich,suben,hennlich österreich,oberosterreich,51-200,hennlich.at
austria,"",vienna-opera-tickets,"",linkedin.com/company/vienna-opera-tickets,"",vienna opera tickets,"",1-10,vienna-opera-tickets.com
austria,1962,binder-groesswang-attorneys,legal services,linkedin.com/company/binder-groesswang-attorneys,"",binder groesswang attorneys,vienna,51-200,bindergroesswang.at
austria,2019,medaia-gmbh,information technology and services,linkedin.com/company/medaia-gmbh,graz,medaia gmbh,styria,1-10,medaia.at
austria,2005,pfr-rechtsanwaelte-attorneys-at-law,legal services,linkedin.com/company/pfr-rechtsanwaelte-attorneys-at-law,"",pfr rechtsanwaelte / attorneys-at-law,vienna,11-50,pfr.at
austria,"",atikon-marketing-&-werbung,"",linkedin.com/company/atikon-marketing-&-werbung,linz,atikon marketing & werbung,upper austria,1-10,""
austria,"",arlberg-hospiz-hotel,"",linkedin.com/company/arlberg-hospiz-hotel,sankt anton am arlberg,arlberg hospiz hotel,tyrol,51-200,""
austria,"",schmircher-gmbh,"",linkedin.com/company/schmircher-gmbh,kleinriedenthal,schmircher gmbh,niederosterreich,1-10,schmircher.at
austria,2015,eom-solutions,retail,linkedin.com/company/eom-solutions,ollersdorf im burgenland,eom solutions,burgenland,1-10,eom-solutions.at
austria,2019,frameworker.at-gmbh,motion pictures and film,linkedin.com/company/frameworker.at-gmbh,linz,frameworker.at gmbh,oberosterreich,1-10,frameworker.at
austria,2016,stadler-völkel-rechtsanwälte,legal services,linkedin.com/company/stadler-völkel-rechtsanwälte,wien,stadler völkel rechtsanwälte,vienna,11-50,svlaw.at
austria,"",schirtec-ag,"",linkedin.com/company/schirtec-ag,"",schirtec ag,"",11-50,schirtec.eu
austria,2015,solve&-consulting-llc,management consulting,linkedin.com/company/solve&-consulting-llc,wien,"solve& consulting, llc",vienna,1-10,solveand.com
austria,"",fromagerie-bel-maroc-sa,food production,linkedin.com/company/fromagerie-bel-maroc-sa,vienna,fromagerie bel maroc sa,vienna,1-10,""
austria,2014,adyfe,non-profit organization management,linkedin.com/company/adyfe,"",african diaspora youth forum in europe,vienna,11-50,adyfe.eu
austria,1985,automic-software-inc,computer software,linkedin.com/company/automic-software-inc,"",automic software,vienna,501-1000,automic.com
austria,2012,city-real-treuhand-gmbh,real estate,linkedin.com/company/city-real-treuhand-gmbh,innsbruck,city real treuhand gmbh,tyrol,1-10,cityreal.at
austria,2007,parit-tische-kommission-bilanzbuchhaltungsberufe,executive office,linkedin.com/company/parit-tische-kommission-bilanzbuchhaltungsberufe,"",paritätische kommission bilanzbuchhaltungsberufe,"",1-10,bilanzbuchhaltung.or.at
austria,"",vivatis-holding-ag,financial services,linkedin.com/company/vivatis-holding-ag,linz,vivatis holding ag,upper austria,1-10,vivatis.at
austria,2016,beya---inspiring-new-ways-of-working,professional training & coaching,linkedin.com/company/beya---inspiring-new-ways-of-working,"",beya - inspiring new ways of working,vienna,1-10,beya.io
austria,"",webteam,program development,linkedin.com/company/webteam,graz,webteam,styria,1-10,webteam.co.in
austria,2015,voevm,management consulting,linkedin.com/company/voevm,graz,vövm - vereinigung österreichischer vertriebsmanager,steiermark,51-200,voevm.at
austria,"",tirolerhof,hospitality,linkedin.com/company/tirolerhof,warth,tirolerhof,vorarlberg,11-50,""
austria,1920,brp-rotax-gmbh-co-kg,automotive,linkedin.com/company/brp-rotax-gmbh-co-kg,gunskirchen,brp-rotax gmbh & co kg,oberosterreich,1001-5000,rotax.com
austria,"",westfalen-austria-gmbh,"",linkedin.com/company/westfalen-austria-gmbh,"",westfalen austria gmbh,"",11-50,westfalen.at
austria,1998,iphos-it-solutions-gmbh,information technology and services,linkedin.com/company/iphos-it-solutions-gmbh,wien,iphos it solutions gmbh,vienna,11-50,iphos.com
austria,2002,agenturkest,marketing and advertising,linkedin.com/company/agenturkest,linz,"kest – strategie, kommunikation, design",oberosterreich,1-10,kest.net
austria,"",welios-science-center-wels,"leisure, travel & tourism",linkedin.com/company/welios-science-center-wels,wels,welios science center wels,upper austria,11-50,welios.at
austria,"",merchzilla.com-simic-keg,apparel & fashion,linkedin.com/company/merchzilla.com-simic-keg,"",merchzilla.com simic keg,"",11-50,merchzilla.com
austria,"",schloss-ernegg,hospitality,linkedin.com/company/schloss-ernegg,steinakirchen am forst,schloss ernegg,niederosterreich,11-50,schlossernegg.at
austria,"",schwaighofer-consulting,management consulting,linkedin.com/company/schwaighofer-consulting,"",schwaighofer-consulting,"",1-10,schwaighofer-consulting.com
austria,"",liberty-american-insurance-group-inc-,insurance,linkedin.com/company/liberty-american-insurance-group-inc-,vienna,"liberty american insurance group, inc.",vienna,11-50,libertyamerican.com
austria,2002,fh-joanneum-medien-und-kommunikation,higher education,linkedin.com/company/fh-joanneum-medien-und-kommunikation,graz,fh joanneum: medien und kommunikation,steiermark,11-50,""
austria,2019,backbone-one-gmbh,information technology and services,linkedin.com/company/backbone-one-gmbh,vienna,backbone.one gmbh,vienna,1-10,backbone.one
austria,"",pfundlos-glücklich,professional training & coaching,linkedin.com/company/pfundlos-glücklich,"",pfundlos glücklich,"",1-10,pfundlos-gluecklich.at
austria,"",avomed,"",linkedin.com/company/avomed,"",avomed,"",11-50,avomed.at
austria,2015,go-engage-communication,public relations and communications,linkedin.com/company/go-engage-communication,vienna,go engage,vienna,1-10,goengagecommunication.com
austria,"",din-ling,"",linkedin.com/company/din-ling,"",din ling,"",1-10,din-ling.eu
austria,2017,acconsulting,management consulting,linkedin.com/company/acconsulting,vienna,acconsulting,wien,1-10,acconsulting.global
austria,1999,diagnostikum-gruppe,hospital & health care,linkedin.com/company/diagnostikum-gruppe,graz,diagnostikum gruppe,steiermark,51-200,diagnostikum.at
austria,2017,marack-friesach---ihr-premium-jungwagen-partner,automotive,linkedin.com/company/marack-friesach---ihr-premium-jungwagen-partner,friesach,marack friesach - ihr premium-jungwagen partner in österreich,karnten,1-10,marack-friesach.at
austria,"",edelweiss-dentistry-products-gmbh,medical devices,linkedin.com/company/edelweiss-dentistry-products-gmbh,wolfurt,edelweiss dentistry products gmbh,vorarlberg,11-50,edelweiss-dentistry.com
austria,"",skyline-architekten,hospitality,linkedin.com/company/skyline-architekten,"",skyline-architekten,"",11-50,skyline-architekten.at
austria,"",i5-communications,semiconductors,linkedin.com/company/i5-communications,vienna,i5 communications,vienna,1-10,i5comm.com
austria,"",weingut-scheiblhofer,restaurants,linkedin.com/company/weingut-scheiblhofer,andau,weingut scheiblhofer,burgenland,1-10,scheiblhofer.at
austria,"",kwu-gmbh,mechanical or industrial engineering,linkedin.com/company/kwu-gmbh,wien,kwu gmbh,vienna,51-200,kwu.at
austria,2009,isiqiri-interface-technologies,computer hardware,linkedin.com/company/isiqiri-interface-technologies,hagenberg im muhlkreis,isiqiri interface technologies,upper austria,1-10,isiqiri.com
austria,"",blacksky-gmbh,wholesale,linkedin.com/company/blacksky-gmbh,steindorf,blacksky gmbh,steiermark,1-10,blacksky.at
austria,1965,wearefzb,wholesale,linkedin.com/company/wearefzb,guntramsdorf,fahrzeugbedarf kotz & co kg,niederosterreich,51-200,fahrzeugbedarf.at
austria,"",therme-laa,hospitality,linkedin.com/company/therme-laa,laa an der thaya,therme laa,lower austria,11-50,""
austria,2013,vienna-water-monitoring,mechanical or industrial engineering,linkedin.com/company/vienna-water-monitoring,zwerndorf,vwm gmbh - vienna water monitoring solutions,niederosterreich,1-10,v-w-m.at
austria,"",ihs-consulting,information technology and services,linkedin.com/company/ihs-consulting,guntramsdorf,ihs consulting,lower austria,1-10,certex.at
austria,"",bio-imkerei-bienenlieb,farming,linkedin.com/company/bio-imkerei-bienenlieb,"",bio imkerei bienenlieb,salzburg,1-10,bienenlieb.at
austria,1999,umweltkonsulenten,environmental services,linkedin.com/company/umweltkonsulenten,glan,die umweltkonsulenten,karnten,11-50,umweltkonsulenten.at
austria,2006,gts-automation-gmbh,industrial automation,linkedin.com/company/gts-automation-gmbh,"",gts automation gmbh,vienna,11-50,gts-automation.com
austria,2006,ro-ra-aviation-systems-gmbh,aviation & aerospace,linkedin.com/company/ro-ra-aviation-systems-gmbh,attersee,ro-ra aviation systems gmbh,upper austria,51-200,ro-ra.com
austria,1983,-ar-regionalberatung-gmbh,management consulting,linkedin.com/company/-ar-regionalberatung-gmbh,"",öar regionalberatung gmbh,"",1-10,oear.at
austria,2017,.nunc,entertainment,linkedin.com/company/.nunc,wien,.nunc,vienna,1-10,nunc.at
austria,2015,myproduct-gmbh,internet,linkedin.com/company/myproduct-gmbh,amstetten,myproduct gmbh,niederosterreich,1-10,myproduct.at
austria,1896,schoeller-gmbh-&-cokg,textiles,linkedin.com/company/schoeller-gmbh-&-cokg,hard,schoeller gmbh & cokg,vorarlberg,201-500,schoeller-wool.com
austria,"",flying-fitness-coaches,"",linkedin.com/company/flying-fitness-coaches,"",flying fitness coaches,"",1-10,flyingfitnesscoaches.at
austria,"",gall-pharma-gmbh,"",linkedin.com/company/gall-pharma-gmbh,"",gall-pharma gmbh,"",1-10,gall.co.at
austria,2015,wir-sind-plural,graphic design,linkedin.com/company/wir-sind-plural,innsbruck,wir sind plural,tirol,1-10,plural.at
austria,1960,ludwig-boltzmann-gesellschaft,research,linkedin.com/company/ludwig-boltzmann-gesellschaft,wien,ludwig boltzmann gesellschaft,vienna,501-1000,lbg.ac.at
austria,2004,zelos-gmbh,information technology and services,linkedin.com/company/zelos-gmbh,dornbirn,zelos gmbh,vorarlberg,11-50,zelos.eu
austria,2012,ninefeb-technical-documentation-gmbh,management consulting,linkedin.com/company/ninefeb-technical-documentation-gmbh,"",ninefeb technical documentation gmbh,vienna,11-50,ninefeb.com
austria,2020,sanusx,"health, wellness and fitness",linkedin.com/company/sanusx,"",sanusx,vienna,11-50,sanusx.com
austria,2012,via-forum-for-sustainable-visions-in-action,non-profit organization management,linkedin.com/company/via-forum-for-sustainable-visions-in-action,vienna,via forum for sustainable visions in action,vienna,1-10,forum-via.org
austria,"",vakantiehuizen-in-oostenrijk,recreational facilities and services,linkedin.com/company/vakantiehuizen-in-oostenrijk,"",vakantiehuizen in oostenrijk,"",1-10,gasteinertal.nl
austria,2004,intellexi-lehre-neu-denken,professional training & coaching,linkedin.com/company/intellexi-lehre-neu-denken,graz,intellexi gmbh,steiermark,11-50,intellexi.at
austria,"",itworks-personalservice-gmbh,staffing and recruiting,linkedin.com/company/itworks-personalservice-gmbh,wien,itworks personalservice gmbh,vienna,11-50,itworks.co.at
austria,"",bäcker-steiner-gmbh,"",linkedin.com/company/bäcker-steiner-gmbh,dietach,bäcker steiner gmbh,oberosterreich,1-10,baecker-steiner.at
austria,"",mechsat-e-u-,information technology and services,linkedin.com/company/mechsat-e-u-,"",mechsat e.u.,"",1-10,mechsat.com
austria,1995,kalle-repromedia-handels-gesmbh,printing,linkedin.com/company/kalle-repromedia-handels-gesmbh,"",kalle repromedia,"",11-50,kalle-repromedia.at
austria,2003,ssb-sanierung-straße-brücke-bau-gmbh,construction,linkedin.com/company/ssb-sanierung-straße-brücke-bau-gmbh,drau,ssb sanierung straße brücke bau gmbh,karnten,51-200,ssb.co.at
austria,1999,design-composite-gmbh,design,linkedin.com/company/design-composite-gmbh,niedernsill,design composite gmbh,salzburg,11-50,design-composite.com
austria,1973,j-w-cappelen-gmbh,paper & forest products,linkedin.com/company/j-w-cappelen-gmbh,vienna,j.w. cappelen gmbh,vienna,51-200,jwc-group.com
austria,1955,autohaus-josef-mann,automotive,linkedin.com/company/autohaus-josef-mann,pressbaum,autohaus josef mann,lower austria,11-50,""
austria,"",olina-k-chen-dobler---prugger-gmbh,retail,linkedin.com/company/olina-k-chen-dobler---prugger-gmbh,"",olina küchen dobler - prugger gmbh,vorarlberg,11-50,olina.com
austria,"",amiko-bau-consult,"",linkedin.com/company/amiko-bau-consult,"",amiko bau consult,"",1-10,amiko.at
austria,1996,adenbeckgmbh,architecture & planning,linkedin.com/company/adenbeckgmbh,wels,adenbeck gmbh,upper austria,51-200,adenbeck.at
austria,"",tekaef-italia,computer hardware,linkedin.com/company/tekaef-italia,"",tekaef italia,"",1-10,tekaef.it
austria,2017,logsta-logistics,logistics and supply chain,linkedin.com/company/logsta-logistics,leobersdorf,logsta,niederosterreich,11-50,logsta.rocks
austria,2013,freelance-consulting_2,management consulting,linkedin.com/company/freelance-consulting_2,"",freelance consulting,vienna,51-200,digitecon.com
austria,2008,mohaupt-high-voltage-gmbh,electrical/electronic manufacturing,linkedin.com/company/mohaupt-high-voltage-gmbh,mieders,mohaupt high voltage gmbh,tyrol,1-10,mohaupt-hv.com
austria,1989,mbi-broker-first-investment-expert-s-r-o-,financial services,linkedin.com/company/mbi-broker-first-investment-expert-s-r-o-,wien,mbi institut für marketingberatung international,vienna,51-200,mbi.eu
austria,2012,mytalentgroup,staffing and recruiting,linkedin.com/company/mytalentgroup,"",talent group gmbh,vienna,1-10,talentgroup.at
austria,2007,bagjump-action-sports,sports,linkedin.com/company/bagjump-action-sports,tirol,bagjump action sports,styria,51-200,bagjump.com
austria,2019,anwaltskanzlei-wolff,law practice,linkedin.com/company/anwaltskanzlei-wolff,bregenz,anwaltskanzlei wolff,vorarlberg,1-10,anwaltskanzlei-wolff.at
austria,"",planbox-interior-design-gmbh,architecture & planning,linkedin.com/company/planbox-interior-design-gmbh,grieskirchen,planbox interior design gmbh,oberosterreich,1-10,planbox.co.at
austria,2005,-j-it-it-dienstleistungs-gesmbh,information technology and services,linkedin.com/company/-j-it-it-dienstleistungs-gesmbh,"",""j-it" it-dienstleistungs gesmbh","",11-50,j-it.at
austria,"",smartmodelingsolutions,oil & energy,linkedin.com/company/smartmodelingsolutions,"",smart modeling solutions,vienna,1-10,smartmodelingsolutions.com
austria,1987,salzburgerland-tourismus-gmbh,"leisure, travel & tourism",linkedin.com/company/salzburgerland-tourismus-gmbh,hallwang,salzburgerland tourismus gmbh,salzburg,11-50,salzburgerland.com
austria,"",rapatz-vermessung-zt-gmbh,"",linkedin.com/company/rapatz-vermessung-zt-gmbh,"",rapatz vermessung zt gmbh,"",1-10,rapatz-zt.at
austria,"",traktionssysteme-austria-gmbh,transportation/trucking/railroad,linkedin.com/company/traktionssysteme-austria-gmbh,niederösterreich,traktionssysteme austria gmbh,lower austria,1-10,""
austria,1970,htl-braunau,higher education,linkedin.com/company/htl-braunau,braunau am inn,htl braunau,upper austria,51-200,htl-braunau.at
austria,2012,constantia-new-business,venture capital & private equity,linkedin.com/company/constantia-new-business,"",constantia new business,vienna,1-10,ciag-cnb.at
austria,2003,comvexx-software-entwicklungs-gmbh,computer software,linkedin.com/company/comvexx-software-entwicklungs-gmbh,wien,comvexx software-entwicklungs gmbh,vienna,1-10,comvexx.com
austria,"",maks-marketing-und-kommunikations-gmbh,"",linkedin.com/company/maks-marketing-und-kommunikations-gmbh,"",maks marketing und kommunikations gmbh,"",1-10,maks.cc
austria,1991,wedcotoolcompetence,mechanical or industrial engineering,linkedin.com/company/wedcotoolcompetence,wien,wedco handelsgesellschaft m.b.h.,vienna,51-200,""
austria,1962,würth-handelsges-m-b-h,wholesale,linkedin.com/company/würth-handelsges-m-b-h,boheimkirchen,würth handelsges.m.b.h.,niederosterreich,501-1000,wuerth.at
austria,"",loosbar,hospitality,linkedin.com/company/loosbar,wien,loosbar,vienna,1-10,loosbar.at
austria,2013,maker-austria-selbermacherei,professional training & coaching,linkedin.com/company/maker-austria-selbermacherei,"",maker austria / selbermacherei,"",1-10,selbermacherei.at
austria,"",mam-mario-mauroner-contemporary-art,fine art,linkedin.com/company/mam-mario-mauroner-contemporary-art,"",mam mario mauroner contemporary art,salzburg,1-10,galerie-mam.com
austria,1914,grazairport,airlines/aviation,linkedin.com/company/grazairport,"",flughafen graz betriebs gmbh | graz airport,styria,51-200,flughafen-graz.at
austria,1993,human-dynamics---public-sector-consulting,government relations,linkedin.com/company/human-dynamics---public-sector-consulting,"",human dynamics - public sector consulting,vienna,51-200,humandynamics.org
austria,"",deloitte-sterreich,management consulting,linkedin.com/company/deloitte-sterreich,wien,deloitte österreich,vienna,201-500,""
austria,"",escosa-estructuras-de-concreto-s-a-,construction,linkedin.com/company/escosa-estructuras-de-concreto-s-a-,vienna,escosa estructuras de concreto s.a.,vienna,11-50,escosa-construccion.com
austria,"",ace-it,information technology and services,linkedin.com/company/ace-it,"",ace it,"",11-50,ace.at
austria,"",schloss-hofen,management consulting,linkedin.com/company/schloss-hofen,"",schloss hofen,"",11-50,schlosshofen.at
austria,1995,finum-private-finance-ag,financial services,linkedin.com/company/finum-private-finance-ag,vienna,finum.private finance ag,vienna,51-200,finum.de
austria,1846,pichlmedaillen,"",linkedin.com/company/pichlmedaillen,inzing,pichl medaillen gmbh,tirol,1-10,pichl-medaillen.com
austria,2011,youngceaser,marketing and advertising,linkedin.com/company/youngceaser,vienna,youngceaser,wien,11-50,youngceaser.com
austria,2011,ünique-skis,sporting goods,linkedin.com/company/ünique-skis,"",ünique skis,vienna,1-10,unique-skis.com
austria,2007,industrial-motion-art,motion pictures and film,linkedin.com/company/industrial-motion-art,wien,industrial motion art,vienna,11-50,industrial-motion-art.com
