country,founded,id,industry,linkedin_url,locality,name,region,size,website
chile,"",comercializadora-distribuidora-y-servicios-comdiser-s-a,investment banking,linkedin.com/company/comercializadora-distribuidora-y-servicios-comdiser-s-a,temuco,comercializadora distribuidora y servicios comdiser s a,araucania,1-10,""
chile,1992,servicios-portuarios-reloncavi-ltda.,logistics and supply chain,linkedin.com/company/servicios-portuarios-reloncavi-ltda.,puerto montt,servicios portuarios reloncavi ltda.,los lagos region,501-1000,reloncavi.cl
chile,"",restorantes-vanessa-ayllen-asociados-ltda,internet,linkedin.com/company/restorantes-vanessa-ayllen-asociados-ltda,viña del mar,restorantes vanessa ayllen asociados ltda,valparaiso,11-50,""
chile,"",construcciones-teknos-limitada,construction,linkedin.com/company/construcciones-teknos-limitada,"",construcciones teknos limitada,"",1-10,""
chile,2017,zion-up,marketing and advertising,linkedin.com/company/zion-up,viña del mar,zion up,valparaiso,1-10,zionup.cl
chile,2007,la-familia,marketing and advertising,linkedin.com/company/la-familia,santiago,la familia,santiago metropolitan,51-200,la-familia.cl
chile,2020,kellun-app,information technology and services,linkedin.com/company/kellun-app,las condes,kellun app,region metropolitana,1-10,kellun.org
chile,"",talynet-net,internet,linkedin.com/company/talynet-net,santiago,talynet.net,santiago metropolitan,1-10,talynet.net
chile,"",producciones-internacionales-sociedad-anonima,music,linkedin.com/company/producciones-internacionales-sociedad-anonima,santiago,producciones internacionales sociedad anonima,santiago metropolitan,1-10,""
chile,"",servicios-de-fumigacion-sin-plaga-ltda,veterinary,linkedin.com/company/servicios-de-fumigacion-sin-plaga-ltda,la cisterna,servicios de fumigacion sin plaga ltda,santiago metropolitan,1-10,fumigacionchile.cl
chile,2014,dell´oro-abogados,law practice,linkedin.com/company/dell´oro-abogados,san antonio,dell´oro abogados,valparaiso,11-50,delloroabogados.cl
chile,"",grupo-trust-chile,"",linkedin.com/company/grupo-trust-chile,concepcion,grupo trust chile,bio-bio,1-10,""
chile,"",alcaman-ltda.,machinery,linkedin.com/company/alcaman-ltda.,santiago,alcaman ltda.,santiago metropolitan,11-50,alcaman.cl
chile,2012,cusicanqui-films,motion pictures and film,linkedin.com/company/cusicanqui-films,"",cusicanqui films,"",1-10,cusicanquifilms.cl
chile,2017,ib-consultora-legal,law practice,linkedin.com/company/ib-consultora-legal,las condes,ib consultora legal,region metropolitana,1-10,ibconsultoralegal.cl
chile,2015,bullit,internet,linkedin.com/company/bullit,las condes,bullit,region metropolitana,11-50,bullit.me
chile,2013,implementa-ingeniería-y-construcciones-spa,construction,linkedin.com/company/implementa-ingeniería-y-construcciones-spa,"",implementa ingeniería y construcciones spa,"",11-50,implementaspa.cl
chile,"",soc-o-g-m-mecanica-integral-sociedad-anonima,machinery,linkedin.com/company/soc-o-g-m-mecanica-integral-sociedad-anonima,san bernardo,soc o g m mecanica integral sociedad anonima,santiago metropolitan,1-10,""
chile,2010,recmobil,entertainment,linkedin.com/company/recmobil,"",recmobil,"",1-10,recmobil.cl
chile,2018,cuenca-sostenible,civic & social organization,linkedin.com/company/cuenca-sostenible,los lagos,cuenca sostenible,los ríos region,1-10,""
chile,2013,trustvp,management consulting,linkedin.com/company/trustvp,santiago,trust value partners (trustvp),santiago metropolitan,1-10,trustvp.com
chile,"",inmobiliaria-e-inversiones-del-carmen-spa,real estate,linkedin.com/company/inmobiliaria-e-inversiones-del-carmen-spa,santiago,inmobiliaria e inversiones del carmen spa,santiago metropolitan,1-10,inversionespasca.cl
chile,"",cosevel-ltda-,"",linkedin.com/company/cosevel-ltda-,"",cosevel ltda.,"",1-10,cosevel.cl
chile,2015,servicios-profesionales-y-asesorías-en-materias-empresariales-y-gestión-ltda-,management consulting,linkedin.com/company/servicios-profesionales-y-asesorías-en-materias-empresariales-y-gestión-ltda-,"",intrategia ltda./ servicios profesionales y asesorías en materias empresariales y gestión ltda.,antofagasta,1-10,intrategia.cl
chile,"",ingenieria-y-servicios-electricos-integrales-y-compania-limitada,mining & metals,linkedin.com/company/ingenieria-y-servicios-electricos-integrales-y-compania-limitada,santiago,ingenieria y servicios electricos integrales y compania limitada,santiago metropolitan,1-10,""
chile,"",spacewise-contenedores,construction,linkedin.com/company/spacewise-contenedores,santiago,spacewise contenedores,santiago metropolitan,201-500,spacewise.cl
chile,"",importadora-leo-loa-chile-limitada,consumer goods,linkedin.com/company/importadora-leo-loa-chile-limitada,santiago,importadora leo loa chile limitada,santiago metropolitan,1-10,leoloa.cl
chile,2006,vitivinicolaantawaraspa,wine and spirits,linkedin.com/company/vitivinicolaantawaraspa,santiago,vitivinícola antawara spa,santiago metropolitan,11-50,a-wines.com
chile,1987,bombas-holzapfel-spa,mechanical or industrial engineering,linkedin.com/company/bombas-holzapfel-spa,santiago,bombas holzapfel spa,santiago metropolitan,11-50,holzapfel.cl
chile,2010,lacti-consultores-ti,information technology and services,linkedin.com/company/lacti-consultores-ti,"",lacti consultores ti,"",11-50,lacticonsultores.cl
chile,2015,land-capital-investments,real estate,linkedin.com/company/land-capital-investments,"",land capital investments,"",11-50,landcapital.cl
chile,2011,3-tintas-group,marketing and advertising,linkedin.com/company/3-tintas-group,santiago,3 tintas group,santiago metropolitan,1-10,3tintas.cl
chile,"",motobox-chile,"",linkedin.com/company/motobox-chile,"",motobox chile,"",11-50,motoboxchile.cl
chile,2014,control-ing,information technology and services,linkedin.com/company/control-ing,"",controling chile,"",1-10,control-ing.cl
chile,2017,lat45-spa,renewables & environment,linkedin.com/company/lat45-spa,"",lat45 spa,aysen,1-10,lat45.cl
chile,2016,spin-pitch,education management,linkedin.com/company/spin-pitch,santiago,spinpitch,santiago metropolitan,1-10,spinpitch.cl
chile,2012,rojas-quevedo-y-asociado,law practice,linkedin.com/company/rojas-quevedo-y-asociado,"",rojas quevedo y asociado,atacama,11-50,rqa.cl
chile,"",aurockra,broadcast media,linkedin.com/company/aurockra,santiago,aurockra,santiago metropolitan,1-10,aurockra.com
chile,2013,ebell,internet,linkedin.com/company/ebell,santiago,mibell,santiago metropolitan,1-10,mibell.cl
chile,1993,cargonauts,package/freight delivery,linkedin.com/company/cargonauts,santiago,cargonauts,santiago metropolitan,11-50,cargonauts.cl
chile,"",bim-zanartu,civil engineering,linkedin.com/company/bim-zanartu,nunoa,bim zañartu,santiago metropolitan,51-200,""
chile,1997,natura-consulting,renewables & environment,linkedin.com/company/natura-consulting,providencia,natura medio ambiente,santiago metropolitan,201-500,naturaest.com
chile,2013,remotemedia,telecommunications,linkedin.com/company/remotemedia,santiago,remote media,santiago metropolitan,11-50,remotemedia.cl
chile,2014,coaching-and-mentoring,human resources,linkedin.com/company/coaching-and-mentoring,santiago,coaching and mentoring,santiago metropolitan,11-50,desarrollopersonalcam.cl
chile,"",inser-impresores-ltda,printing,linkedin.com/company/inser-impresores-ltda,santiago,inser impresores ltda,santiago metropolitan,10001+,inser-impresores.cl
chile,2013,include-informatica-spa,information technology and services,linkedin.com/company/include-informatica-spa,"",include informática spa,"",1-10,include.cl
chile,2016,delmoz-spa,mechanical or industrial engineering,linkedin.com/company/delmoz-spa,santiago,delmoz spa,santiago metropolitan,1-10,delmoz.cl
chile,1998,v-&-a-consultores,management consulting,linkedin.com/company/v-&-a-consultores,santiago,v & a consultores,santiago metropolitan,1-10,vya.cl
chile,2020,shipton-foundation,fund-raising,linkedin.com/company/shipton-foundation,santiago,shipton foundation,santiago metropolitan,201-500,shiptonfoundation.com
chile,"",soc-comercializadora-mi-valle-limitada,farming,linkedin.com/company/soc-comercializadora-mi-valle-limitada,quillota,soc comercializadora mi valle limitada,valparaiso,1-10,""
chile,2016,ludox-infancia-en-museos,primary/secondary education,linkedin.com/company/ludox-infancia-en-museos,santiago,"ludox, infancia en museos",santiago metropolitan,1-10,""
chile,"",impresos-socias-ltda,"",linkedin.com/company/impresos-socias-ltda,"",impresos socias ltda,"",11-50,impresossocias.cl
chile,2020,fstlogistics,logistics and supply chain,linkedin.com/company/fstlogistics,santiago,fst logistics,santiago metropolitan,11-50,fstlogistics.cl
chile,2011,constructora-w-limitada,construction,linkedin.com/company/constructora-w-limitada,viña del mar,grupo w ltda,valparaiso,11-50,grupow.cl
chile,2004,sushiok,restaurants,linkedin.com/company/sushiok,santiago,sushi ok,santiago metropolitan,11-50,sushiok.cl
chile,"",eléctrica-cipresillos,"",linkedin.com/company/eléctrica-cipresillos,santiago,eléctrica cipresillos,santiago metropolitan,1-10,cipresillos.cl
chile,2015,mondän-studio,building materials,linkedin.com/company/mondän-studio,santiago,mondän studio,santiago metropolitan,1-10,mondanstudio.com
chile,2016,crido,information technology and services,linkedin.com/company/crido,"",crido santiago,"",11-50,crido.cl
chile,2018,tu-media-naranja,management consulting,linkedin.com/company/tu-media-naranja,santiago,tu media naranja,santiago metropolitan,1-10,tumedianaranja.cl
chile,1989,geologica-servicios,mining & metals,linkedin.com/company/geologica-servicios,santiago,geologica servicios spa-ltda,santiago metropolitan,201-500,geologica.cl
chile,"",diseño-y-publicidad,"",linkedin.com/company/diseño-y-publicidad,"",diseño y publicidad,"",51-200,disenoypublicidad.cl
chile,1997,novatecnia,information technology and services,linkedin.com/company/novatecnia,"",novatecnia,"",1-10,""
chile,2014,oncovidachile,"health, wellness and fitness",linkedin.com/company/oncovidachile,santiago,oncovida,santiago metropolitan,51-200,oncovidachile.cl
chile,1989,mekano,information technology and services,linkedin.com/company/mekano,santiago,mekano s.a. | consultoría ti,santiago metropolitan,51-200,mekano.com
chile,2012,creasur-producciones,events services,linkedin.com/company/creasur-producciones,puerto montt,creasur producciones,los lagos,1-10,creasurproducciones.cl
chile,2003,loyal-global-solutions,management consulting,linkedin.com/company/loyal-global-solutions,"",loyal global solutions,"",11-50,loyal.cl
chile,"",fast-factoring-s-a,investment banking,linkedin.com/company/fast-factoring-s-a,las condes,fast factoring s a,santiago metropolitan,1-10,fastfactoringsa.cl
chile,"",jpv-&-asociados-chile,insurance,linkedin.com/company/jpv-&-asociados-chile,"",jpv & asociados-chile,"",51-200,jpv-asociados.cl
chile,2015,grupo-seven-plus,education management,linkedin.com/company/grupo-seven-plus,"",grupo seven plus,"",11-50,sevenplus.cl
chile,"",cecinas-llanquihue,food & beverages,linkedin.com/company/cecinas-llanquihue,llanquihue,cecinas llanquihue,los lagos,501-1000,cecinasllanquihue.cl
chile,"",sice-agencia-chile-s-a-,telecommunications,linkedin.com/company/sice-agencia-chile-s-a-,santiago,sice agencia chile s.a.,santiago metropolitan,11-50,dyctel.com
chile,"",gestion-informatica-limitada,information technology and services,linkedin.com/company/gestion-informatica-limitada,valdivia,gestion informatica limitada,los ríos region,11-50,""
chile,2009,visionlabs-sa,information technology and services,linkedin.com/company/visionlabs-sa,maule,visionlabs s.a.,maule,1-10,visionlabs.cl
chile,"",muebles-court-ltda,construction,linkedin.com/company/muebles-court-ltda,santiago,muebles court ltda,santiago metropolitan,1-10,mueblescourt.cl
chile,2010,inventies,telecommunications,linkedin.com/company/inventies,las condes,inventies,santiago metropolitan,1-10,inventies.com
chile,2014,marca_personal,marketing and advertising,linkedin.com/company/marca_personal,santiago,marca_personal,santiago metropolitan,1-10,marca-personal.cl
chile,"",d33,management consulting,linkedin.com/company/d33,santiago,"",santiago metropolitan,1-10,d33.cl
chile,"",inmobiliaria-brown-norte-s-a,real estate,linkedin.com/company/inmobiliaria-brown-norte-s-a,santiago,inmobiliaria brown norte s a,santiago metropolitan,11-50,""
chile,"",comercializadora-fitting-y-mangueras-industriales-ltda,mining & metals,linkedin.com/company/comercializadora-fitting-y-mangueras-industriales-ltda,antofagasta,comercializadora fitting y mangueras industriales ltda,antofagasta,1-10,""
chile,2010,risk-consulting-group,insurance,linkedin.com/company/risk-consulting-group,viña del mar,risk consulting sa,valparaiso,1-10,riskconsultinggroup.com
chile,2018,bidea-factory,information technology and services,linkedin.com/company/bidea-factory,santiago,bidea factory,santiago metropolitan,11-50,bideafactory.com
chile,"",nuevamente,venture capital & private equity,linkedin.com/company/nuevamente,"",nuevamente,"",11-50,nuevamente.org
chile,2015,cforemoto,financial services,linkedin.com/company/cforemoto,"",cforemoto,"",11-50,cforemoto.com
chile,2015,g8-capacitaciones,professional training & coaching,linkedin.com/company/g8-capacitaciones,nunoa,g8 capacitaciones,santiago metropolitan,1-10,llineavertical.com
chile,2016,agencia-wave,marketing and advertising,linkedin.com/company/agencia-wave,santiago,agencia wave,santiago metropolitan,1-10,agenciawave.cl
chile,"",centro-médico-familiar-ser-salud-ser-ltda,"health, wellness and fitness",linkedin.com/company/centro-médico-familiar-ser-salud-ser-ltda,valparaíso,cesfam ser,valparaiso,11-50,saludser.cl
chile,"",ingenieria-y-maestranza-el-salar-s-a-,mining & metals,linkedin.com/company/ingenieria-y-maestranza-el-salar-s-a-,antofagasta,ingenieria y maestranza el salar s.a.,antofagasta,1-10,maestranzaelsalar.cl
chile,2016,nutrimove-chile,"health, wellness and fitness",linkedin.com/company/nutrimove-chile,santiago,nutrimove chile,santiago metropolitan,1-10,nutrimove.cl
chile,"",neo-higiene-s-a,building materials,linkedin.com/company/neo-higiene-s-a,viña del mar,neo-higiene s a,valparaiso,1-10,neohigiene.cl
chile,2013,prime-services-spa,information technology and services,linkedin.com/company/prime-services-spa,santiago,prime services spa,santiago metropolitan,1-10,primeservicesit.com
chile,"",contador-frutos-s-a,farming,linkedin.com/company/contador-frutos-s-a,camarico,contador frutos s a,coquimbo,11-50,contadorfrutos.cl
chile,1992,norte-verde,real estate,linkedin.com/company/norte-verde,santiago,inmobiliaria norte verde,santiago metropolitan,51-200,norte-verde.cl
chile,2017,integra-comunidades-limitada,consumer services,linkedin.com/company/integra-comunidades-limitada,viña del mar,integra comunidades limitada,valparaiso,1-10,integracomunidades.cl
chile,"",grupo-gesfor_2,information technology and services,linkedin.com/company/grupo-gesfor_2,"",grupo gesfor,"",51-200,gesfor.cl
chile,2010,constructora-principal-ltda,construction,linkedin.com/company/constructora-principal-ltda,las condes,constructora principal ltda,region metropolitana,1-10,cprincipal.com
chile,"",hr-soluciones,human resources,linkedin.com/company/hr-soluciones,santiago,hr soluciones,santiago metropolitan,11-50,""
chile,"",plástico-polisur,plastics,linkedin.com/company/plástico-polisur,valdivia,plástico polisur,los ríos region,11-50,polisur.cl
chile,"",lbn-consulting,mechanical or industrial engineering,linkedin.com/company/lbn-consulting,"",lbn consulting,"",1-10,lbnconsulting.com
chile,"",hdc-latinamerica,"leisure, travel & tourism",linkedin.com/company/hdc-latinamerica,los lagos,hdc latinamerica,los ríos region,1-10,hdc-latinamerica.com
chile,2015,ironwill-chile,management consulting,linkedin.com/company/ironwill-chile,santiago,ironwill chile,santiago metropolitan,1-10,ironwill.cl
chile,2010,almarc-chile-ltda,shipbuilding,linkedin.com/company/almarc-chile-ltda,coquimbo,almarc chile ltda,coquimbo region,1-10,almarc-chile.cl
chile,"",palais-gourmet,food & beverages,linkedin.com/company/palais-gourmet,"",palais gourmet,"",11-50,palaisgourmet.cl
chile,2013,bpex-consultora,management consulting,linkedin.com/company/bpex-consultora,"",bpex business process excellence,"",11-50,bpex.cl
chile,1991,bbl-arquitectos-ltda,architecture & planning,linkedin.com/company/bbl-arquitectos-ltda,"",bbl arquitectos ltda,"",1-10,bblarquitectos.cl
chile,"",aerodomo,construction,linkedin.com/company/aerodomo,valparaíso,aerodomo,valparaiso,11-50,aerodomo.com
chile,1998,maestranza-industrial-boge,mechanical or industrial engineering,linkedin.com/company/maestranza-industrial-boge,coronel,maestranza industrial boge,bio-bio,51-200,bogchile.cl
chile,2011,grupo-de-empresas-andes,human resources,linkedin.com/company/grupo-de-empresas-andes,"",grupo de empresas andes,"",51-200,smpandes.cl
chile,"",asimtec-calefacción-central-y-aire-acondicionado,construction,linkedin.com/company/asimtec-calefacción-central-y-aire-acondicionado,chillan,asimtec calefacción central y aire acondicionado,bio-bio,1-10,asimtec.cl
chile,2010,bioimplantes-s.a.,medical devices,linkedin.com/company/bioimplantes-s.a.,"",bioimplantes s.a.,"",11-50,bioimplantes.cl
chile,"",efficiency-energy-and-water-spa,civil engineering,linkedin.com/company/efficiency-energy-and-water-spa,santiago,"efficiency, energy and water spa",santiago metropolitan,1-10,efficiency.cl
chile,"",la-tercera-s-a,newspapers,linkedin.com/company/la-tercera-s-a,"",la tercera s a,"",11-50,latercera.cl
chile,"",tecnica-hansa-ltda,mechanical or industrial engineering,linkedin.com/company/tecnica-hansa-ltda,santiago,tecnica hansa ltda,santiago metropolitan,1-10,tecnicahansa.cl
chile,2000,tecnologisticaltda,construction,linkedin.com/company/tecnologisticaltda,santiago,tecno logistica ltda.,santiago metropolitan,11-50,tecnologistica.com
chile,1993,fastpack,mining & metals,linkedin.com/company/fastpack,santiago,fastpack s.a.,santiago metropolitan,201-500,fastpack.cl
chile,2010,dcm-producciones,motion pictures and film,linkedin.com/company/dcm-producciones,"",dcm producciones spa,"",1-10,dcmproducciones.cl
chile,"",importadora-oriente-limitada,computer software,linkedin.com/company/importadora-oriente-limitada,santiago,importadora oriente limitada,santiago metropolitan,1-10,""
chile,1971,departamento-de-ingeniería-mecánica-usach,higher education,linkedin.com/company/departamento-de-ingeniería-mecánica-usach,santiago,departamento de ingeniería mecánica usach,santiago metropolitan,51-200,""
chile,2007,nexo-it-consultores,information technology and services,linkedin.com/company/nexo-it-consultores,santiago,nexo-it consultores,santiago metropolitan,11-50,nexo-it.cl
chile,"",bernardo-a-osses-porta-construcciones-e-i-r-l-,construction,linkedin.com/company/bernardo-a-osses-porta-construcciones-e-i-r-l-,"",bernardo a. osses porta construcciones e.i.r.l.,"",11-50,ossesportaconstrucciones.cl
chile,1979,agroriegotattersall,farming,linkedin.com/company/agroriegotattersall,talagante,agroriego tattersall s.a.,santiago metropolitan,11-50,""
chile,1986,dellafiori-abogados-spa,legal services,linkedin.com/company/dellafiori-abogados-spa,santiago,dellafiori abogados spa,santiago metropolitan,11-50,dellafiori.cl
chile,"",corpseguros-s.a,insurance,linkedin.com/company/corpseguros-s.a,"",corpseguros s.a,"",201-500,corpseguros.cl
chile,"",inmobiliaria-e-inversiones-pie-de-monte-limitada,commercial real estate,linkedin.com/company/inmobiliaria-e-inversiones-pie-de-monte-limitada,isla de maipo,inmobiliaria e inversiones pie de monte limitada,santiago metropolitan,1-10,""
chile,"",maestranza-y-construcciones-del-rio-limitada,chemicals,linkedin.com/company/maestranza-y-construcciones-del-rio-limitada,santiago,maestranza y construcciones del rio limitada,santiago metropolitan,1-10,""
chile,2014,hmycia,financial services,linkedin.com/company/hmycia,santiago,hmycía,santiago metropolitan,51-200,mattheiycia.cl
chile,"",inversiones-cerro-la-campana-limitada,plastics,linkedin.com/company/inversiones-cerro-la-campana-limitada,santiago,inversiones cerro la campana limitada,santiago metropolitan,1-10,squidfoods.com
chile,"",vina-santa-cruz-s-a,museums and institutions,linkedin.com/company/vina-santa-cruz-s-a,"",vina santa cruz s a,"",1-10,""
chile,2000,ax---amiformacion-ltda-,education management,linkedin.com/company/ax---amiformacion-ltda-,"",ax - amiformacion ltda.,"",51-200,amiformacion.cl
chile,1979,droguería-ñuñoa,logistics and supply chain,linkedin.com/company/droguería-ñuñoa,santiago,droguería ñuñoa,santiago metropolitan,201-500,droguerianunoa.cl
chile,2002,megabrightled,import and export,linkedin.com/company/megabrightled,renca,megabright,region metropolitana,51-200,megabright.cl
chile,"",comercializadora-de-productos-quimicos-cromaquim-ltda,chemicals,linkedin.com/company/comercializadora-de-productos-quimicos-cromaquim-ltda,santiago,comercializadora de productos quimicos cromaquim ltda,santiago metropolitan,11-50,""
chile,"",inmobiliaria-e-inversiones-fenix-s-a-,warehousing,linkedin.com/company/inmobiliaria-e-inversiones-fenix-s-a-,"",inmobiliaria e inversiones fenix s.a.,santiago metropolitan,1-10,bodegasfenix.com
chile,2016,reliqua-spa,renewables & environment,linkedin.com/company/reliqua-spa,santiago,reliqua spa,santiago metropolitan,1-10,reliqua.cl
chile,2015,clínica-las-mercedes,medical practice,linkedin.com/company/clínica-las-mercedes,melipilla,clínica las mercedes,santiago metropolitan,1-10,clinicalasmercedes.cl
chile,"",comercial-techno-plus-limitada,mechanical or industrial engineering,linkedin.com/company/comercial-techno-plus-limitada,santiago,comercial techno plus limitada,santiago metropolitan,11-50,technoplus.cl
chile,2012,abenis-consultores,information technology and services,linkedin.com/company/abenis-consultores,santiago,abenis consultores,santiago metropolitan,51-200,abenis.cl
chile,2012,ecore-chile,information technology and services,linkedin.com/company/ecore-chile,santiago,ecore chile,santiago metropolitan,1-10,ecorechile.com
chile,"",7ma-notaria-de-santiago-maria-soledad-santos,"",linkedin.com/company/7ma-notaria-de-santiago-maria-soledad-santos,"",7ma notaria de santiago maria soledad santos,"",1-10,notariasantos.cl
chile,2006,corpav,real estate,linkedin.com/company/corpav,santiago,corpav,santiago metropolitan,1-10,corpav.cl
chile,"",delog-stica,logistics and supply chain,linkedin.com/company/delog-stica,santiago,delogística,santiago metropolitan,11-50,delogistica.com
chile,2015,casa-antonio-limited,restaurants,linkedin.com/company/casa-antonio-limited,"",casa antonio,araucanía,1-10,casaantonio.cl
chile,"",exproject-limitada,mining & metals,linkedin.com/company/exproject-limitada,renca,exproject spa,region metropolitana,11-50,exproject.cl
chile,"",aserraderos-san-joaquin-s-a,law practice,linkedin.com/company/aserraderos-san-joaquin-s-a,chillan viejo,aserraderos san joaquin s a,region del biobio,1-10,aserradero.cl
chile,"",constructora-trabun-ltda.,construction,linkedin.com/company/constructora-trabun-ltda.,"",constructora trabun ltda.,"",51-200,constructoratrabun.cl
chile,2014,confrontacionmetalicaltda,music,linkedin.com/company/confrontacionmetalicaltda,concepcion,confrontacion metalica ltda,bio-bio,1-10,evilconfrontation.com
chile,2014,shieldtechlab,electrical/electronic manufacturing,linkedin.com/company/shieldtechlab,santiago,shieldtech lab,santiago metropolitan,1-10,shieldtechlab.com
chile,2008,expansiona-spa,information technology and services,linkedin.com/company/expansiona-spa,"",expansiona spa,"",11-50,expansiona.cl
chile,2020,schwenckecia,law practice,linkedin.com/company/schwenckecia,santiago,schwencke & cía.,santiago metropolitan,11-50,schwenckecia.com
chile,"",mecanica-industrial-lomax-y-cia-ltda,mining & metals,linkedin.com/company/mecanica-industrial-lomax-y-cia-ltda,santiago,mecanica industrial lomax y cia ltda,santiago metropolitan,1-10,""
chile,2017,bmec-ingenieria-spa,mechanical or industrial engineering,linkedin.com/company/bmec-ingenieria-spa,santiago,bmec ingenieria spa,santiago metropolitan,1-10,bmec.cl
chile,"",prosintel-grupo-norte-s-a,security and investigations,linkedin.com/company/prosintel-grupo-norte-s-a,santiago,prosintel grupo norte s a,santiago metropolitan,11-50,""
chile,2014,biosar-chile-spa,construction,linkedin.com/company/biosar-chile-spa,santiago,biosar chile spa,santiago metropolitan,11-50,""
chile,2014,pmcorp,civil engineering,linkedin.com/company/pmcorp,santiago,pmcorp,santiago metropolitan,1-10,pmcorp.cl
chile,1994,outsourcingvigo,outsourcing/offshoring,linkedin.com/company/outsourcingvigo,santiago,vigo,santiago metropolitan,1001-5000,vigo.cl
chile,"",consultora-san-cristobal-ltda,management consulting,linkedin.com/company/consultora-san-cristobal-ltda,santiago,consultora san cristobal ltda,santiago metropolitan,1-10,consultorasc.cl
chile,2016,visión-ingeniería-social,management consulting,linkedin.com/company/visión-ingeniería-social,santiago,visión ingeniería social,santiago metropolitan,1-10,visionis.cl
chile,2008,grupo-minero-chile,mining & metals,linkedin.com/company/grupo-minero-chile,"",grupo minero chile,"",1-10,grupominerochile.cl
chile,2016,arlekín-spa,primary/secondary education,linkedin.com/company/arlekín-spa,santiago,arlekín spa,santiago metropolitan,1-10,arlekin.cl
chile,2010,goad-marketing-empresarial,marketing and advertising,linkedin.com/company/goad-marketing-empresarial,santiago,goad marketing empresarial,santiago metropolitan,11-50,goad.cl
chile,2020,pqv-abogados,judiciary,linkedin.com/company/pqv-abogados,santiago,pqv abogados,santiago metropolitan,1-10,pqvabogados.com
chile,"",servicio-aereo-regional-limitada,airlines/aviation,linkedin.com/company/servicio-aereo-regional-limitada,puerto montt,servicio aereo regional limitada,los lagos,11-50,""
chile,"",ceramicas-industriales-s.a.,venture capital & private equity,linkedin.com/company/ceramicas-industriales-s.a.,"",ceramicas industriales s.a.,"",501-1000,""
chile,2009,business-21-consultores,financial services,linkedin.com/company/business-21-consultores,santiago,business 21 consultores,santiago metropolitan,1-10,b21.cl
chile,"",sciencetek-consultora-ambiental,environmental services,linkedin.com/company/sciencetek-consultora-ambiental,santiago,sciencetek consultora ambiental,santiago metropolitan,1-10,sciencetek.cl
chile,"",fcjeufro,higher education,linkedin.com/company/fcjeufro,temuco,fcje ufro,araucania,10001+,""
chile,"",reservosoftware,computer software,linkedin.com/company/reservosoftware,santiago,reservo,santiago metropolitan,11-50,reservo.cl
chile,2019,kinessis-pro,"health, wellness and fitness",linkedin.com/company/kinessis-pro,santiago,kinessis pro,santiago metropolitan,1-10,kinessispro.cl
chile,"",fabrica-de-puertas-y-ventanas-envolvente-ltda,construction,linkedin.com/company/fabrica-de-puertas-y-ventanas-envolvente-ltda,santiago,fabrica de puertas y ventanas envolvente ltda,santiago metropolitan,11-50,envolvente.cl
chile,2017,aguila-consultores,management consulting,linkedin.com/company/aguila-consultores,providencia,águila consultores ltda.,santiago metropolitan,1-10,aguilaconsultores.com
chile,2018,amukan-audiovisual,motion pictures and film,linkedin.com/company/amukan-audiovisual,concepcion,arteria films,bio-bio,11-50,""
chile,"",valle-aconcagua-ltda-,construction,linkedin.com/company/valle-aconcagua-ltda-,"",valle aconcagua ltda.,"",1-10,valleaconcagua.net
chile,2016,ads-market,marketing and advertising,linkedin.com/company/ads-market,"",ads market - plataforma de ad serving,"",1-10,adsmarket.cl
chile,2008,nevados-de-chillan,hospitality,linkedin.com/company/nevados-de-chillan,"",nevados de chillan,"",51-200,nevadosdechillan.com
chile,2016,chiloé,apparel & fashion,linkedin.com/company/chiloé,castro,chiloé,los lagos,1-10,chiloe-outdoors.com
chile,"",servicios-medicos-neurologicos-limitada,medical devices,linkedin.com/company/servicios-medicos-neurologicos-limitada,"",servicios medicos neurologicos limitada,"",11-50,""
chile,2018,entrekids,individual & family services,linkedin.com/company/entrekids,santiago,"entrekids | miles de panoramas, experiencias y servicios para niños",santiago metropolitan,1-10,entrekids.cl
chile,"",dbnet-ingenieria-de-software-s-a,information technology and services,linkedin.com/company/dbnet-ingenieria-de-software-s-a,santiago,dbnet ingenieria de software s a,santiago metropolitan,1-10,dbnet.cl
chile,2015,al-menú,food & beverages,linkedin.com/company/al-menú,santiago,al menú,santiago metropolitan,1-10,almenu.cl
chile,"",desarrollos-y-proyectos-de-ingenieria-ingetech-s-a,security and investigations,linkedin.com/company/desarrollos-y-proyectos-de-ingenieria-ingetech-s-a,santiago,desarrollos y proyectos de ingenieria ingetech s a,santiago metropolitan,1-10,ingetech.cl
chile,"",las-americas,construction,linkedin.com/company/las-americas,santiago,las americas,santiago metropolitan,11-50,americas.cl
chile,"",graphic-consulting,printing,linkedin.com/company/graphic-consulting,"",graphic consulting,"",11-50,gclchile.com
chile,2018,syngulars,graphic design,linkedin.com/company/syngulars,santiago,syngulars,santiago metropolitan,1-10,syngulars.cl
chile,2020,maslider,professional training & coaching,linkedin.com/company/maslider,santiago,más líder,santiago metropolitan,1-10,maslider.cl
chile,"",el-mercurio_2,newspapers,linkedin.com/company/el-mercurio_2,"",el mercurio,"",5001-10000,emol.com
chile,1992,américa-veintiuno,information technology and services,linkedin.com/company/américa-veintiuno,santiago,américa veintiuno,santiago metropolitan,51-200,americaveintiuno.cl
chile,2016,acceleradigital,management consulting,linkedin.com/company/acceleradigital,"",@acceleradigital,"",1-10,acceleradigital.com
chile,"",constructora-tres-castillos-limitada,construction,linkedin.com/company/constructora-tres-castillos-limitada,santiago,constructora tres castillos limitada,santiago metropolitan,1-10,""
chile,2008,darb-ingeniería-y-compañía-ltda-,electrical/electronic manufacturing,linkedin.com/company/darb-ingeniería-y-compañía-ltda-,antofagasta,darb ingeniería y compañía ltda.,antofagasta,51-200,darb.cl
chile,2010,sistemas-expertos-e-ingeniería-de-software-ltda.,computer software,linkedin.com/company/sistemas-expertos-e-ingeniería-de-software-ltda.,santiago,sistemas expertos e ingeniería de software ltda.,santiago metropolitan,51-200,sistemasexpertos.cl
chile,2018,tales-consulting,management consulting,linkedin.com/company/tales-consulting,santiago,tales consulting,santiago metropolitan,11-50,tales.cl
chile,2005,agencia-zeta3,marketing and advertising,linkedin.com/company/agencia-zeta3,"",agencia zeta3,"",1-10,zeta3.cl
chile,2010,global-protect-corredores-de-seguros,insurance,linkedin.com/company/global-protect-corredores-de-seguros,"",global protect corredores de seguros,"",1-10,globalprotect.cl
chile,2007,legaltec-servicios-inmobiliarios-ltda,legal services,linkedin.com/company/legaltec-servicios-inmobiliarios-ltda,"",legaltec - autenticar,"",51-200,legaltec.cl
chile,1982,jaysonchile,wholesale,linkedin.com/company/jaysonchile,santiago,jayson,santiago metropolitan,51-200,jayson.cl
chile,1955,reinaldomarcoleta-hardlock,construction,linkedin.com/company/reinaldomarcoleta-hardlock,"","anclajes químicos"spit" / pistolas a gas / montaje eléctrico","",11-50,isibomotores.cl
chile,"",pavimentos-y-movimientos-de-tierra-ltda,accounting,linkedin.com/company/pavimentos-y-movimientos-de-tierra-ltda,santiago,pavimentos y movimientos de tierra ltda,santiago metropolitan,11-50,pmtltda.cl
chile,"",ach-ingenieria-y-proyectos-limitada,civil engineering,linkedin.com/company/ach-ingenieria-y-proyectos-limitada,las condes,ach ingenieria y proyectos limitada,santiago metropolitan,1-10,achingenieria.cl
chile,2011,consolidardiversidade,human resources,linkedin.com/company/consolidardiversidade,santiago,consolidar diversidade nos negócios,santiago metropolitan,11-50,""
chile,2015,cyc-consultores,management consulting,linkedin.com/company/cyc-consultores,santiago,c&c consultores,santiago metropolitan,11-50,consultorescyc.cl
chile,2015,cúbica-ingeniería-y-construcción,construction,linkedin.com/company/cúbica-ingeniería-y-construcción,villa alemana,cúbica ingeniería y construcción,valparaiso,1-10,cubica.cl
chile,2008,grafema-ltda.,staffing and recruiting,linkedin.com/company/grafema-ltda.,viña del mar,grafema ltda.,valparaiso,1-10,grafema.cl
chile,2009,felipe-mendia-propiedades,real estate,linkedin.com/company/felipe-mendia-propiedades,"",felipe mendia propiedades,"",11-50,felipemendia.cl
chile,2015,hotel-raudal,hospitality,linkedin.com/company/hotel-raudal,los lagos,hotel raudal,los ríos region,11-50,hotelraudal.com
chile,"",masquepan,supermarkets,linkedin.com/company/masquepan,viña del mar,masquepan,valparaiso,1-10,masquepan.cl
chile,2012,internet-de-las-cosas,internet,linkedin.com/company/internet-de-las-cosas,"",internet de las cosas,"",1-10,internetdelascosas.cl
chile,2018,autobateria,automotive,linkedin.com/company/autobateria,santiago,autobateria,santiago metropolitan,1-10,autobateria.cl
chile,2001,comercial-e-inversiones-trayenko-s-a-,wholesale,linkedin.com/company/comercial-e-inversiones-trayenko-s-a-,"",comercial e inversiones trayenko s.a.,"",11-50,trayenko.com
chile,"",radio-universo,broadcast media,linkedin.com/company/radio-universo,santiago,radio universo,santiago metropolitan,1-10,universo.cl
chile,2015,devograf,marketing and advertising,linkedin.com/company/devograf,villarrica,devograf,araucania,1-10,devograf.cl
chile,2015,pacetechnologieslatam,mechanical or industrial engineering,linkedin.com/company/pacetechnologieslatam,santiago,pace technologies latam,santiago metropolitan,11-50,pace-la.com
chile,2014,zc-control,industrial automation,linkedin.com/company/zc-control,central,zc control chile,arica y parinacota,11-50,zcontrol.cl
chile,2008,bravo-soluciones-graficas,printing,linkedin.com/company/bravo-soluciones-graficas,santiago,bravo soluciones graficas,santiago metropolitan,1-10,controldelcolor.cl
chile,2012,fundacion-gtt,farming,linkedin.com/company/fundacion-gtt,santiago,fundación gtt: grupos de transferencia tecnológica,santiago metropolitan,51-200,gtt.cl
chile,2010,agencia-click-spa,events services,linkedin.com/company/agencia-click-spa,"",agencia click spa,"",1-10,agenciaclick.cl
chile,"",fcfm-alumni,higher education,linkedin.com/company/fcfm-alumni,santiago,fcfm alumni,santiago metropolitan,1-10,""
chile,2010,dyhconsultores,management consulting,linkedin.com/company/dyhconsultores,valdivia,dyhconsultores,los ríos region,1-10,""
chile,"",instituto-profesional-adventista,higher education,linkedin.com/company/instituto-profesional-adventista,chillan,instituto profesional adventista,bio-bio,11-50,""
chile,"",pudux,computer software,linkedin.com/company/pudux,santiago,pudux,santiago metropolitan,1-10,pudux.cl
chile,2009,estancia-el-cuadro,entertainment,linkedin.com/company/estancia-el-cuadro,casablanca,estancia el cuadro,region de valparaiso,51-200,elcuadro.cl
chile,2015,medical-progress,retail,linkedin.com/company/medical-progress,"",medical progress,"",11-50,medicalprogress.cl
chile,"",san-josé-farms,farming,linkedin.com/company/san-josé-farms,santiago,san josé farms,santiago metropolitan,1001-5000,""
chile,"",importadora-marin-limitada,wholesale,linkedin.com/company/importadora-marin-limitada,santiago,importadora marin limitada,santiago metropolitan,1-10,importadoramarin.cl
chile,"",fund-radio-estrella-del-mar,telecommunications,linkedin.com/company/fund-radio-estrella-del-mar,ancud,fund radio estrella del mar,los lagos,1-10,estrelladelmar.cl
chile,2006,engel-&-v-lkers-chile,real estate,linkedin.com/company/engel-&-v-lkers-chile,santiago,engel & völkers chile,santiago metropolitan,51-200,engelvoelkers.cl
chile,2012,digital-impresion,printing,linkedin.com/company/digital-impresion,santiago,digital impresión,santiago metropolitan,11-50,digitalimpresion.cl
chile,"",clinica-de-la-familia-el-loa-s-a-,medical practice,linkedin.com/company/clinica-de-la-familia-el-loa-s-a-,calama,clinica de la familia el loa s.a.,antofagasta,1-10,nuevaclinicacalama.cl
chile,"",aerorepresentaciones-amsaero-s-a,"",linkedin.com/company/aerorepresentaciones-amsaero-s-a,"",aerorepresentaciones amsaero s a,"",1-10,""
chile,"",comercial-tecnoelectrica-sociedad-anonima,mental health care,linkedin.com/company/comercial-tecnoelectrica-sociedad-anonima,concon,comercial tecnoelectrica sociedad anonima,region de valparaiso,11-50,tecnoelectrica.cl
chile,2009,black-jack-ti,information technology and services,linkedin.com/company/black-jack-ti,maipu,black jack ti,santiago metropolitan,11-50,agblackjack.cl
chile,2012,eian-business-school,higher education,linkedin.com/company/eian-business-school,"",eian business school,"",51-200,eian.org
chile,"",monsalve-rodriguez-herrera-y-compania-limitada,law practice,linkedin.com/company/monsalve-rodriguez-herrera-y-compania-limitada,talca,"monsalve,rodriguez herrera y compania limitada",maule,11-50,""
chile,"",ong-eco-educaci-n-y-comunicaciones,civic & social organization,linkedin.com/company/ong-eco-educaci-n-y-comunicaciones,"","ong eco, educación y comunicaciones","",11-50,ongeco.cl
chile,1992,enlaceschile,government administration,linkedin.com/company/enlaceschile,"",enlaces - education and technology center. ministry of education.,"",51-200,enlaces.cl
chile,2012,phare-abogados,law practice,linkedin.com/company/phare-abogados,santiago,phare abogados,santiago metropolitan,1-10,phareabogados.cl
chile,1913,tattersall,business supplies and equipment,linkedin.com/company/tattersall,santiago,tattersall,santiago metropolitan,1001-5000,tattersall.cl
chile,2009,nubison,information technology and services,linkedin.com/company/nubison,"",nubison,"",1-10,nubison.cl
chile,"",nino-mori,"",linkedin.com/company/nino-mori,"",nino mori,"",11-50,ninomori.cl
chile,2017,mestiere,restaurants,linkedin.com/company/mestiere,vitacura,mestiere,region metropolitana,11-50,""
chile,2001,netz-digital,internet,linkedin.com/company/netz-digital,"",netz digital,"",1-10,netz.cl
chile,2008,comercial-c-y-h,textiles,linkedin.com/company/comercial-c-y-h,las condes,comercial c y h,santiago metropolitan,1-10,comercialcyh.cl
chile,2016,mixtum,information technology and services,linkedin.com/company/mixtum,santiago,mixtum,santiago metropolitan,1-10,mixtum.cl
chile,"",tecnosur-ascensores-sociedad-anonima,mining & metals,linkedin.com/company/tecnosur-ascensores-sociedad-anonima,santiago,tecnosur ascensores sociedad anonima,santiago metropolitan,1-10,ascensorestecnosur.cl
chile,"",radio-universidad-de-chile-102.5-fm,publishing,linkedin.com/company/radio-universidad-de-chile-102.5-fm,providencia,radio universidad de chile 102.5 fm,santiago metropolitan,1-10,""
chile,"",sabores-patagonicos,"",linkedin.com/company/sabores-patagonicos,"",sabores patagonicos,"",11-50,saborespatagonicos.cl
chile,"",manuel-antonio-nieto-castro,international trade and development,linkedin.com/company/manuel-antonio-nieto-castro,santiago,manuel antonio nieto castro,santiago metropolitan,1-10,chtn.cl
chile,2011,polytrade-división-de-seguridad-electronica,information technology and services,linkedin.com/company/polytrade-división-de-seguridad-electronica,"",polytrade división seguridad electrónica y tecnología (avigilon chile distributor),"",51-200,polytrade.cl
chile,"",medex-spa,electrical/electronic manufacturing,linkedin.com/company/medex-spa,santiago,medex spa,santiago metropolitan,1-10,""
chile,1997,bhdm.com,information technology and services,linkedin.com/company/bhdm.com,santiago,bhdm.com,santiago metropolitan,1-10,bhdm.com
chile,"",sportstour-turismo-ltda,"leisure, travel & tourism",linkedin.com/company/sportstour-turismo-ltda,santiago,sportstour turismo ltda,santiago metropolitan,11-50,sportstour.cl
chile,"",orangelab-chile,graphic design,linkedin.com/company/orangelab-chile,"",orangelab chile,"",1-10,orangelab.cl
chile,2012,surexporta,import and export,linkedin.com/company/surexporta,santiago,surexporta,santiago metropolitan,1-10,surexporta.com
chile,"",dsv-gl-chile-sa,international trade and development,linkedin.com/company/dsv-gl-chile-sa,"",dsv-gl chile sa,"",11-50,dsv-gl.com
chile,"",molinera-del-norte-sa,consumer goods,linkedin.com/company/molinera-del-norte-sa,antofagasta,molinera del norte sa,antofagasta,11-50,molinor.cl
chile,2009,chilemin,broadcast media,linkedin.com/company/chilemin,santiago,chilemin,santiago metropolitan,1-10,chilemin.cl
chile,"",digital-marketing_2,marketing and advertising,linkedin.com/company/digital-marketing_2,santiago,digital marketing,santiago metropolitan,11-50,digitalmarketing.cl
chile,2017,seeds-of-wellness,food & beverages,linkedin.com/company/seeds-of-wellness,santiago,seeds of wellness®,santiago metropolitan,51-200,sow.bio
chile,1993,ddelegalchile,computer & network security,linkedin.com/company/ddelegalchile,santiago,checkpoint chileprueba,santiago metropolitan,11-50,checkpoint.cl
chile,2015,ahainclusion,management consulting,linkedin.com/company/ahainclusion,santiago,aha! global consulting,santiago metropolitan,11-50,ahaglobalconsulting.com
chile,"",procetel,telecommunications,linkedin.com/company/procetel,santiago,procetel,santiago metropolitan,11-50,procetel.cl
chile,"",pareja-lecaros-chile-s-a,cosmetics,linkedin.com/company/pareja-lecaros-chile-s-a,"",pareja lecaros chile s a,"",11-50,""
chile,"",empresa-constructora-modelo-s-a,civil engineering,linkedin.com/company/empresa-constructora-modelo-s-a,coquimbo,empresa constructora modelo s a,coquimbo,1-10,""
chile,2020,aidprof,primary/secondary education,linkedin.com/company/aidprof,santiago,aidprof,santiago metropolitan,1-10,aidprof.com
chile,"",kilman,"",linkedin.com/company/kilman,"",kilman,"",11-50,kilman.cl
chile,1977,eeuchile,higher education,linkedin.com/company/eeuchile,santiago,universidad de chile - educación ejecutiva,santiago metropolitan,51-200,eeuchile.cl
chile,"",mercuriovalpo,online media,linkedin.com/company/mercuriovalpo,valparaíso,el mercurio de valparaiso,valparaiso,51-200,mercuriovalpo.cl
chile,"",sociedad-transportes-amigo-limitada,logistics and supply chain,linkedin.com/company/sociedad-transportes-amigo-limitada,calama,sociedad transportes amigo limitada,antofagasta,11-50,transamigo.cl
chile,1989,universidad-de-los-andes_3,higher education,linkedin.com/company/universidad-de-los-andes_3,"",universidad de los andes,"",201-500,uandes.cl
chile,2019,rh-atlantis-healthtech,"health, wellness and fitness",linkedin.com/company/rh-atlantis-healthtech,santiago,rh atlantis healthtech,santiago metropolitan,1-10,rhatlantis.com
chile,2011,citylube,automotive,linkedin.com/company/citylube,"",citylube,"",1-10,citylube.cl
chile,"",inelec,construction,linkedin.com/company/inelec,vina del mar,inelec,valparaiso,51-200,inelec.cl
chile,2015,servicopter,photography,linkedin.com/company/servicopter,concepcion,servicopter ltda.,bio-bio,1-10,servicopter.cl
chile,2018,mouti,medical devices,linkedin.com/company/mouti,santiago,mouti,santiago metropolitan,1-10,mouti.co
chile,2012,dynamic-process-s-a-,business supplies and equipment,linkedin.com/company/dynamic-process-s-a-,"",dypro,"",1-10,dypro.cl
chile,"",asesorias-y-servicios-vitivinicolas-limitada,wine and spirits,linkedin.com/company/asesorias-y-servicios-vitivinicolas-limitada,"",asesorias y servicios vitivinicolas limitada,"",1-10,""
chile,2012,mechsol,mechanical or industrial engineering,linkedin.com/company/mechsol,concepcion,soluciones mecanicas mechsol ltd.,bio-bio,1-10,mechanicalsolution.cl
chile,1982,jorge-ramirez-arquitectura-spa,architecture & planning,linkedin.com/company/jorge-ramirez-arquitectura-spa,santiago,jorge ramirez arquitectura spa,santiago metropolitan,11-50,jramirezarq.cl
chile,2014,xtravaganza_marketingdigital,marketing and advertising,linkedin.com/company/xtravaganza_marketingdigital,santiago,xtravaganza group,santiago metropolitan,11-50,xtravaganza.cl
chile,2019,jpasecap,construction,linkedin.com/company/jpasecap,santiago,jaime prieto asesorias y capacitaciones spa,santiago metropolitan,1-10,jpcapacitaciones.cl
chile,2011,dilab-studios,design,linkedin.com/company/dilab-studios,iquique,"dilab studios, diseño gráfico, consultoría y web.",tarapaca,1-10,dilabstudios.com
chile,"",sandsil-quimica-limitada,chemicals,linkedin.com/company/sandsil-quimica-limitada,santiago,sandsil quimica limitada,santiago metropolitan,11-50,""
chile,2006,ac-perforaciones-s-a-,mining & metals,linkedin.com/company/ac-perforaciones-s-a-,coquimbo,ac perforaciones s.a.,coquimbo region,51-200,acperforaciones.cl
chile,"",maestranza-arias-group,machinery,linkedin.com/company/maestranza-arias-group,santiago,maestranza arias group,santiago metropolitan,1-10,""
chile,"",aseo-industrial-fumigaciones-servar-limitada,"health, wellness and fitness",linkedin.com/company/aseo-industrial-fumigaciones-servar-limitada,santiago,aseo industrial fumigaciones servar limitada,santiago metropolitan,1-10,servar.cl
chile,2013,imagine-cl,information technology and services,linkedin.com/company/imagine-cl,santiago,imagine.cl,santiago metropolitan,1-10,imagine.cl
chile,2009,axiovista-s-a-,information technology and services,linkedin.com/company/axiovista-s-a-,"",axiovista s.a.,"",11-50,axiovista.com
chile,2018,magnum-freigh-forwarder-chile-spa,logistics and supply chain,linkedin.com/company/magnum-freigh-forwarder-chile-spa,santiago,magnum freight forwarder chile spa,santiago metropolitan,1-10,magnumchile.cl
chile,"",delkor-south-america-spa,insurance,linkedin.com/company/delkor-south-america-spa,santiago,delkor south america spa,santiago metropolitan,11-50,""
chile,"",casa-om-spa,alternative medicine,linkedin.com/company/casa-om-spa,santiago,casa om,santiago metropolitan,1-10,casaom.cl
chile,"",valle-del-maipo,"",linkedin.com/company/valle-del-maipo,"",valle del maipo,"",11-50,vmexport.cl
chile,2018,mr-broker,commercial real estate,linkedin.com/company/mr-broker,santiago,mr broker,santiago metropolitan,1-10,mrbroker.cl
chile,"",clinica-renacer-ltda,mental health care,linkedin.com/company/clinica-renacer-ltda,santiago,clinica renacer ltda,santiago metropolitan,1-10,clinicarenacer.cl
chile,2017,adec-group-spa,outsourcing/offshoring,linkedin.com/company/adec-group-spa,santiago,idesc holding s.a.,santiago metropolitan,11-50,idescholding.com
chile,"",cooperativa-agricola-y-lechera-de-casablanca-ltda,farming,linkedin.com/company/cooperativa-agricola-y-lechera-de-casablanca-ltda,"",cooperativa agricola y lechera de casablanca ltda,"",11-50,cooperativacasablanca.cl
chile,2017,keepdreaming,information technology and services,linkedin.com/company/keepdreaming,villa alemana,keepdreaming,valparaiso,1-10,kdprojects.cl
chile,"",arcotex-sa,textiles,linkedin.com/company/arcotex-sa,"",arcotex sa,santiago metropolitan,11-50,arcotex.cl
chile,"",colegio-hebreo-de-temuco,primary/secondary education,linkedin.com/company/colegio-hebreo-de-temuco,temuco,colegio hebreo de temuco,araucania,11-50,colegiohebreotemuco.cl
chile,"",hotel-lago-grey,hospitality,linkedin.com/company/hotel-lago-grey,punta arenas,hotel lago grey,region of magallanes,51-200,lagogrey.com
chile,2016,cronup,information technology and services,linkedin.com/company/cronup,"",cronup,"",11-50,net-belief.com
chile,2019,mbo-mamás-en-busca-de-oportunidades,human resources,linkedin.com/company/mbo-mamás-en-busca-de-oportunidades,antofagasta,mbo - mamás en busca de oportunidades,antofagasta,1-10,mbo.cl
chile,2013,surgescapacitaciones,professional training & coaching,linkedin.com/company/surgescapacitaciones,valdivia,surges capacitaciones,los ríos region,1-10,surgescapacitaciones.cl
chile,2019,mpmcorredores,financial services,linkedin.com/company/mpmcorredores,santiago,mpm corredores,santiago metropolitan,11-50,mpmcorredores.cl
chile,"",comercial-agrotecnica-limitada,information technology and services,linkedin.com/company/comercial-agrotecnica-limitada,concepcion,comercial agrotecnica limitada,bio-bio,11-50,agrotecnica.cl
chile,"",hotel-la-leonera,hospitality,linkedin.com/company/hotel-la-leonera,codegua,hotel la leonera,libertador general bernardo o'higgins,1-10,laleonera.cl
chile,"",clinica-universitaria-puerto-montt,medical devices,linkedin.com/company/clinica-universitaria-puerto-montt,puerto montt,clínica universitaria puerto montt,los lagos,201-500,cupm.cl
chile,"",cyt-asociados,law practice,linkedin.com/company/cyt-asociados,santiago,cyt asociados,santiago metropolitan,1-10,cytasociados.cl
chile,"",escuela-nacional-de-conductores,professional training & coaching,linkedin.com/company/escuela-nacional-de-conductores,san felipe,escuela nacional de conductores,valparaiso,1-10,enacconductores.cl
chile,2011,safesigner,information technology and services,linkedin.com/company/safesigner,santiago,safesigner,santiago metropolitan,11-50,safesigner.com
chile,2018,trebol-consultores,human resources,linkedin.com/company/trebol-consultores,santiago,trébol consultores chile,santiago metropolitan,1-10,trebolconsultores.cl
chile,2008,ticsalud,information technology and services,linkedin.com/company/ticsalud,"",ticsalud,"",1-10,ticsalud.cl
chile,"",observatorio-laboral-de-atacama,research,linkedin.com/company/observatorio-laboral-de-atacama,copiapó,observatorio laboral de atacama,atacama,1-10,observatorionacional.cl
chile,"",nch-chile-s-a,consumer goods,linkedin.com/company/nch-chile-s-a,santiago,nch chile s a,santiago metropolitan,1-10,nchchile.com
chile,"",cobranzas-cobralet-limitada,law practice,linkedin.com/company/cobranzas-cobralet-limitada,"",cobranzas cobralet limitada,"",1-10,""
chile,2016,scipion-spa,management consulting,linkedin.com/company/scipion-spa,"",scipion spa,"",1-10,scipion.cl
chile,2004,keko-yoma,music,linkedin.com/company/keko-yoma,santiago,keko yoma,santiago metropolitan,11-50,kekoyoma.com
chile,2015,ing&dev,program development,linkedin.com/company/ing&dev,santiago,ing&dev,santiago metropolitan,1-10,ingydev.cl
chile,2010,cgc-s.a.,food & beverages,linkedin.com/company/cgc-s.a.,santiago,cgc s.a.,santiago metropolitan,11-50,cgcsa.cl
chile,"",ingenieria-y-generacion-s-a-,mining & metals,linkedin.com/company/ingenieria-y-generacion-s-a-,santiago,ingenieria y generacion s.a.,santiago metropolitan,11-50,""
chile,2018,skyclope®-aerial-intelligence-company,civil engineering,linkedin.com/company/skyclope®-aerial-intelligence-company,santiago,skyclope® aerial intelligence company,santiago metropolitan,1-10,skyclope.com
chile,"",agencia-squadra,marketing and advertising,linkedin.com/company/agencia-squadra,santiago,agencia squadra consulting,santiago metropolitan,1-10,squadraconsulting.cl
chile,2013,oh-connect,marketing and advertising,linkedin.com/company/oh-connect,santiago,oh! connect,santiago metropolitan,1-10,ohconnect.cl
chile,2013,ticblue,information technology and services,linkedin.com/company/ticblue,"",ticblue,"",11-50,ticblue.com
chile,2012,neokin-kine,"health, wellness and fitness",linkedin.com/company/neokin-kine,viña del mar,neokin kinesiología integral,valparaiso,1-10,neokin.cl
chile,"",constructora-tierra-viva-limitada,construction,linkedin.com/company/constructora-tierra-viva-limitada,santiago,constructora tierra viva limitada,santiago metropolitan,1-10,constructoratierraviva.cl
chile,"",rcm-salud-spa,hospital & health care,linkedin.com/company/rcm-salud-spa,santiago,rcm salud spa,santiago metropolitan,1-10,rcmsalud.com
chile,2012,spicy-chile,"leisure, travel & tourism",linkedin.com/company/spicy-chile,santiago,spicy chile tours,santiago metropolitan,1-10,spicychile.cl
chile,2018,austral-viveros,farming,linkedin.com/company/austral-viveros,purranque,austral viveros,los lagos region,51-200,australviveros.cl
chile,1992,cades-chile,professional training & coaching,linkedin.com/company/cades-chile,"",cades chile,"",1-10,cadeschile.cl
chile,2010,valpo-surf-project,primary/secondary education,linkedin.com/company/valpo-surf-project,valparaíso,valpo surf project,valparaiso,11-50,valposurfproject.org
chile,2004,focuschile,professional training & coaching,linkedin.com/company/focuschile,santiago,focus your mind chile,santiago metropolitan,11-50,focusyourmindchile.com
chile,"",daem-vallenar,management consulting,linkedin.com/company/daem-vallenar,vallenar,daem vallenar,atacama,1-10,daemvallenar.cl
chile,2018,dasosiot,internet,linkedin.com/company/dasosiot,santiago,dasos,santiago metropolitan,11-50,dasos.io
chile,2009,afyf-inversiones-ltda-,commercial real estate,linkedin.com/company/afyf-inversiones-ltda-,"",afyf inversiones ltda.,"",1-10,afyf.cl
chile,"",tecno-fast-sa,"",linkedin.com/company/tecno-fast-sa,"",tecno fast sa,"",51-200,""
chile,2009,vi-a-center-ltda.,marketing and advertising,linkedin.com/company/vi-a-center-ltda.,"",viña center ltda.,"",11-50,vinacenter.cl
chile,"",emol,fine art,linkedin.com/company/emol,"",emol,"",1-10,""
chile,"",passnet-webware,online media,linkedin.com/company/passnet-webware,"",passnet webware,"",1-10,passnet.cl
chile,2002,contenidoneto,public relations and communications,linkedin.com/company/contenidoneto,"",contenidoneto,"",1-10,contenidoneto.cl
chile,2011,globaltech-ltda-,information technology and services,linkedin.com/company/globaltech-ltda-,talcahuano,globaltech ltda.,bio-bio,1-10,globaltechltda.cl
chile,"",ftec-spa,machinery,linkedin.com/company/ftec-spa,"",ftec spa,"",1-10,ftec.cl
chile,2010,expohospital,marketing and advertising,linkedin.com/company/expohospital,huechuraba,expohospital 2016,santiago metropolitan,11-50,expohospital.cl
chile,2007,holding-lcr-group-s-a-,management consulting,linkedin.com/company/holding-lcr-group-s-a-,santiago,holding lcr group s.a.,santiago metropolitan,51-200,lcr.cl
chile,"",alfredo-edwards-ingenieros-consultores-ltda,civil engineering,linkedin.com/company/alfredo-edwards-ingenieros-consultores-ltda,las condes,alfredo edwards ingenieros consultores ltda,santiago metropolitan,1-10,eicingenieros.cl
chile,"",antartic-refrigeracion-ltda,machinery,linkedin.com/company/antartic-refrigeracion-ltda,santiago,antartic refrigeracion ltda,santiago metropolitan,1-10,antartic.cl
chile,2019,cloudlatam,internet,linkedin.com/company/cloudlatam,santiago,cloudlatam,santiago metropolitan,1-10,cloudlatam.cl
chile,2007,tcpavements,civil engineering,linkedin.com/company/tcpavements,santiago,tcpavements,santiago metropolitan,1-10,tcpavements.com
chile,2008,acplanetspa,construction,linkedin.com/company/acplanetspa,valdivia,ac planet spa,los ríos region,1-10,acplanet.cl
chile,"",agencia-grow,marketing and advertising,linkedin.com/company/agencia-grow,"",agencia grow,"",1-10,agenciagrow.cl
chile,2013,hstrategycl,staffing and recruiting,linkedin.com/company/hstrategycl,"",recruitme consulting,"",1-10,recruitme.cl
chile,2004,valor-presente,financial services,linkedin.com/company/valor-presente,"",valor presente,"",11-50,valorpresente.cl
chile,"",turistarq,architecture & planning,linkedin.com/company/turistarq,"",turistarq,"",1-10,turistarq.cl
chile,"",propia_5,paper & forest products,linkedin.com/company/propia_5,"",propia,"",10001+,depco.cl
chile,2014,cluster-capacitacion,e-learning,linkedin.com/company/cluster-capacitacion,"",cluster capacitacion,antofagasta,11-50,clustercapacitacion.cl
chile,1996,hilinks,public relations and communications,linkedin.com/company/hilinks,las condes,hilinks comunicaciones,region metropolitana,1-10,hilinks.cl
chile,"",importadora-y-distribuidora-aukinko-ltda,human resources,linkedin.com/company/importadora-y-distribuidora-aukinko-ltda,santiago,importadora y distribuidora aukinko ltda,santiago metropolitan,11-50,aukinko.com
chile,2016,closelly,computer software,linkedin.com/company/closelly,santiago,closelly | mobile learning & performance for business,santiago metropolitan,1-10,closelly.com
chile,2014,diezcerotres,publishing,linkedin.com/company/diezcerotres,santiago,diezcerotres,santiago metropolitan,1-10,diezcerotres.cl
chile,2013,origina-consultores,management consulting,linkedin.com/company/origina-consultores,"",origina consultores,"",1-10,originaconsultores.com
chile,"",salmones-pacific-star-s-a,food production,linkedin.com/company/salmones-pacific-star-s-a,puerto montt,salmones pacific star s a,los lagos,11-50,pacificstar.cl
chile,2011,cecadeschile,civic & social organization,linkedin.com/company/cecadeschile,valparaíso,cecades,valparaiso,201-500,cecades.cl
chile,"",alameda-computacion-limitada,retail,linkedin.com/company/alameda-computacion-limitada,rancagua,alameda computacion limitada,libertador general bernardo o'higgins,1-10,""
chile,2014,stgo-technik-gruppe-ltda-ingeniería-y-mantenimiento-aeronáutico,airlines/aviation,linkedin.com/company/stgo-technik-gruppe-ltda-ingeniería-y-mantenimiento-aeronáutico,santiago,stgo technik gruppe ltda. ingeniería y mantenimiento aeronáutico,santiago metropolitan,11-50,stgotech.com
chile,1865,dsi-underground-latam,mining & metals,linkedin.com/company/dsi-underground-latam,santiago,dsi underground latam,santiago metropolitan,1001-5000,""
chile,1956,cuerpo-militar-del-trabajo,construction,linkedin.com/company/cuerpo-militar-del-trabajo,"",cuerpo militar del trabajo,"",501-1000,cmt-chile.cl
chile,1994,timescl,hospitality,linkedin.com/company/timescl,santiago,time hotel & apartments,santiago metropolitan,51-200,time.cl
chile,"",simacer,mining & metals,linkedin.com/company/simacer,calama,simacer,antofagasta,201-500,simacer.cl
chile,"",coface-chile,insurance,linkedin.com/company/coface-chile,santiago,coface chile,santiago metropolitan,11-50,coface.cl
chile,2000,one-la-dehesa,real estate,linkedin.com/company/one-la-dehesa,"",one la dehesa propiedades,"",11-50,oneladehesa.cl
chile,2014,impexco-spa,construction,linkedin.com/company/impexco-spa,santiago,impexco spa,santiago metropolitan,1-10,impexco.cl
chile,2015,parapente-audiovisual,media production,linkedin.com/company/parapente-audiovisual,santiago,parapente audiovisual,santiago metropolitan,1-10,parapenteaudiovisual.cl
chile,2015,symmetric-assets-specialist,management consulting,linkedin.com/company/symmetric-assets-specialist,viña del mar,symmetric,valparaiso,51-200,symmetric.cl
chile,2011,cat-logoarquitectura-cl,marketing and advertising,linkedin.com/company/cat-logoarquitectura-cl,santiago,catalogoarquitectura.cl,santiago metropolitan,1-10,""
chile,1998,global-advisors-chile,financial services,linkedin.com/company/global-advisors-chile,"",global advisors chile,"",11-50,globaladvisors.net
chile,2003,makomed-ltda.,medical devices,linkedin.com/company/makomed-ltda.,santiago,makomed ltda.,santiago metropolitan,1-10,makomed.cl
chile,"",importadora-y-comercializadora-sabor-peruano-limitada,real estate,linkedin.com/company/importadora-y-comercializadora-sabor-peruano-limitada,santiago,importadora y comercializadora sabor peruano limitada,santiago metropolitan,1-10,""
chile,"",operalia-s-a-,transportation/trucking/railroad,linkedin.com/company/operalia-s-a-,"",operalia s.a.,"",11-50,""
chile,2017,mejorandome-com,computer software,linkedin.com/company/mejorandome-com,vina del mar,mejorandome.com,valparaiso,1-10,mejorandome.com
chile,2017,sistemospa,industrial automation,linkedin.com/company/sistemospa,santiago,sistemo,santiago metropolitan,11-50,sistemo.cl
chile,2009,enefante,marketing and advertising,linkedin.com/company/enefante,santiago,enefante,santiago metropolitan,1-10,enefante.cl
chile,"",instalaciones-industriales-aragas-limitada,construction,linkedin.com/company/instalaciones-industriales-aragas-limitada,santiago,instalaciones industriales aragas limitada,santiago metropolitan,11-50,aragas.cl
chile,2010,voladuras-y-demoliciones-chile,construction,linkedin.com/company/voladuras-y-demoliciones-chile,concepcion,voladuras y demoliciones chile,bio-bio,11-50,voladurasydemoliciones.cl
chile,2015,contentur,marketing and advertising,linkedin.com/company/contentur,santiago,contentur,santiago metropolitan,1-10,contentur.com
chile,2000,alister-ingeniería-y-construcción,construction,linkedin.com/company/alister-ingeniería-y-construcción,concepcion,alister ingeniería y construcción,bio-bio,1-10,""
chile,"",aeropuerto-araucania,airlines/aviation,linkedin.com/company/aeropuerto-araucania,puerto varas,aeropuerto araucania,los lagos region,1-10,aeropuertoaraucania.cl
chile,"",colegio-nuestra-señora-del-huerto,internet,linkedin.com/company/colegio-nuestra-señora-del-huerto,quillota,colegio nuestra señora del huerto,valparaiso,1-10,nshuerto.cl
chile,"",cibergesti-n-chile-s.a..-santiago-,law practice,linkedin.com/company/cibergesti-n-chile-s.a..-santiago-,"",cibergestión chile s.a.. (santiago),"",1001-5000,cibergestion.cl
chile,2015,hzero,outsourcing/offshoring,linkedin.com/company/hzero,santiago,hzero,santiago metropolitan,1-10,hzero.cl
chile,2009,dupouy-mendez-y-cia-ltda-,law practice,linkedin.com/company/dupouy-mendez-y-cia-ltda-,santiago,dupouy mendez y cia. ltda.,santiago metropolitan,1-10,dmcia.cl
chile,1980,turner-arquitectos,architecture & planning,linkedin.com/company/turner-arquitectos,santiago,turner arquitectos,santiago metropolitan,11-50,turner.cl
chile,2009,geoxite,program development,linkedin.com/company/geoxite,santiago,geoxite,santiago metropolitan,11-50,geoxite.com
chile,2014,punto-de-impacto,management consulting,linkedin.com/company/punto-de-impacto,macul,punto de impacto,santiago metropolitan,1-10,puntodeimpacto.com
chile,2009,exhibe-merchandising,marketing and advertising,linkedin.com/company/exhibe-merchandising,santiago,exhibe merchandising,santiago metropolitan,1-10,exhibemerchandising.cl
chile,2016,contabilidades-para-pymes,accounting,linkedin.com/company/contabilidades-para-pymes,santiago,contabilidades para pymes,santiago metropolitan,1-10,contabilidadesparapymes.cl
chile,2017,tu-espacio-cowork,furniture,linkedin.com/company/tu-espacio-cowork,viña del mar,tu espacio cowork,valparaiso,1-10,tuespaciocowork.cl
chile,2011,centro-de-excelencia-en-geotermia-uchile-cega,renewables & environment,linkedin.com/company/centro-de-excelencia-en-geotermia-uchile-cega,santiago,centro de excelencia en geotermia uchile cega,santiago metropolitan,11-50,""
chile,2011,full-parabrisas,retail,linkedin.com/company/full-parabrisas,providencia,full parabrisas,santiago metropolitan,1-10,fullparabrisas.cl
chile,"",transportes-guido-schiappacasse-limitada,pharmaceuticals,linkedin.com/company/transportes-guido-schiappacasse-limitada,santiago,transportes guido schiappacasse limitada,santiago metropolitan,1-10,gschiappacasse.cl
chile,"",icewell,"",linkedin.com/company/icewell,"",icewell,"",11-50,icewell.cl
chile,2015,fauna-nativa,environmental services,linkedin.com/company/fauna-nativa,nunoa,fauna nativa consultores,santiago metropolitan,1-10,faunanativa.cl
chile,2020,consejo-del-salmón,civic & social organization,linkedin.com/company/consejo-del-salmón,puerto montt,consejo del salmón ag,los lagos,11-50,consejodelsalmon.cl
chile,"",incoseg,"",linkedin.com/company/incoseg,"",incoseg,"",51-200,incoseg.com
chile,"",inventa-chile,marketing and advertising,linkedin.com/company/inventa-chile,"",inventa chile,"",1-10,inventachile.cl
chile,"",soserval,package/freight delivery,linkedin.com/company/soserval,valparaíso,soserval,valparaiso,1-10,soserval.cl
chile,"",aguasaraucania,utilities,linkedin.com/company/aguasaraucania,temuco,aguas araucania s.a.,araucania,51-200,aguasaraucania.cl
chile,2010,rubrika---carpeta-y-documentos-digitales,human resources,linkedin.com/company/rubrika---carpeta-y-documentos-digitales,santiago,rubrika - carpetas y documentos digitales,santiago metropolitan,11-50,rubrika.cl
chile,2014,corredorapropiedadesviva,real estate,linkedin.com/company/corredorapropiedadesviva,santiago,corredora de propiedades viva ltda.,santiago metropolitan,1-10,propiedadesviva.cl
chile,2018,dne-energia,oil & energy,linkedin.com/company/dne-energia,santiago,dne consultores en energía,santiago metropolitan,1-10,dneconsultores.cl
chile,1990,empresas-tahan,transportation/trucking/railroad,linkedin.com/company/empresas-tahan,santiago,empresas tahan,santiago metropolitan,51-200,empresastahan.com
chile,2001,innova-bío-bío,government administration,linkedin.com/company/innova-bío-bío,concepcion,innova bío bío,bio-bio,11-50,innovabiobio.cl
chile,2002,diagnosys-s.a.,retail,linkedin.com/company/diagnosys-s.a.,"",diagnosys s.a.,"",1-10,diagnosys.cl
chile,"",marss-s-a,maritime,linkedin.com/company/marss-s-a,talcahuano,marss s a,bio-bio,11-50,marss.cl
chile,2013,mansarda-estudio,architecture & planning,linkedin.com/company/mansarda-estudio,providencia,mansarda estudio,santiago metropolitan,1-10,mansarda.cl
chile,2014,qrisk,management consulting,linkedin.com/company/qrisk,providencia,qrisk,santiago metropolitan,1-10,qrisk.cl
chile,"",universidad-arcis,primary/secondary education,linkedin.com/company/universidad-arcis,santiago,universidad arcis,santiago metropolitan,501-1000,""
chile,2008,avalchile-seguros,financial services,linkedin.com/company/avalchile-seguros,"",avalchile seguros,"",11-50,avalchileseguros.cl
chile,"",del-barrio-y-cia-limitada,executive office,linkedin.com/company/del-barrio-y-cia-limitada,antofagasta,del barrio y cia limitada,antofagasta,1-10,""
chile,1980,lafuentenatural,food & beverages,linkedin.com/company/lafuentenatural,santiago,la fuente natural,santiago metropolitan,11-50,lafuentenatural.cl
chile,2018,tars-autonomous-technology,information technology and services,linkedin.com/company/tars-autonomous-technology,"",tars autonomous technology,"",11-50,tars.technology
chile,2007,netlife-tecnologias,information technology and services,linkedin.com/company/netlife-tecnologias,"",netlife tecnologias,"",11-50,netlife.cl
chile,"",eryan-flores-y-arte-s-a-,design,linkedin.com/company/eryan-flores-y-arte-s-a-,las condes,eryan flores y arte s.a.,santiago metropolitan,1-10,eryan.cl
chile,2013,in-group-diseño-arquitectura-y-construcción-limitada.,furniture,linkedin.com/company/in-group-diseño-arquitectura-y-construcción-limitada.,providencia,"in-group diseño, arquitectura y construcción limitada.",santiago metropolitan,1-10,in-group.cl
chile,"",mermeladas-mel-ltda,food production,linkedin.com/company/mermeladas-mel-ltda,santiago,mermeladas mel ltda,santiago metropolitan,11-50,""
chile,"",sociedad-comercial-e-industrial-cecisur-limitada,food & beverages,linkedin.com/company/sociedad-comercial-e-industrial-cecisur-limitada,curico,sociedad comercial e industrial cecisur limitada,maule,1-10,""
chile,"",linux-soporte-s.a.,information technology and services,linkedin.com/company/linux-soporte-s.a.,"",linux soporte s.a.,"",1-10,linuxsoporte.cl
chile,2014,premier-consulting-spa,human resources,linkedin.com/company/premier-consulting-spa,santiago,premier consulting spa,santiago metropolitan,1-10,premierconsulting.cl
chile,"",lubag,"",linkedin.com/company/lubag,"",lubag,"",1-10,lubag.cl
chile,"",cubi-colours,entertainment,linkedin.com/company/cubi-colours,santiago,cubi colours,santiago metropolitan,1-10,cubicolours.cl
chile,"",olimpio,food & beverages,linkedin.com/company/olimpio,"",olimpio,"",11-50,olimpio.cl
chile,"",construcciones-tecnologicas-s-a,construction,linkedin.com/company/construcciones-tecnologicas-s-a,las condes,construcciones tecnologicas s a,santiago metropolitan,11-50,ctconstrutec.cl
chile,2020,splinetool,design,linkedin.com/company/splinetool,santiago,spline,santiago metropolitan,1-10,spline.design
chile,"",one-to-one-marketing-relacional,marketing and advertising,linkedin.com/company/one-to-one-marketing-relacional,santiago,one to one | marketing relacional,santiago metropolitan,1-10,onetoone.cl
chile,2016,hub-global-pucv,capital markets,linkedin.com/company/hub-global-pucv,valparaíso,hub global pucv,valparaiso,11-50,hubglobalpucv.cl
chile,"",sondajes-perfomaq-s-a,construction,linkedin.com/company/sondajes-perfomaq-s-a,osorno,sondajes perfomaq s a,los lagos region,11-50,perfomaq.cl
chile,"",comprapocl,import and export,linkedin.com/company/comprapocl,santiago,comprapo,santiago metropolitan,1-10,comprapo.cl
chile,2019,nexo-re,insurance,linkedin.com/company/nexo-re,santiago,nexo re,santiago metropolitan,1-10,nexore.cl
chile,2013,livingjuice,food & beverages,linkedin.com/company/livingjuice,santiago,livingjuice,santiago metropolitan,11-50,livingjuice.com
chile,2015,empresadetransporteyservicioslogisticosemanuel.spa,logistics and supply chain,linkedin.com/company/empresadetransporteyservicioslogisticosemanuel.spa,santiago,empresa de transporte y servicios logisticos emanuel.spa,santiago metropolitan,1-10,logisticaemanuel.cl
chile,"",maestranza-l-&-t-s-a,machinery,linkedin.com/company/maestranza-l-&-t-s-a,colina,maestranza l & t s a,santiago metropolitan,1-10,caldereria.cl
chile,"",orion-propiedades,commercial real estate,linkedin.com/company/orion-propiedades,"",orion propiedades,"",1-10,orion-propiedades.com
chile,"",ceramica-batuco-s-a,accounting,linkedin.com/company/ceramica-batuco-s-a,lampa,ceramica batuco s a,region metropolitana,1-10,ceramicabatuco.cl
chile,"",cesfam-juan-bautista-bravo-vega,hospital & health care,linkedin.com/company/cesfam-juan-bautista-bravo-vega,villa alemana,cesfam juan bautista bravo vega,valparaiso,1-10,cmva.cl
chile,2014,pvplast,construction,linkedin.com/company/pvplast,"",pvplast,"",1-10,pvplast.cl
chile,2012,exonumis,civil engineering,linkedin.com/company/exonumis,santiago,exonumis spa,santiago metropolitan,1-10,exonumis.cl
chile,"",la-red_3,telecommunications,linkedin.com/company/la-red_3,"",la red,"",201-500,lared.cl
chile,2011,concechileconnections-cl,public relations and communications,linkedin.com/company/concechileconnections-cl,concepcion,concechileconnections.cl,bio-bio,1-10,concechileconnections.cl
chile,2011,inlinesm-asesor-as-comunicacionales,information technology and services,linkedin.com/company/inlinesm-asesor-as-comunicacionales,las condes,inlinesm asesorías comunicacionales,santiago metropolitan,1-10,inlinesm.cl
chile,2015,globo,marketing and advertising,linkedin.com/company/globo,valparaiso,globo,valparaiso,11-50,globoagencia.com
chile,2017,medihogar-ltda,individual & family services,linkedin.com/company/medihogar-ltda,santiago,medihogar.cl,santiago metropolitan,1-10,""
chile,2013,wemakedigital,media production,linkedin.com/company/wemakedigital,santiago,wemake digital,santiago metropolitan,11-50,wemake.cl
chile,2016,colegios-cree,primary/secondary education,linkedin.com/company/colegios-cree,santiago,colegios cree,santiago metropolitan,51-200,colegioscree.cl
chile,"",constructora-eden-s-a,construction,linkedin.com/company/constructora-eden-s-a,puerto montt,constructora eden s a,los lagos,1-10,""
chile,1986,rimisp---centro-latinoamericano-para-el-desarrollo-rural,research,linkedin.com/company/rimisp---centro-latinoamericano-para-el-desarrollo-rural,santiago,rimisp - centro latinoamericano para el desarrollo rural,santiago metropolitan,11-50,rimisp.org
chile,2010,tedos,information technology and services,linkedin.com/company/tedos,"",tedos,"",11-50,tedos.cl
chile,2008,transportes-clavijo-eirl,transportation/trucking/railroad,linkedin.com/company/transportes-clavijo-eirl,maule,transportes clavijo eirl,maule,11-50,""
chile,2013,onemarketer,telecommunications,linkedin.com/company/onemarketer,vina del mar,onemarketer,valparaiso,11-50,onemarketer.cl
chile,2014,chuchunco-films,motion pictures and film,linkedin.com/company/chuchunco-films,"",chuchunco films,"",1-10,chuchuncofilms.cl
chile,2002,tecnoglobal,computer hardware,linkedin.com/company/tecnoglobal,santiago,tecnoglobal,santiago metropolitan,51-200,tecnoglobal.cl
chile,2009,urbanica-consultores,architecture & planning,linkedin.com/company/urbanica-consultores,"",urbanica consultores,"",1-10,urbanica.cl
chile,2011,prevención-sustentable,management consulting,linkedin.com/company/prevención-sustentable,santiago,prevención sustentable,santiago metropolitan,1-10,prevencionsustentable.cl
chile,2003,hospital-clínico-viña-del-mar,hospital & health care,linkedin.com/company/hospital-clínico-viña-del-mar,"",hospital clínico viña del mar,"",501-1000,hospitalclinico.cl
chile,1989,comercial-sinsef-limitada,mechanical or industrial engineering,linkedin.com/company/comercial-sinsef-limitada,antofagasta,comercial sinsef limitada,antofagasta,51-200,sinsef.cl
chile,"",maestranza-servimet-limitada,facilities services,linkedin.com/company/maestranza-servimet-limitada,rancagua,maestranza servimet limitada,libertador general bernardo o'higgins,11-50,""
chile,2008,maquinarias-indemax-ltda.,construction,linkedin.com/company/maquinarias-indemax-ltda.,talca,maquinarias indemax ltda.,maule region,51-200,""
chile,"",la-casa-del-encendido,retail,linkedin.com/company/la-casa-del-encendido,iquique,la casa del encendido,tarapaca,11-50,lacasadelencendido.cl
chile,2013,madcatchile,graphic design,linkedin.com/company/madcatchile,viña del mar,madcat - agencia de publicidad,valparaiso,1-10,madcat.cl
chile,2016,keylabs-chile-infraestructura-como-servicio-iaas,information technology and services,linkedin.com/company/keylabs-chile-infraestructura-como-servicio-iaas,santiago,"keylabs chile, infraestructura como servicio iaas",santiago metropolitan,1-10,keylabs.cl
chile,2003,mateo-s-a-,mining & metals,linkedin.com/company/mateo-s-a-,santiago,mateo s.a.,santiago metropolitan,51-200,mateo.cl
chile,"",carabineros-de-chile-direccion-de-bienestar,human resources,linkedin.com/company/carabineros-de-chile-direccion-de-bienestar,santiago,carabineros de chile direccion de bienestar,santiago metropolitan,11-50,carabineros.cl
chile,"",medicup-spa,import and export,linkedin.com/company/medicup-spa,santiago,medicup spa,santiago metropolitan,1-10,medicup.cl
chile,"",vida-security,insurance,linkedin.com/company/vida-security,santiago,vida security,santiago metropolitan,1001-5000,vidasecurity.cl
chile,2009,csw-consultores-ambientales,environmental services,linkedin.com/company/csw-consultores-ambientales,santiago,csw consultores ambientales,santiago metropolitan,11-50,csw.cl
chile,2005,garcía-nadal-cía,law practice,linkedin.com/company/garcía-nadal-cía,santiago,garcía nadal & cía.,santiago metropolitan,201-500,garcianadal.cl
chile,"",gendarmeria-de-chile-reten-centro-penitenciario-femenino-de-santiago,oil & energy,linkedin.com/company/gendarmeria-de-chile-reten-centro-penitenciario-femenino-de-santiago,santiago,gendarmeria de chile reten centro penitenciario femenino de santiago,santiago metropolitan,1-10,""
chile,2017,gestiondepymesspa,management consulting,linkedin.com/company/gestiondepymesspa,santiago,gestión de pymes,santiago metropolitan,1-10,gestiondepymes.cl
chile,2007,buenabuena,graphic design,linkedin.com/company/buenabuena,santiago,buenabuena,santiago metropolitan,1-10,buenabuena.cl
chile,2012,insight&actions-consulting,marketing and advertising,linkedin.com/company/insight&actions-consulting,"",insight&actions consulting,"",1-10,insightactions.com
chile,"",ecocolor,"",linkedin.com/company/ecocolor,"",ecocolor,"",11-50,ecocolor.cl
chile,2017,concordia-grupo-legal,law practice,linkedin.com/company/concordia-grupo-legal,santiago,concordia grupo legal,santiago metropolitan,11-50,concordialegal.cl
chile,2016,extosis-studio,media production,linkedin.com/company/extosis-studio,santiago,extosis audiovisual,santiago metropolitan,1-10,extosis.com
chile,2013,cox-marine-surveyors-ltda-,logistics and supply chain,linkedin.com/company/cox-marine-surveyors-ltda-,arica,cox marine surveyors ltda.,arica y parinacota,11-50,cmssurveyors.com
chile,2014,aeroservicios-toqui-ltda,airlines/aviation,linkedin.com/company/aeroservicios-toqui-ltda,la serena,aeroservicios toqui ltda,coquimbo,1-10,aerotoqui.cl
chile,2016,apis-ag,medical devices,linkedin.com/company/apis-ag,"",apis ag,"",1-10,apisag.cl
chile,"",hiringtime,"",linkedin.com/company/hiringtime,santiago,hiring ™,santiago metropolitan,11-50,""
chile,2014,lupa-trade-boutique,marketing and advertising,linkedin.com/company/lupa-trade-boutique,santiago,lupa trade boutique,santiago metropolitan,11-50,lupatrade.cl
chile,"",vym-logistics,logistics and supply chain,linkedin.com/company/vym-logistics,san antonio,vym logistics,valparaiso,11-50,vymlogistics.cl
chile,"",television-contivision-limitada,telecommunications,linkedin.com/company/television-contivision-limitada,constitucion,television contivision limitada,maule,11-50,contivision.cl
chile,2019,adn-consultora-chile,management consulting,linkedin.com/company/adn-consultora-chile,santiago,adn consultora chile,santiago metropolitan,1-10,adnconsultorachile.com
chile,"",la-sureña,supermarkets,linkedin.com/company/la-sureña,iquique,la sureña,tarapaca,1-10,conher.cl
chile,"",pozos-profundos-s.a.,construction,linkedin.com/company/pozos-profundos-s.a.,colina,pozos profundos s.a.,santiago metropolitan,1-10,""
chile,2019,trade-inmobiliaria,real estate,linkedin.com/company/trade-inmobiliaria,santiago,trade inmobiliaria,santiago metropolitan,11-50,tradesoluciones.cl
chile,1977,importadora-terra-australis-s.a,retail,linkedin.com/company/importadora-terra-australis-s.a,santiago,importadora terra australis s.a,santiago metropolitan,51-200,terrasigal.cl
chile,2017,kimche,primary/secondary education,linkedin.com/company/kimche,santiago,kimche,santiago metropolitan,11-50,kimche.co
