country,founded,id,industry,linkedin_url,locality,name,region,size,website
estonia,2009,playflame,computer games,linkedin.com/company/playflame,"",playflame,"",1-10,playflame.com
estonia,"",hotell-euroopa,hospitality,linkedin.com/company/hotell-euroopa,"",hotell euroopa,"",11-50,euroopa.ee
estonia,2014,luft-capital-advisory,marketing and advertising,linkedin.com/company/luft-capital-advisory,harju,luft - digital agency,hiiumaa,1-10,luft.tech
estonia,2020,contester,information technology and services,linkedin.com/company/contester,harju,contester,hiiumaa,1-10,contester.net
estonia,1993,decoraas,building materials,linkedin.com/company/decoraas,"",decora as,tartu,201-500,decora.ee
estonia,2014,wizon,information technology and services,linkedin.com/company/wizon,tallinn,wizon,harjumaa,11-50,wizon.ee
estonia,2010,matek-s-r-l-,medical devices,linkedin.com/company/matek-s-r-l-,tallinn,matek s.r.l.,harjumaa,1-10,mateksrl.com
estonia,2018,unicontaeesti,computer software,linkedin.com/company/unicontaeesti,tallinn,uniconta eesti,harjumaa,1-10,uniconta.ee
estonia,1992,rhumveld-baltic-ltd,food production,linkedin.com/company/rhumveld-baltic-ltd,maardu,rhumveld baltic,harjumaa,11-50,""
estonia,2016,bego-solutions-oü,electrical/electronic manufacturing,linkedin.com/company/bego-solutions-oü,tallinn,bego solutions oü,harjumaa,1-10,begosolution.com
estonia,2010,piimameister-otto-rapla-bc,sports,linkedin.com/company/piimameister-otto-rapla-bc,rapla,piimameister otto rapla bc,raplamaa,1-10,""
estonia,2002,revaler,publishing,linkedin.com/company/revaler,tallinn,revaler,harjumaa,1-10,revaler.ee
estonia,1990,fc-flora-tallinn,sports,linkedin.com/company/fc-flora-tallinn,tallinn,fc flora tallinn,harjumaa,51-200,""
estonia,2003,praktik-projektid-mt-,e-learning,linkedin.com/company/praktik-projektid-mt-,"",praktik projektid mtü,"",1-10,praktik.ee
estonia,"",eesti-liikumispuudega-inimeste-liit,information technology and services,linkedin.com/company/eesti-liikumispuudega-inimeste-liit,"",eesti liikumispuudega inimeste liit,"",1-10,elil.ee
estonia,2016,michaelalf,professional training & coaching,linkedin.com/company/michaelalf,tallinn,high performance in the digital age,harjumaa,1-10,michaelalf.com
estonia,"",glasford-international-estonia,staffing and recruiting,linkedin.com/company/glasford-international-estonia,"",glasford international estonia,"",1-10,glasford.ee
estonia,"",slo-as,wholesale,linkedin.com/company/slo-as,tallinn,slo as,harjumaa,51-200,slo.ee
estonia,"",decentralized-escrow,"",linkedin.com/company/decentralized-escrow,tallinn,descrow,harjumaa,1-10,""
estonia,2009,infowebi-teenused-o-,information services,linkedin.com/company/infowebi-teenused-o-,tallinn,infowebi teenused oü,harjumaa,11-50,infoweb.ee
estonia,"",ai-media_2,information technology and services,linkedin.com/company/ai-media_2,"",ai media,"",1-10,aimedia.ee
estonia,2018,pulse-fidelity,consumer electronics,linkedin.com/company/pulse-fidelity,tallinn,pulse & fidelity,harjumaa,1-10,""
estonia,2009,jolos-events,marketing and advertising,linkedin.com/company/jolos-events,tallinn,jolos,harjumaa,11-50,jolos.eu
estonia,"",softkey-o-baltic-,computer software,linkedin.com/company/softkey-o-baltic-,"",softkey oü (baltic),"",1-10,softkey.ee
estonia,2014,intus-hoiu-laenuühistu,financial services,linkedin.com/company/intus-hoiu-laenuühistu,tallinn,"intus hoiu-laenuühistu, intus savings and loan association",harjumaa,1-10,intus.ee
estonia,2011,berry-group-o-,food production,linkedin.com/company/berry-group-o-,tallinn,berry group oü,harjumaa,1-10,berrygroup.ee
estonia,"",dl-distributors,computer hardware,linkedin.com/company/dl-distributors,"",dl distributors,"",1-10,dldist.ee
estonia,2019,whalesheaven,internet,linkedin.com/company/whalesheaven,tallinn,whalesheaven,harjumaa,1-10,whalesheaven.com
estonia,1992,kprintestonia,printing,linkedin.com/company/kprintestonia,tallinn,k-print,harjumaa,51-200,k-print.ee
estonia,2016,biometric,biotechnology,linkedin.com/company/biometric,tallinn,biometric,harjumaa,1-10,biometricdental.com
estonia,2014,autlo,automotive,linkedin.com/company/autlo,tartu,autlo oü,tartumaa,1-10,autlo.com
estonia,2008,unlimited-media-o-,motion pictures and film,linkedin.com/company/unlimited-media-o-,"",unlimited media oü,"",1-10,unlimitedmedia.ee
estonia,2016,createstio,graphic design,linkedin.com/company/createstio,tallinn,createst,harjumaa,1-10,createst.io
estonia,2006,titania-tõlked-oü,translation and localization,linkedin.com/company/titania-tõlked-oü,tallinn,titania translation agency | titania tõlkebüroo,harjumaa,11-50,titania.ee
estonia,2019,launch-in-india,management consulting,linkedin.com/company/launch-in-india,tallinn,launch in india,harjumaa,1-10,launchinindia.co
estonia,2016,robokoding,consumer electronics,linkedin.com/company/robokoding,tammiste kula,robokoding oü,hiiumaa,1-10,robokoding.com
estonia,2010,world-mobile,telecommunications,linkedin.com/company/world-mobile,tallinn,world mobile,harjumaa,11-50,worldmobile.ee
estonia,2015,raamatuvahetus-oü,consumer services,linkedin.com/company/raamatuvahetus-oü,viljandi,raamatuvahetus oü,viljandimaa,1-10,""
estonia,"",tervisekassa,insurance,linkedin.com/company/tervisekassa,harju,tervisekassa (estonian health insurance fund),hiiumaa,51-200,""
estonia,"",ab-solutions,mechanical or industrial engineering,linkedin.com/company/ab-solutions,"",ab solutions,"",1-10,ab-solutions.org
estonia,2011,7blaze-o-,marketing and advertising,linkedin.com/company/7blaze-o-,tallinn,7blaze social,harjumaa,11-50,7blaze.com
estonia,2009,metallurg-engineering,mining & metals,linkedin.com/company/metallurg-engineering,tallinn,metallurg engineering,harjumaa,11-50,metallurg.eu
estonia,"",repforce-o-,pharmaceuticals,linkedin.com/company/repforce-o-,"",repforce oü,"",1-10,repforce.ee
estonia,1993,pedab-baltics,information technology and services,linkedin.com/company/pedab-baltics,tallinn,pedab baltics,harjumaa,51-200,""
estonia,2018,sourcify-ou,logistics and supply chain,linkedin.com/company/sourcify-ou,tallinn,sourcify ou,harjumaa,1-10,sourcify.online
estonia,"",pgh-llc,telecommunications,linkedin.com/company/pgh-llc,"",pgh llc,"",51-200,tm3g.ee
estonia,2017,moms-avenue,information technology and services,linkedin.com/company/moms-avenue,tallinn,moms avenue,harjumaa,11-50,momsavenue.com
estonia,2015,leapin,information technology and services,linkedin.com/company/leapin,tallinn,leapin,harjumaa,51-200,leapin.eu
estonia,2000,printon-as,printing,linkedin.com/company/printon-as,tallinn,printon as,harjumaa,51-200,printon.ee
estonia,2018,mra-crypto,management consulting,linkedin.com/company/mra-crypto,tallinn,mra consulting,harjumaa,1-10,mracrypto.com
estonia,2017,crypto-consult,internet,linkedin.com/company/crypto-consult,tallinn,crypto consult,harjumaa,1-10,""
estonia,2003,articard-security,security and investigations,linkedin.com/company/articard-security,tallinn,articard security,harjumaa,11-50,articard.com.ua
estonia,2017,primablock,computer software,linkedin.com/company/primablock,tallinn,primablock,harjumaa,1-10,primablock.com
estonia,"",trip-to-mercury,marketing and advertising,linkedin.com/company/trip-to-mercury,tallinn,trip to mercury (360° marketing agency),harjumaa,1-10,triptomercury.com
estonia,2018,nomidman,information technology and services,linkedin.com/company/nomidman,tallinn,nomidman,harjumaa,1-10,nomidman.io
estonia,"",lingonordic,translation and localization,linkedin.com/company/lingonordic,tallinn,lingonordic,harjumaa,11-50,lingonordic.com
estonia,1999,geosoft-o-,retail,linkedin.com/company/geosoft-o-,tallinn,geosoft oü,harjumaa,1-10,geosoft.ee
estonia,"",eesti-p-evaleht,media production,linkedin.com/company/eesti-p-evaleht,tallinn,eesti päevaleht,harjumaa,51-200,epl.ee
estonia,2014,cubehub,telecommunications,linkedin.com/company/cubehub,tallinn,cubehub,harjumaa,1-10,cubehub.io
estonia,2013,one-more-rabbit,computer games,linkedin.com/company/one-more-rabbit,tallinn,one more rabbit,harjumaa,1-10,onemorerabbit.com
estonia,1998,balti-logistika,logistics and supply chain,linkedin.com/company/balti-logistika,tallinn,balti logistika,harjumaa,11-50,baltilogistika.com
estonia,"",magnusson-eesti,legal services,linkedin.com/company/magnusson-eesti,tallinn,magnusson eesti,harjumaa,11-50,""
estonia,"",kamovo-ou,information technology and services,linkedin.com/company/kamovo-ou,ilmatsalu,kamovo oü,tartu,1-10,kamovo.eu
estonia,2005,estnorlink-o-,translation and localization,linkedin.com/company/estnorlink-o-,"",estnorlink oü,"",1-10,estnorlink.ee
estonia,2007,icomtv,media production,linkedin.com/company/icomtv,tallinn,icomtv,harjumaa,1-10,icomtv.net
estonia,"",papatouch-o-,information technology and services,linkedin.com/company/papatouch-o-,"",papatouch oü,"",1-10,papatouch.com
estonia,2017,united-angels-vc,venture capital & private equity,linkedin.com/company/united-angels-vc,tallinn,united angels vc,harjumaa,1-10,unitedangels.vc
estonia,2017,outvio,computer software,linkedin.com/company/outvio,tallinn,outvio,harjumaa,1-10,outvio.com
estonia,2012,kolm-porsakest,entertainment,linkedin.com/company/kolm-porsakest,tartu,kolm põrsakest,tartumaa,11-50,kolmporsakest.ee
estonia,2017,the-consu-lt,information technology and services,linkedin.com/company/the-consu-lt,tori,the consult,paernumaa,1-10,theconsu.lt
estonia,2009,greaton,information technology and services,linkedin.com/company/greaton,tallinn,greaton,harjumaa,1-10,greaton.ee
estonia,"",law-office-tark-&-co,legal services,linkedin.com/company/law-office-tark-&-co,"",law office tark & co,"",11-50,tarkco.com
estonia,2009,setup_2,information technology and services,linkedin.com/company/setup_2,"",setup,"",11-50,setup.ee
estonia,2018,howtobeagile,information technology and services,linkedin.com/company/howtobeagile,harju,howtobeagile oü,hiiumaa,1-10,howtobeagile.eu
estonia,2008,raulwalter,information technology and services,linkedin.com/company/raulwalter,tallinn,raulwalter llc,harjumaa,11-50,raulwalter.com
estonia,2014,paladingroup-oü,information technology and services,linkedin.com/company/paladingroup-oü,tallinn,paladingroup oü,harjumaa,1-10,paladin.ee
estonia,"",beebimaailm-grupp-oü,"",linkedin.com/company/beebimaailm-grupp-oü,"",beebimaailm grupp oü,"",1-10,beebimaailm.ee
estonia,2020,vipex-exchange,financial services,linkedin.com/company/vipex-exchange,harju,vipex,hiiumaa,1-10,vipex.ai
