country,founded,id,industry,linkedin_url,locality,name,region,size,website
finland,1989,kopar-group,mechanical or industrial engineering,linkedin.com/company/kopar-group,"",kopar group,"",51-200,kopar.fi
finland,2001,teknologiakeskus-innopark---technology-centre-innopark,facilities services,linkedin.com/company/teknologiakeskus-innopark---technology-centre-innopark,hameenlinna,teknologiakeskus innopark - technology centre innopark,southern finland,11-50,innopark.fi
finland,"",vp-global-oy,biotechnology,linkedin.com/company/vp-global-oy,joensuu,vp global oy,north karelia,1-10,""
finland,"",pilke-päiväkodit-oy,education management,linkedin.com/company/pilke-päiväkodit-oy,"",pilke päiväkodit oy,"",1001-5000,pilkepaivakodit.fi
finland,1999,voima-kustannus-oy,publishing,linkedin.com/company/voima-kustannus-oy,helsinki,voima kustannus oy,uusimaa,1-10,voima.fi
finland,2016,te3-oy,"health, wellness and fitness",linkedin.com/company/te3-oy,helsinki,te3 oy,southern finland,1-10,te3mobility.com
finland,"",direktmedia-121-oy,marketing and advertising,linkedin.com/company/direktmedia-121-oy,helsinki,bisnode marketing oy,uusimaa,1-10,""
finland,2003,pohjolan-mylly,marketing and advertising,linkedin.com/company/pohjolan-mylly,helsinki,pohjolan mylly,uusimaa,11-50,mylly.fi
finland,"",taito-kymenlaakso-ry,"",linkedin.com/company/taito-kymenlaakso-ry,"",taito kymenlaakso ry,"",1-10,taitokymenlaakso.fi
finland,2013,pohjolasairaala,hospital & health care,linkedin.com/company/pohjolasairaala,helsinki,pohjola sairaala,southern finland,201-500,pohjolasairaala.fi
finland,2015,nepalilainenravintola-imatra,food & beverages,linkedin.com/company/nepalilainenravintola-imatra,imatra,nepalilainen ravintola royal gurkha - imatra,southern finland,1-10,royalgurkha.fi
finland,2001,sigmatic-oy,information technology and services,linkedin.com/company/sigmatic-oy,helsinki,sigmatic oy,uusimaa,11-50,sigmatic.fi
finland,2020,resete,telecommunications,linkedin.com/company/resete,helsinki,resete,southern finland,11-50,resete.fi
finland,"",wartsila-corporation,business supplies and equipment,linkedin.com/company/wartsila-corporation,helsinki,wartsila corporation,uusimaa,51-200,""
finland,2014,mepay,financial services,linkedin.com/company/mepay,espoo,mepay oy,uusimaa,1-10,mepay.fi
finland,2007,lumise,automotive,linkedin.com/company/lumise,lappi,lumise oy,oulu,11-50,lumise.fi
finland,1958,triplex-inc-,wholesale,linkedin.com/company/triplex-inc-,tampere,"triplex, inc.",pirkanmaa,51-200,triplex-inc.com
finland,"",bromance-productions-oy,entertainment,linkedin.com/company/bromance-productions-oy,helsinki,bromance productions oy,southern finland,1-10,bromanceproductions.com
finland,2020,nordic-natural-beauty-awards-ltd,marketing and advertising,linkedin.com/company/nordic-natural-beauty-awards-ltd,jyvaskyla,nordic natural beauty awards ltd,western finland,1-10,nordicnaturalbeautyawards.com
finland,1982,finnfoamoy,building materials,linkedin.com/company/finnfoamoy,salo,finnfoam oy,finland proper,51-200,finnfoam.fi
finland,2006,citywork-oy,staffing and recruiting,linkedin.com/company/citywork-oy,"",citywork oy,"",1001-5000,citywork.fi
finland,1998,rentcenter-tampere-oy,automotive,linkedin.com/company/rentcenter-tampere-oy,tampere,rentcenter tampere oy,pirkanmaa,1-10,rentcenter.net
finland,2007,sauna-from-finland,"health, wellness and fitness",linkedin.com/company/sauna-from-finland,jyvaskyla,sauna from finland,western finland,1-10,saunafromfinland.com
finland,2013,centibel-ltd,internet,linkedin.com/company/centibel-ltd,espoo,centibel,uusimaa,1-10,centibel.com
finland,2008,spraytecoy,mechanical or industrial engineering,linkedin.com/company/spraytecoy,nummela,spraytec oy,uusimaa,1-10,spraytec.fi
finland,"",savon-kuituverkko-oy,telecommunications,linkedin.com/company/savon-kuituverkko-oy,kuopio,savon kuituverkko oy,eastern finland,1-10,savonkuitu.fi
finland,"",autokoulu-smart-driver,education management,linkedin.com/company/autokoulu-smart-driver,turku,autokoulu smart driver,finland proper,1-10,smartdriver.fi
finland,"",kalmariunion-oy,accounting,linkedin.com/company/kalmariunion-oy,turku,kalmariunion oy,finland proper,1-10,kalmaritilintarkastus.fi
finland,2007,mutex-oy,information technology and services,linkedin.com/company/mutex-oy,lappeenranta,mutex oy,south karelia,1-10,muukka.net
finland,2014,agalma-films,media production,linkedin.com/company/agalma-films,"",agalma films,"",1-10,agalmafilms.com
finland,2004,groove-thing-oy,entertainment,linkedin.com/company/groove-thing-oy,oulu,groove thing oy,northern ostrobothnia,1-10,groovething.fi
finland,2016,tee-2-green,sports,linkedin.com/company/tee-2-green,helsinki,tee 2 green oy,uusimaa,1-10,t2g.fi
finland,2018,foreigner-fi,online media,linkedin.com/company/foreigner-fi,espoo,foreigner.fi,uusimaa,11-50,foreigner.fi
finland,2002,arkkitehdit-kirsi-korhonen-ja-mika-penttinen-oy,architecture & planning,linkedin.com/company/arkkitehdit-kirsi-korhonen-ja-mika-penttinen-oy,helsinki,arkkitehdit kirsi korhonen ja mika penttinen oy,southern finland,11-50,kp-ark.fi
finland,2010,fitcomm,public relations and communications,linkedin.com/company/fitcomm,helsinki,fitcomm,southern finland,1-10,fitcomm.fi
finland,"",pohjois-karjalan-kansanterveyden-keskus---north-carelia-center-for-public-health,"health, wellness and fitness",linkedin.com/company/pohjois-karjalan-kansanterveyden-keskus---north-carelia-center-for-public-health,joensuu,pohjois-karjalan kansanterveyden keskus - north carelia center for public health,north karelia,11-50,kansanterveys.info
finland,2017,mevent-oy,events services,linkedin.com/company/mevent-oy,tampere,mevent oy,pirkanmaa,1-10,mevent.fi
finland,2001,quattroservices-oy,mechanical or industrial engineering,linkedin.com/company/quattroservices-oy,espoo,quattroservices oy,uusimaa,51-200,quattroservices.fi
finland,2011,saunayoga-international-ltd,"health, wellness and fitness",linkedin.com/company/saunayoga-international-ltd,helsinki,saunayoga international ltd,uusimaa,1-10,saunayoga.com
finland,2018,gofinance-fi,financial services,linkedin.com/company/gofinance-fi,helsinki,gofinance.fi,uusimaa,1-10,gofinance.fi
finland,"",teohydrauli,wholesale,linkedin.com/company/teohydrauli,espoo,teohydrauli,southern finland,11-50,teohydrauli.fi
finland,"",omago,automotive,linkedin.com/company/omago,helsinki,omago oy,southern finland,1-10,omago.fi
finland,"",metsa-wood,building materials,linkedin.com/company/metsa-wood,espoo,metsä wood,southern finland,1001-5000,metsawood.com
finland,"",binary-solutions,information technology and services,linkedin.com/company/binary-solutions,"",binary solutions,"",1-10,binary.fi
finland,"",ahltronix-oy,electrical/electronic manufacturing,linkedin.com/company/ahltronix-oy,"",ahltronix oy,"",201-500,""
finland,"",luxaflex-scandinavia,"",linkedin.com/company/luxaflex-scandinavia,"",luxaflex scandinavia,"",1-10,luxaflex.fi
finland,2017,kasvuio,fund-raising,linkedin.com/company/kasvuio,"",kasvu.io growth venture oy,"",1-10,kasvu.io
finland,2016,rushfinland,sports,linkedin.com/company/rushfinland,helsinki,rushfinland,uusimaa,11-50,rushfinland.fi
finland,2010,metosin,information technology and services,linkedin.com/company/metosin,tampere,metosin,pirkanmaa,11-50,metosin.fi
finland,2015,vestiarium-oy,apparel & fashion,linkedin.com/company/vestiarium-oy,helsinki,vestiarium oy,southern finland,1-10,vestiarium.net
finland,2012,artsmanagementh,performing arts,linkedin.com/company/artsmanagementh,helsinki,arts management helsinki,uusimaa,1-10,artsmanagement.fi
finland,2020,ankaafinland,textiles,linkedin.com/company/ankaafinland,tampere,ankaa finland,pirkanmaa,1-10,ankaa-store.com
finland,2002,ahooycreative,marketing and advertising,linkedin.com/company/ahooycreative,savo,ahooy creative,western finland,11-50,ahooy.fi
finland,1904,tampereen-teatteri,performing arts,linkedin.com/company/tampereen-teatteri,tampere,tampereen teatteri,pirkanmaa,51-200,tampereenteatteri.fi
finland,2017,turhat-oy,entertainment,linkedin.com/company/turhat-oy,"",turhat oy,"",1-10,turhat.com
finland,2009,cinnamon-graphics,graphic design,linkedin.com/company/cinnamon-graphics,kiiminki,cinnamon graphics,northern ostrobothnia,1-10,cinnamon.fi
finland,"",nammo-vihtavuori-oy,defense & space,linkedin.com/company/nammo-vihtavuori-oy,laukaa,nammo vihtavuori oy,central finland,51-200,vihtavuori.com
finland,2015,halie-oy,marketing and advertising,linkedin.com/company/halie-oy,espoo,halie oy,uusimaa,1-10,halie.fi
finland,2014,hervanta-consulting-group-hcg-,management consulting,linkedin.com/company/hervanta-consulting-group-hcg-,tampere,hervanta consulting group (hcg),pirkanmaa,1-10,hervantaconsulting.com
finland,2003,probis-solutions-oy,information technology and services,linkedin.com/company/probis-solutions-oy,jyvaskyla,probis solutions oy,western finland,11-50,probissolutions.fi
finland,2015,fineq-international-oy,consumer goods,linkedin.com/company/fineq-international-oy,kontiolahti,fineq international oy,eastern finland,1-10,fineq.fi
finland,2010,variantti-oy,management consulting,linkedin.com/company/variantti-oy,lohja,variantti oy,uusimaa,1-10,variantti.fi
finland,2015,shrifinland,telecommunications,linkedin.com/company/shrifinland,turku,moitele.com,finland proper,1-10,moitele.com
finland,2002,ac-oulu,sports,linkedin.com/company/ac-oulu,"",ac oulu,oulu,11-50,acoulu.fi
finland,1995,uudistunet-oy,management consulting,linkedin.com/company/uudistunet-oy,lahti,uudistunet oy,päijänne tavastia,1-10,uudistu.net
finland,2010,educluster-finland,education management,linkedin.com/company/educluster-finland,jyvaskyla,educluster finland,western finland,51-200,educlusterfinland.fi
finland,2013,vakuutusvahti-oy,insurance,linkedin.com/company/vakuutusvahti-oy,helsinki,vakuutusvahti oy,southern finland,1-10,vakuutusvahti.fi
finland,2007,syfo-oy,management consulting,linkedin.com/company/syfo-oy,helsinki,syfo oy,uusimaa,1-10,syfo.fi
finland,2010,rehakka-group,automotive,linkedin.com/company/rehakka-group,pirkkala,rehakka group oy,pirkanmaa,1-10,rehakkagroup.com
finland,1987,havi-oy,consumer goods,linkedin.com/company/havi-oy,imatra,havi oy,southern finland,51-200,havipro.fi
finland,2013,design-via-liivika,design,linkedin.com/company/design-via-liivika,helsinki,design via liivika,uusimaa,1-10,dvl.fi
finland,2015,inia-solutions,information technology and services,linkedin.com/company/inia-solutions,helsinki,inia solutions,uusimaa,1-10,inia.fi
finland,"",oheistaidekoti,"",linkedin.com/company/oheistaidekoti,"",oheistaidekoti,"",1-10,""
finland,"",capsil-oy,"",linkedin.com/company/capsil-oy,"",capsil oy,"",1-10,capsil.fi
finland,2011,green-fuel-nordic-oy,oil & energy,linkedin.com/company/green-fuel-nordic-oy,haluna,green fuel nordic oy,eastern finland,1-10,greenfuelnordic.fi
finland,2016,enfuce,financial services,linkedin.com/company/enfuce,espoo,enfuce financial services,uusimaa,51-200,enfuce.com
finland,1999,bistro-sa,restaurants,linkedin.com/company/bistro-sa,tampere,bistro sa,pirkanmaa,501-1000,kansasgrill.com
finland,"",sh-teksor-oy,machinery,linkedin.com/company/sh-teksor-oy,tuusula,sh-teksor oy,uusimaa,11-50,sh-teksor.fi
finland,2020,swanlakestrategy,management consulting,linkedin.com/company/swanlakestrategy,helsinki,swanlake,uusimaa,1-10,swanlakestrategy.com
finland,"",korkia,financial services,linkedin.com/company/korkia,helsinki,korkia,southern finland,51-200,korkia.fi
finland,"",yhtyneet-insin-rit-oy,design,linkedin.com/company/yhtyneet-insin-rit-oy,espoo,yhtyneet insinöörit oy,uusimaa,11-50,yhtyneetinsinoorit.fi
finland,1957,summanen-oy,mechanical or industrial engineering,linkedin.com/company/summanen-oy,lahti,summanen oy,päijänne tavastia,11-50,summanen.fi
finland,1974,tm-system-finland-oy,mechanical or industrial engineering,linkedin.com/company/tm-system-finland-oy,turku,tm system finland oy,finland proper,51-200,tmsystems.com
finland,2017,solwers,civil engineering,linkedin.com/company/solwers,helsinki,solwers plc,uusimaa,51-200,solwers.fi
finland,2019,tervesyn-pharma,pharmaceuticals,linkedin.com/company/tervesyn-pharma,helsinki,tervesyn pharma,southern finland,1-10,tervesyn.com
finland,2006,tigger,machinery,linkedin.com/company/tigger,sastamala,tigger,pirkanmaa,1-10,tigger.fi
finland,2017,uxcamp-nordic,design,linkedin.com/company/uxcamp-nordic,helsinki,uxcamp nordic,southern finland,11-50,uxcampnordic.com
finland,2004,tricton-oy,design,linkedin.com/company/tricton-oy,lahti,tricton oy,southern finland,1-10,tricton.fi
finland,2001,directors'​-institute-of-finland---hallitusammattilaiset-ry,non-profit organization management,linkedin.com/company/directors'​-institute-of-finland---hallitusammattilaiset-ry,helsinki,directors'​ institute finland,uusimaa,51-200,""
finland,1993,akk-sports-ltd-,sports,linkedin.com/company/akk-sports-ltd-,vantaa,akk sports ltd.,uusimaa,11-50,autourheilu.fi
finland,"",savosolaroyj,oil & energy,linkedin.com/company/savosolaroyj,vantaa,savosolar oyj,uusimaa,11-50,savosolar.com
finland,2003,helsingin-vihreät-nuoret,political organization,linkedin.com/company/helsingin-vihreät-nuoret,helsinki,helsingin vihreät nuoret – young greens of helsinki,uusimaa,1-10,nuhevi.net
finland,2011,suomen-laatuvalaisin-oy,retail,linkedin.com/company/suomen-laatuvalaisin-oy,helsinki,suomen laatuvalaisin oy,uusimaa,1-10,laatuvalaisin.fi
finland,2010,finnish-belarusian-chamber-of-commerce,international trade and development,linkedin.com/company/finnish-belarusian-chamber-of-commerce,helsinki,finnish belarusian chamber of commerce,uusimaa,1-10,becham.fi
finland,2015,tt-valmennus-oy,professional training & coaching,linkedin.com/company/tt-valmennus-oy,helsinki,tt valmennus oy - intouttavaa talouden valmennusta,uusimaa,1-10,ttvalmennus.fi
finland,2008,cupori,building materials,linkedin.com/company/cupori,pori,cupori,satakunta,11-50,cupori.com
finland,2016,gutsy-animations,media production,linkedin.com/company/gutsy-animations,helsinki,gutsy animations,uusimaa,11-50,gutsy.fi
finland,2007,zestmark,professional training & coaching,linkedin.com/company/zestmark,"",zestmark,"",1-10,zestmark.fi
finland,2009,nikama-design-oy,design,linkedin.com/company/nikama-design-oy,jääli,nikama design oy,northern ostrobothnia,1-10,nikamadesign.fi
finland,2011,n2-nolla,design,linkedin.com/company/n2-nolla,helsinki,n2 nolla,uusimaa,1-10,n2nolla.fi
finland,2003,base-catering,food & beverages,linkedin.com/company/base-catering,helsinki,base catering,uusimaa,1-10,basecatering.fi
finland,"",sacrun-oy,consumer goods,linkedin.com/company/sacrun-oy,helsinki,sacrum oy,southern finland,11-50,sacrum.fi
finland,1999,tripbrasil-turismo,"leisure, travel & tourism",linkedin.com/company/tripbrasil-turismo,helsinki,tripbrasil turismo,uusimaa,1-10,tripbrasil.com
finland,1997,tofuture-oy,computer software,linkedin.com/company/tofuture-oy,espoo,tofuture oy,uusimaa,1-10,tofuture.eu
finland,2019,eat-shoot-drive-oy,"leisure, travel & tourism",linkedin.com/company/eat-shoot-drive-oy,kittila,eat shoot drive oy,lapland,1-10,eatshootdrive.com
finland,"",jokihydro-oy,"",linkedin.com/company/jokihydro-oy,"",jokihydro oy,"",1-10,jokihydro.fi
finland,"",hansara-oy,international trade and development,linkedin.com/company/hansara-oy,"",hansara oy,"",11-50,hansara.fi
finland,2006,it-systems-finland-oy,information technology and services,linkedin.com/company/it-systems-finland-oy,espoo,brave digital oy,uusimaa,11-50,brave.fi
finland,"",navidom-oy,"",linkedin.com/company/navidom-oy,"",navidom oy,"",1-10,navidom.fi
finland,2010,datakala,information technology and services,linkedin.com/company/datakala,helsinki,datakala,uusimaa,1-10,datakala.fi
finland,2016,satafarma-oy,pharmaceuticals,linkedin.com/company/satafarma-oy,pori,satafarma oy,satakunta,11-50,""
finland,"",europcar-suomi,"leisure, travel & tourism",linkedin.com/company/europcar-suomi,vantaa,europcar suomi,uusimaa,51-200,europcar.fi
finland,2017,v2apps,information technology and services,linkedin.com/company/v2apps,turku,v2apps,finland proper,1-10,""
finland,2007,benemen-finland,information technology and services,linkedin.com/company/benemen-finland,helsinki,benemen finland,uusimaa,11-50,benemen.fi
finland,"",ncc-roads-oy,building materials,linkedin.com/company/ncc-roads-oy,vantaa,ncc roads oy,uusimaa,11-50,""
finland,1997,pool-interactive-ab,information technology and services,linkedin.com/company/pool-interactive-ab,närpes,pool interactive ab,ostrobothnia,1-10,pool.fi
finland,2015,fotonilabs-oy,computer software,linkedin.com/company/fotonilabs-oy,"",fotonilabs oy,uusimaa,1-10,fotonilabs.com
finland,2013,aiedesign-osk,design,linkedin.com/company/aiedesign-osk,mikkeli,aiedesign osk,southern savonia,11-50,aiedesign.fi
finland,1894,k-t-tähtinen-oy,construction,linkedin.com/company/k-t-tähtinen-oy,pori,k.t.tähtinen oy,satakunta,51-200,kttahtinen.fi
finland,2017,workboost-finland,human resources,linkedin.com/company/workboost-finland,tampere,workboost finland,pirkanmaa,1-10,workboost.eu
finland,2017,grus-technologies-oy,information technology and services,linkedin.com/company/grus-technologies-oy,espoo,grus technologies oy,uusimaa,1-10,grus.fi
finland,1911,teollisuustaiteen-liitto-ornamo,design,linkedin.com/company/teollisuustaiteen-liitto-ornamo,helsinki,the finnish association of designers ornamo,uusimaa,11-50,""
finland,2006,netfordcapital,financial services,linkedin.com/company/netfordcapital,tampere,oy netford capital ltd,pirkanmaa,1-10,netfordcapital.com
finland,1982,kausalan-pinnoite-oy,construction,linkedin.com/company/kausalan-pinnoite-oy,kausala,kausalan pinnoite oy,kymenlaakso,11-50,kausalanpinnoite.fi
finland,2014,epic-foods,food production,linkedin.com/company/epic-foods,helsinki,epic foods,uusimaa,11-50,epic.fi
finland,1995,saga-care-finland-oy,hospital & health care,linkedin.com/company/saga-care-finland-oy,helsinki,saga care finland oy,uusimaa,501-1000,sagacare.fi
finland,1992,optimi-training-oy,education management,linkedin.com/company/optimi-training-oy,helsinki,optimi training oy,uusimaa,1-10,optimitraining.fi
finland,2007,codership,computer software,linkedin.com/company/codership,helsinki,codership - galera cluster,uusimaa,1-10,galeracluster.com
finland,2018,happy-bob-by-harald-ai,"health, wellness and fitness",linkedin.com/company/happy-bob-by-harald-ai,espoo,happy bob by harald ai,uusimaa,1-10,happybob.app
finland,2008,luhta-kiinteistöt,real estate,linkedin.com/company/luhta-kiinteistöt,lahti,luhta-kiinteistöt oy,päijänne tavastia,1-10,luhta-kiinteistot.fi
finland,2009,masor-works,machinery,linkedin.com/company/masor-works,nokia,masor works,pirkanmaa,51-200,masorworks.fi
finland,2017,lintulan-luova-toimisto,marketing and advertising,linkedin.com/company/lintulan-luova-toimisto,valkeakoski,lintulan luova toimisto,pirkanmaa,1-10,lintulan.com
finland,"",pakilanseurakunta,public relations and communications,linkedin.com/company/pakilanseurakunta,helsinki,pakilan seurakunta,uusimaa,11-50,helsinginseurakunnat.fi
finland,2014,pr-lounge,public relations and communications,linkedin.com/company/pr-lounge,helsinki,pr lounge,uusimaa,1-10,prlounge.co
finland,2009,developer's-helsinki-ltd,internet,linkedin.com/company/developer's-helsinki-ltd,helsinki,developer's helsinki ltd,uusimaa,1-10,developers.fi
finland,2002,tuntinetti,human resources,linkedin.com/company/tuntinetti,helsinki,tuntinetti,uusimaa,11-50,tuntinetti.fi
finland,1862,tikkurila-oyj,chemicals,linkedin.com/company/tikkurila-oyj,vantaa,tikkurila oyj,uusimaa,1001-5000,tikkurilagroup.com
finland,2010,wevolve-us,think tanks,linkedin.com/company/wevolve-us,helsinki,wevolve.us,southern finland,1-10,wevolve.us
finland,2004,valopi-oy-ltd,e-learning,linkedin.com/company/valopi-oy-ltd,tampere,valopi oy ltd,pirkanmaa,1-10,valopi.fi
finland,2001,santashotels,"leisure, travel & tourism",linkedin.com/company/santashotels,rovaniemi,hotel santa claus,lapland,51-200,hotelsantaclaus.fi
finland,"",oy-roltrade-ab,design,linkedin.com/company/oy-roltrade-ab,helsinki,oy roltrade ab,uusimaa,11-50,roltrade.com
finland,2017,give-and-take-io,marketing and advertising,linkedin.com/company/give-and-take-io,jyvaskyla,give and take io,western finland,1-10,give-and-take.io
finland,2012,haha-&-ha,design,linkedin.com/company/haha-&-ha,helsinki,haha & ha,southern finland,1-10,hahaha.fi
finland,2018,6k-media-oy,media production,linkedin.com/company/6k-media-oy,helsinki,6k media oy,southern finland,1-10,6kmedia.fi
finland,2017,qadental,hospital & health care,linkedin.com/company/qadental,helsinki,qadental,uusimaa,1-10,qadental.com
finland,2018,neural-dsp-technologies,music,linkedin.com/company/neural-dsp-technologies,helsinki,neural dsp technologies,uusimaa,51-200,neuraldsp.com
finland,"",fincoat-ltd,machinery,linkedin.com/company/fincoat-ltd,"",fincoat ltd,"",1-10,fincoat.fi
finland,2005,time-to-rethink,marketing and advertising,linkedin.com/company/time-to-rethink,tolby,time to rethink,western finland,1-10,timetorethink.fi
finland,1987,comgateoy,computer software,linkedin.com/company/comgateoy,helsinki,comgate oy,uusimaa,1-10,comgate.fi
finland,2010,playpay-ltd,online media,linkedin.com/company/playpay-ltd,"",playpay ltd,"",1-10,ebitahouse.fi
finland,2008,easm-alumni,sports,linkedin.com/company/easm-alumni,"",easm alumni,"",1-10,easm-alumni.net
finland,1984,suomen-imurikeskus-oy,machinery,linkedin.com/company/suomen-imurikeskus-oy,pomarkku,suomen imurikeskus oy,satakunta,11-50,""
finland,2008,sarokal-solutions-oy,computer software,linkedin.com/company/sarokal-solutions-oy,oulu,sarokal test systems oy,northern ostrobothnia,1-10,sarokal.fi
finland,"",jobinvest,professional training & coaching,linkedin.com/company/jobinvest,vaasa,jobinvest,ostrobothnia,1-10,jobinvest.dk
finland,2013,pyynikin-käsityöläispanimo,food & beverages,linkedin.com/company/pyynikin-käsityöläispanimo,tampere,pyynikin käsityöläispanimo,pirkanmaa,11-50,pyynikin.com
finland,2003,aito-media,media production,linkedin.com/company/aito-media,helsinki,aito media,uusimaa,11-50,aitomedia.fi
finland,"",tikon-oy,computer software,linkedin.com/company/tikon-oy,espoo,tikon oy,uusimaa,51-200,tikon.fi
finland,2016,kidous,education management,linkedin.com/company/kidous,espoo,kidous - digital support for early childhood educators,uusimaa,1-10,""
finland,"",wereldhave-finland-oy,think tanks,linkedin.com/company/wereldhave-finland-oy,"",wereldhave finland oy,"",1-10,""
finland,"",pharma-industry-finland,pharmaceuticals,linkedin.com/company/pharma-industry-finland,"",pharma industry finland,"",11-50,pif.fi
finland,"",tr-biten-ab,arts and crafts,linkedin.com/company/tr-biten-ab,"",träbiten ab,"",1-10,trabiten.ax
finland,1989,planmed-oy,medical devices,linkedin.com/company/planmed-oy,helsinki,planmed oy,uusimaa,51-200,planmed.com
finland,1982,positiivarit,retail,linkedin.com/company/positiivarit,lahti,positiivarit oy,southern finland,1-10,positiivarit.fi
finland,2014,taikait-oy,information technology and services,linkedin.com/company/taikait-oy,helsinki,taikait oy,uusimaa,1-10,taikait.fi
finland,1984,irti-huumeista,non-profit organization management,linkedin.com/company/irti-huumeista,helsinki,irti huumeista,southern finland,1-10,irtihuumeista.fi
finland,2016,waccessory,consumer goods,linkedin.com/company/waccessory,helsinki,waccessory,uusimaa,1-10,waccessory.co
finland,"",sek-public-oy,public relations and communications,linkedin.com/company/sek-public-oy,helsinki,sek public oy,uusimaa,1-10,""
finland,2016,kalamakasiini-oy,wholesale,linkedin.com/company/kalamakasiini-oy,helsinki,kalamakasiini oy,uusimaa,1-10,kalamakasiini.fi
finland,2007,tekme-oy,facilities services,linkedin.com/company/tekme-oy,hameenlinna,tekme oy,southern finland,201-500,tekme.fi
finland,1975,hrk-konevuokraamot,machinery,linkedin.com/company/hrk-konevuokraamot,kangasala,hämeen rakennuskone oy,pirkanmaa,51-200,hrk.fi
finland,1936,turun-kesäyliopisto,education management,linkedin.com/company/turun-kesäyliopisto,turku,turun kesäyliopisto,finland proper,1-10,turunkesayliopisto.fi
finland,2008,new-dawn-oy,marketing and advertising,linkedin.com/company/new-dawn-oy,turku,new dawn oy,finland proper,1-10,newdawn.fi
finland,"",zyframining,information technology and services,linkedin.com/company/zyframining,helsinki,zyfra mining,southern finland,201-500,zyframining.com
finland,1816,poliisi,law enforcement,linkedin.com/company/poliisi,helsinki,poliisi - polisen - police of finland,uusimaa,5001-10000,poliisi.fi
finland,"",paiste-productions,information technology and services,linkedin.com/company/paiste-productions,"",paiste productions,"",1-10,paistepro.fi
finland,2015,suomen-liikennemediat-oy,marketing and advertising,linkedin.com/company/suomen-liikennemediat-oy,helsinki,suomen liikennemediat oy,southern finland,11-50,bussimainos.com
finland,2014,uudenmaankoulutuskeskus,education management,linkedin.com/company/uudenmaankoulutuskeskus,helsinki,uudenmaan koulutuskeskus,southern finland,11-50,koulutuskeskus.com
finland,"",forest-pilot-center-oy,paper & forest products,linkedin.com/company/forest-pilot-center-oy,"",forest pilot center oy,"",1-10,fpc.fi
finland,2007,vantaan-energia-sähköverkot-oy,oil & energy,linkedin.com/company/vantaan-energia-sähköverkot-oy,vantaa,vantaan energia sähköverkot oy,uusimaa,51-200,vantaanenergiasahkoverkot.fi
finland,2001,emeca-oy,construction,linkedin.com/company/emeca-oy,koylio,emeca oy,western finland,11-50,emeca.fi
finland,1984,flink-engineering-ab-oy,electrical/electronic manufacturing,linkedin.com/company/flink-engineering-ab-oy,jakobstad,flink engineering ab oy,ostrobothnia,1-10,flinkengineering.com
finland,2007,autotoday,online media,linkedin.com/company/autotoday,helsinki,autotoday,southern finland,1-10,autotoday.fi
finland,1977,sailab-medtech-finland,hospital & health care,linkedin.com/company/sailab-medtech-finland,helsinki,sailab - medtech finland,uusimaa,1-10,sailab.fi
finland,2012,pohjolan-lviturva-oy,consumer services,linkedin.com/company/pohjolan-lviturva-oy,jyvaskyla,pohjolan lviturva oy,western finland,51-200,lviturva.fi
finland,"",kauklahden-hammaslääkärit,"",linkedin.com/company/kauklahden-hammaslääkärit,"",kauklahden hammaslääkärit,"",1-10,kauklahdenhammaslaakarit.fi
finland,"",valimoinstituutti,mechanical or industrial engineering,linkedin.com/company/valimoinstituutti,tampere,valimoinstituutti,pirkanmaa,11-50,valimoinstituutti.fi
finland,2014,tovarimarketing,marketing and advertising,linkedin.com/company/tovarimarketing,joensuu,tovari oy,eastern finland,11-50,tovari.fi
finland,2016,espoon-oma-panimo,food & beverages,linkedin.com/company/espoon-oma-panimo,espoo,espoon oma panimo,uusimaa,1-10,omapanimo.fi
finland,2012,mould-mate-oy,mechanical or industrial engineering,linkedin.com/company/mould-mate-oy,nokia,mould mate oy,pirkanmaa,11-50,mouldmate.fi
finland,2015,demande-oy,staffing and recruiting,linkedin.com/company/demande-oy,helsinki,demande oy,southern finland,1001-5000,demande.fi
finland,"",markantalo-oy,consumer electronics,linkedin.com/company/markantalo-oy,"",markantalo oy,"",11-50,markantalo.fi
finland,2010,finnhems,hospital & health care,linkedin.com/company/finnhems,vantaa,finnhems oy,uusimaa,11-50,finnhems.fi
finland,2014,wago-finland-oy,electrical/electronic manufacturing,linkedin.com/company/wago-finland-oy,oulu,wago finland oy,northern ostrobothnia,11-50,""
finland,2000,studio-skaala,photography,linkedin.com/company/studio-skaala,helsinki,studio skaala oy,uusimaa,11-50,studioskaala.fi
finland,1956,snellmanedu,higher education,linkedin.com/company/snellmanedu,savo,snellmanedu,western finland,1-10,snellmankesayliopisto.fi
finland,2008,uudenmaan-insinööriopiskelijat-uio-ry,civic & social organization,linkedin.com/company/uudenmaan-insinööriopiskelijat-uio-ry,helsinki,uudenmaan insinööriopiskelijat uio ry,uusimaa,11-50,uio.fi
finland,2014,a-fredrikson-research-&-consulting-ltd,paper & forest products,linkedin.com/company/a-fredrikson-research-&-consulting-ltd,"",a fredrikson research & consulting ltd,"",1-10,afrc.fi
finland,1998,firma-henrik-hedberg,internet,linkedin.com/company/firma-henrik-hedberg,inga,firma henrik hedberg,southern finland,1-10,hedberg.biz
finland,"",carioca-consulting-oy,computer software,linkedin.com/company/carioca-consulting-oy,"",carioca consulting oy,"",1-10,carioca-consulting.com
finland,2000,ahti-vesalainen-oy,furniture,linkedin.com/company/ahti-vesalainen-oy,lahti,ahti vesalainen oy,päijänne tavastia,1-10,vesalainen.fi
finland,2016,gdpr-tech,information technology and services,linkedin.com/company/gdpr-tech,espoo,gdpr tech,uusimaa,1-10,gdprtech.com
finland,1993,stofix-group,construction,linkedin.com/company/stofix-group,oulu,stofix group,northern ostrobothnia,11-50,stofix.com
finland,2010,hueman,online media,linkedin.com/company/hueman,tampere,hueman,pirkanmaa,1-10,hueman.fi
finland,"",heinolan-kaupunki,government administration,linkedin.com/company/heinolan-kaupunki,heinola,heinolan kaupunki - city of heinola,southern finland,1001-5000,heinola.fi
finland,2009,nordic-telecom-oy,telecommunications,linkedin.com/company/nordic-telecom-oy,helsinki,nordic telecom ltd,uusimaa,11-50,nordictele.com
finland,"",initec-finland-oy,information technology and services,linkedin.com/company/initec-finland-oy,"",initec finland oy,"",1-10,nod32.fi
finland,2011,repack,consumer services,linkedin.com/company/repack,helsinki,repack ♻,uusimaa,11-50,originalrepack.com
finland,2017,breaksfinland,professional training & coaching,linkedin.com/company/breaksfinland,helsinki,breaks finland,southern finland,1-10,breaks.fi
finland,1877,finnish-red-cross,non-profit organization management,linkedin.com/company/finnish-red-cross,helsinki,finnish red cross,uusimaa,1001-5000,punainenristi.fi
finland,2003,opiferum,information technology and services,linkedin.com/company/opiferum,hameenlinna,opiferum oy,southern finland,1-10,opiferum.fi
finland,2020,varietyactsfinland,performing arts,linkedin.com/company/varietyactsfinland,helsinki,variety acts finland,uusimaa,1-10,""
finland,"",volyymi-oy,marketing and advertising,linkedin.com/company/volyymi-oy,helsinki,volyymi oy,uusimaa,11-50,volyymi.com
finland,2020,uzs,information technology and services,linkedin.com/company/uzs,helsinki,unitary zero space,uusimaa,1-10,unitaryzerospace.com
finland,2012,exaget-ltd-,telecommunications,linkedin.com/company/exaget-ltd-,espoo,exaget ltd.,uusimaa,1-10,exaget.com
finland,2006,seasong,events services,linkedin.com/company/seasong,sipoo,seasong,southern finland,1-10,seasong.fi
finland,2000,zebrabil,automotive,linkedin.com/company/zebrabil,maarianhamina,zebrabil ab,aland,1-10,zebrabil.ax
finland,"",mainiot-software-oy,information technology and services,linkedin.com/company/mainiot-software-oy,tampere,mainiot software oy,pirkanmaa,11-50,mainiot.fi
finland,1905,rakennusmestarit-ja-insinöörit-amk-rkl-ry,non-profit organization management,linkedin.com/company/rakennusmestarit-ja-insinöörit-amk-rkl-ry,helsinki,rakennusmestarit ja -insinöörit amk rkl ry,southern finland,5001-10000,rkl.fi
finland,"",inno-isannointi-oy,real estate,linkedin.com/company/inno-isannointi-oy,espoo,inno isännöinti oy,uusimaa,11-50,innoisannointi.fi
finland,1948,snt-group-oy,textiles,linkedin.com/company/snt-group-oy,"",snt-group oy,"",51-200,snt-group.fi
finland,2012,social-media-fab-oy,marketing and advertising,linkedin.com/company/social-media-fab-oy,helsinki,social media fab oy,uusimaa,1-10,socialmediafab.com
finland,"",datame-ltd,telecommunications,linkedin.com/company/datame-ltd,"",datame ltd,"",1-10,datame.fi
finland,2016,iotas-oy,computer software,linkedin.com/company/iotas-oy,"",iotas oy - intelligence of things and services,"",1-10,thingserv.com
finland,2019,wellfare-oasis-community,food & beverages,linkedin.com/company/wellfare-oasis-community,vantaa,wellfare oasis community,uusimaa,1-10,woc.fi
finland,1934,ril-finnish-association-of-civil-engineers,civil engineering,linkedin.com/company/ril-finnish-association-of-civil-engineers,helsinki,ril - suomen rakennusinsinöörien liitto - finnish association of civil engineers,uusimaa,11-50,ril.fi
finland,2001,seniorisaatio,hospital & health care,linkedin.com/company/seniorisaatio,helsinki,helsingin seniorisäätiö,uusimaa,501-1000,seniorisaatio.fi
finland,2012,klopal,information technology and services,linkedin.com/company/klopal,turku,klopal,finland proper,11-50,klopal.com
finland,2003,activeark-jwt-ltd-,marketing and advertising,linkedin.com/company/activeark-jwt-ltd-,helsinki,activeark jwt ltd.,uusimaa,51-200,activearkjwt.com
finland,1954,finnshipping,maritime,linkedin.com/company/finnshipping,helsinki,oy finnshipping ltd.,southern finland,11-50,finnshipping.fi
finland,2020,fairforce,renewables & environment,linkedin.com/company/fairforce,helsinki,fairforce,uusimaa,51-200,fairforce.tech
finland,"",salamabrewing,food & beverages,linkedin.com/company/salamabrewing,espoo,salama brewing co.,southern finland,1-10,salamabrewing.com
finland,1985,fms-tools-oy,mechanical or industrial engineering,linkedin.com/company/fms-tools-oy,helsinki,oy fms-tools ab,uusimaa,1-10,fms-tools.fi
finland,2012,vivo-visions-oy,sports,linkedin.com/company/vivo-visions-oy,turku,vivo visions oy,finland proper,1-10,vivovisions.fi
finland,"",ministry-of-education-and-culture-finland,government administration,linkedin.com/company/ministry-of-education-and-culture-finland,"","ministry of education and culture, finland","",201-500,minedu.fi
finland,"",tampere-university-of-technology,research,linkedin.com/company/tampere-university-of-technology,"",tampere university of technology,"",1001-5000,tut.fi
finland,"",ahaa-mainos-oy,"",linkedin.com/company/ahaa-mainos-oy,"",ahaa-mainos oy,"",1-10,""
finland,2016,accountor-software,computer software,linkedin.com/company/accountor-software,helsinki,accountor software,uusimaa,51-200,accountorsoftware.fi
finland,2013,alfatv,broadcast media,linkedin.com/company/alfatv,kerava,alfatv,southern finland,11-50,alfatv.fi
finland,"",teerenhovi,design,linkedin.com/company/teerenhovi,helsinki,teerenhovi,uusimaa,1-10,teerenhovi.fi
finland,2010,mikrobioni-oy,environmental services,linkedin.com/company/mikrobioni-oy,kuopio,mikrobioni oy,eastern finland,11-50,mikrobioni.fi
finland,2016,aini-design-oy,graphic design,linkedin.com/company/aini-design-oy,helsinki,aini design oy,uusimaa,1-10,ainidesign.fi
finland,1988,pinelinegroup,commercial real estate,linkedin.com/company/pinelinegroup,"",pinelinegroup,tavastia proper,1-10,pinelinegroup.com
finland,2013,infomaatti-oy,computer software,linkedin.com/company/infomaatti-oy,"",infomaatti oy,central finland,1-10,infomaatti.fi
finland,2004,hoffmanco-international-oy,"health, wellness and fitness",linkedin.com/company/hoffmanco-international-oy,helsinki,hoffmanco international oy,uusimaa,1-10,hoffmanco.fi
finland,1916,tevo-lokomo,machinery,linkedin.com/company/tevo-lokomo,tampere,tevo lokomo,pirkanmaa,51-200,tevo.fi
finland,2010,finkova-oy,import and export,linkedin.com/company/finkova-oy,vantaa,finkova oy,uusimaa,1-10,finkova.fi
finland,"",siliaoy,marketing and advertising,linkedin.com/company/siliaoy,helsinki,siliä oy,southern finland,1-10,silia.fi
finland,2018,recticel-insulation-sverige,building materials,linkedin.com/company/recticel-insulation-sverige,mantsala,recticel insulation sweden,southern finland,201-500,""
finland,2013,mop-,consumer services,linkedin.com/company/mop-,kouvola,mopp,kymenlaakso,11-50,mopp.com
finland,1882,anvia,telecommunications,linkedin.com/company/anvia,vaasa,anvia,ostrobothnia,201-500,anvia.fi
finland,2015,hotellinuuksio,hospitality,linkedin.com/company/hotellinuuksio,espoo,hotelli nuuksio,uusimaa,11-50,hotellinuuksio.fi
finland,2012,artlab-productions,media production,linkedin.com/company/artlab-productions,helsinki,artlab productions,uusimaa,1-10,artlab.fi
finland,2019,mainframe-industries,computer games,linkedin.com/company/mainframe-industries,helsinki,mainframe industries,uusimaa,11-50,themainframe.com
finland,2019,vexve-armatury-group,mechanical or industrial engineering,linkedin.com/company/vexve-armatury-group,sastamala,vexve armatury group,pirkanmaa,501-1000,""
finland,2017,lead-audit-oy,financial services,linkedin.com/company/lead-audit-oy,hietalahti,lead audit oy,western finland,1-10,leadaudit.fi
finland,"",openbit-ltd,information technology and services,linkedin.com/company/openbit-ltd,"",openbit ltd,"",11-50,""
finland,2011,screen.io,information technology and services,linkedin.com/company/screen.io,helsinki,screen.io,uusimaa,1-10,screen.io
finland,"",keski-suomen-valokuituverkot-oy,telecommunications,linkedin.com/company/keski-suomen-valokuituverkot-oy,jyvaskyla,keski-suomen valokuituverkot oy,western finland,1-10,ksvv.fi
finland,1940,sotainvalidien-veljesliitto,government administration,linkedin.com/company/sotainvalidien-veljesliitto,helsinki,sotainvalidien veljesliitto,uusimaa,11-50,sotainvalidit.fi
finland,2007,nordichospitalitymanagement,hospitality,linkedin.com/company/nordichospitalitymanagement,sirkkakoski,nordic hospitality management,lapland,1-10,nordichospitality.fi
finland,2004,raut-kotka-oy,"leisure, travel & tourism",linkedin.com/company/raut-kotka-oy,salo,raut-kotka oy,finland proper,1-10,raut-kotka.fi
finland,"",marine-link,telecommunications,linkedin.com/company/marine-link,ruokolahti,marine-link,southern finland,11-50,marine-link.com
finland,1987,precedo-consulting,management consulting,linkedin.com/company/precedo-consulting,espoo,precedo consulting,uusimaa,1-10,precedoconsulting.com
finland,2019,rhoplusone,marketing and advertising,linkedin.com/company/rhoplusone,espoo,rho+1 - performance marketing agency,southern finland,1-10,rhoplusone.com
finland,"",fleetonomy-ai,computer software,linkedin.com/company/fleetonomy-ai,helsinki,fleetonomy.ai,uusimaa,1-10,fleetonomy.ai
finland,2000,advium-corporate-finance,investment banking,linkedin.com/company/advium-corporate-finance,helsinki,advium corporate finance,uusimaa,11-50,advium.fi
finland,1991,suomenurheiluhierojaopisto,"health, wellness and fitness",linkedin.com/company/suomenurheiluhierojaopisto,helsinki,suomen urheiluhierojaopisto,southern finland,11-50,suho.fi
finland,2012,wengle-osk,information technology and services,linkedin.com/company/wengle-osk,tampere,wengle osk,pirkanmaa,1-10,""
finland,"",ltp-logistics-oy,logistics and supply chain,linkedin.com/company/ltp-logistics-oy,vantaa,ltp logistics oy,uusimaa,51-200,ltplogistics.fi
finland,1954,un-association-of-finland-citizens'-global-platform,non-profit organization management,linkedin.com/company/un-association-of-finland-citizens'-global-platform,helsinki,un association of finland,southern finland,1-10,ykliitto.fi
finland,2014,mobile-soccer-academy,sports,linkedin.com/company/mobile-soccer-academy,helsinki,mobile soccer academy,uusimaa,1-10,""
finland,"",coachtoolssport,sports,linkedin.com/company/coachtoolssport,lahti,coachtools,päijänne tavastia,1-10,coachtools.fi
finland,1983,ark-vahtera-oy,architecture & planning,linkedin.com/company/ark-vahtera-oy,turku,ark vahtera oy,finland proper,11-50,arkvahtera.fi
finland,1989,pohjolarakennus,construction,linkedin.com/company/pohjolarakennus,helsinki,pohjola rakennus oy suomi,southern finland,201-500,pohjolarakennus.fi
finland,2002,capricode,computer software,linkedin.com/company/capricode,"",capricode,"",11-50,capricode.com
finland,2000,e21solutions,internet,linkedin.com/company/e21solutions,helsinki,e21 solutions oy,uusimaa,11-50,e21.fi
finland,"",scanfil-n.v.,plastics,linkedin.com/company/scanfil-n.v.,sievi,scanfil n.v.,northern ostrobothnia,201-500,""
finland,2012,beneway-oy,information technology and services,linkedin.com/company/beneway-oy,"",beneway oy,"",11-50,""
finland,2012,avustava-oy,management consulting,linkedin.com/company/avustava-oy,tampere,avustava oy,pirkanmaa,1-10,nocloud.fi
finland,2009,electrobike-scanfour-oy,consumer goods,linkedin.com/company/electrobike-scanfour-oy,vantaa,electrobike / scanfour oy,uusimaa,1-10,electrobike.fi
finland,2010,talousosaamo-oy,accounting,linkedin.com/company/talousosaamo-oy,helsinki,talousosaamo oy,southern finland,1-10,talousosaamo.fi
finland,2015,renderlights-oy,architecture & planning,linkedin.com/company/renderlights-oy,helsinki,renderlights oy,uusimaa,1-10,renderlights.com
finland,2017,comgarden-oy,public relations and communications,linkedin.com/company/comgarden-oy,jyvaskyla,comgarden oy,western finland,1-10,comgarden.fi
finland,1992,alphacom-finland,information technology and services,linkedin.com/company/alphacom-finland,kerava,alphacom finland,uusimaa,1-10,alphacom.fi
finland,1995,finnish-industry-investment-ltd,venture capital & private equity,linkedin.com/company/finnish-industry-investment-ltd,helsinki,finnish industry investment ltd,uusimaa,51-200,industryinvestment.com
finland,"",private-enterpreneurs-on-the-kimito-island,non-profit organization management,linkedin.com/company/private-enterpreneurs-on-the-kimito-island,"",private enterpreneurs on the kimito island,"",1-10,kimito.fi
finland,2016,sencom-oy,medical devices,linkedin.com/company/sencom-oy,joensuu,sencom oy,eastern finland,1-10,sencom.fi
finland,2004,suunnittelutoimisto-amerikka-oy,design,linkedin.com/company/suunnittelutoimisto-amerikka-oy,helsinki,suunnittelutoimisto amerikka oy,uusimaa,11-50,amerikka.fi
finland,"",widasys-oy,information technology and services,linkedin.com/company/widasys-oy,"",widasys oy,"",1-10,widasys.fi
finland,2012,bigdatapump,information technology and services,linkedin.com/company/bigdatapump,turku,bigdatapump,finland proper,51-200,bigdatapump.com
finland,"",finnish-ore-oy,wholesale,linkedin.com/company/finnish-ore-oy,"",finnish ore oy,tavastia proper,1-10,ore.fi
finland,2011,smarp-oy,information technology and services,linkedin.com/company/smarp-oy,helsinki,smarp,uusimaa,51-200,smarp.com
finland,1977,jomet-oy,machinery,linkedin.com/company/jomet-oy,forssa,jomet oy,southern finland,11-50,jomet.fi
finland,1935,lankapaja-oy,mechanical or industrial engineering,linkedin.com/company/lankapaja-oy,nummela,lankapaja oy,uusimaa,51-200,lankapaja.fi
finland,1985,administer-oy,accounting,linkedin.com/company/administer-oy,helsinki,administer oy,uusimaa,201-500,administer.fi
finland,2010,besase-oy,security and investigations,linkedin.com/company/besase-oy,naantali,besase oy,finland proper,1-10,besase.fi
finland,2007,curvyplanet,telecommunications,linkedin.com/company/curvyplanet,helsinki,moventura,uusimaa,1-10,moventura.com
finland,2007,pohjolan-werkonrakennus-oy,construction,linkedin.com/company/pohjolan-werkonrakennus-oy,"",pohjolan werkonrakennus oy,oulu,51-200,pwr.fi
finland,2011,revs-magazine,publishing,linkedin.com/company/revs-magazine,helsinki,revs magazine,uusimaa,1-10,revsmag.com
finland,2013,mental-trainers,human resources,linkedin.com/company/mental-trainers,helsinki,mental trainers,uusimaa,1-10,""
finland,2009,venture-partners-finland-oy,investment banking,linkedin.com/company/venture-partners-finland-oy,helsinki,venture partners finland oy,uusimaa,1-10,venturepartners.fi
