country,founded,id,industry,linkedin_url,locality,name,region,size,website
indonesia,"",pt-trayagantha-pinasthika,maritime,linkedin.com/company/pt-trayagantha-pinasthika,"",pt. trayagantha pinasthika,jakarta,11-50,trayagantha.com
indonesia,2011,motopit,automotive,linkedin.com/company/motopit,"",motopit,jakarta,1-10,motopit.com.tr
indonesia,2013,iliadi,oil & energy,linkedin.com/company/iliadi,"",pt iliadi cipta energi,jakarta,51-200,iliadi.com
indonesia,"",upt-bikk-karangsambung-lipi,information technology and services,linkedin.com/company/upt-bikk-karangsambung-lipi,"",upt bikk karangsambung lipi,"",11-50,""
indonesia,2011,indodeveloper-com,information technology and services,linkedin.com/company/indodeveloper-com,"",indodeveloper.com,jakarta,11-50,indodeveloper.com
indonesia,"",smk-negeri-5-bandung,education management,linkedin.com/company/smk-negeri-5-bandung,bandung,smk negeri 5 bandung,west java,51-200,""
indonesia,2006,pt-gj-international,civil engineering,linkedin.com/company/pt-gj-international,jakarta,pt. gj international,jakarta raya,11-50,pt-gji.com
indonesia,"",pt-sarana-artha-lestari,"",linkedin.com/company/pt-sarana-artha-lestari,"",pt. sarana artha lestari,"",11-50,sarana-arthalestari.com
indonesia,"",stt-sapta-taruna,"",linkedin.com/company/stt-sapta-taruna,"",sekolah tinggi teknologi sapta taruna,jakarta,11-50,""
indonesia,"",pt-wira-imaji-nyata,information technology and services,linkedin.com/company/pt-wira-imaji-nyata,"",pt wira imaji nyata,"",11-50,""
indonesia,1974,rispublawugm,publishing,linkedin.com/company/rispublawugm,"",unit riset dan publikasi fakultas hukum universitas gadjah mada,yogyakarta,11-50,""
indonesia,"",roda-lintas-khatulistiwa-cv,retail,linkedin.com/company/roda-lintas-khatulistiwa-cv,sidoarjo,"roda lintas khatulistiwa, cv",east java,11-50,""
indonesia,1988,satyagama-university,education management,linkedin.com/company/satyagama-university,cengkareng,satyagama university,jakarta,201-500,satyagama.ac.id
indonesia,2015,dropicts,outsourcing/offshoring,linkedin.com/company/dropicts,jakarta,dropicts,jakarta raya,1-10,""
indonesia,2015,pt.biopsagroteknoindonesia,electrical/electronic manufacturing,linkedin.com/company/pt.biopsagroteknoindonesia,bandung,pt. biops agrotekno indonesia,west java,11-50,biopsagrotekno.co.id
indonesia,2016,wiwe,information technology and services,linkedin.com/company/wiwe,"",wiwe,jakarta,11-50,wifiarewe.com
indonesia,2019,risequarters,marketing and advertising,linkedin.com/company/risequarters,bandung,rise quarters,west java,11-50,risequarters.com
indonesia,"",wanindo-prima-pt,marketing and advertising,linkedin.com/company/wanindo-prima-pt,jakarta,wanindo prima pt,jakarta raya,51-200,indoprima.com
indonesia,"",pt-indosurya-asset-management,"",linkedin.com/company/pt-indosurya-asset-management,"",pt. indosurya asset management,"",51-200,indosurya-assetmanagement.com
indonesia,"",pt-sadua-indo,"",linkedin.com/company/pt-sadua-indo,"",pt sadua indo,"",51-200,nurisadu.co.id
indonesia,"",sahid-batam-center-hotel-&-convention,hospitality,linkedin.com/company/sahid-batam-center-hotel-&-convention,"",sahid batam center hotel & convention,"",51-200,sahidbatamcenter.com
indonesia,"",pt-briscor-horizon,"",linkedin.com/company/pt-briscor-horizon,"",pt. briscor horizon,"",51-200,briscorhorizon.com
indonesia,"",cyronium,financial services,linkedin.com/company/cyronium,kebayoran baru,cyronium,jakarta,11-50,cyronium.com
indonesia,2013,ebl-icbb,farming,linkedin.com/company/ebl-icbb,bogor,ebl-icbb,jawa barat,11-50,ebl-icbb.com
indonesia,2016,faylinkhospitality,hospitality,linkedin.com/company/faylinkhospitality,"",faylink hospitality,"",1-10,faylinkhospitality.com
indonesia,2018,insun-power1,renewables & environment,linkedin.com/company/insun-power1,klaten,insun power,central java,11-50,insun-power.co.id
indonesia,"",pt-seiwa-indonesia,building materials,linkedin.com/company/pt-seiwa-indonesia,"",pt seiwa indonesia,"",51-200,""
indonesia,"",pt-tekno-klop-indonesia,business supplies and equipment,linkedin.com/company/pt-tekno-klop-indonesia,sidoarjo,pt tekno klop indonesia,east java,1-10,teknoklop.com
indonesia,"",pt-pertagas,oil & energy,linkedin.com/company/pt-pertagas,jakarta,pt pertagas,jakarta raya,201-500,""
indonesia,2009,insightgroupid,human resources,linkedin.com/company/insightgroupid,"",insight indonesia consulting,"",11-50,insightgroup.co.id
indonesia,2020,akkarindonesia,food & beverages,linkedin.com/company/akkarindonesia,"",akkar,yogyakarta,1-10,""
indonesia,2013,samawitravel,"leisure, travel & tourism",linkedin.com/company/samawitravel,"",saghara mahabbatain wisata (samawi travel),banten,1-10,samawitravel.com
indonesia,2008,canopy-art-bali,construction,linkedin.com/company/canopy-art-bali,sanur,canopy art bali,bali,11-50,canopyartbali.com
indonesia,2007,restoran-sederhana-jatiwaringin,restaurants,linkedin.com/company/restoran-sederhana-jatiwaringin,"",restoran sederhana jatiwaringin,jakarta,11-50,""
indonesia,2015,pt-hengyang-indonesia,luxury goods & jewelry,linkedin.com/company/pt-hengyang-indonesia,"",pt hengyang indonesia,"",1-10,hengyang.co.id
indonesia,1991,21-express,package/freight delivery,linkedin.com/company/21-express,jakarta,pt. globalindo dua satu ekspres (21express),jakarta raya,51-200,21express.co.id
indonesia,2019,revive-wood-products,paper & forest products,linkedin.com/company/revive-wood-products,semarang,revive wood products,jawa tengah,51-200,revivewoodproducts.com
indonesia,2010,cause-no-harm,management consulting,linkedin.com/company/cause-no-harm,gianyar,cause no harm,bali,1-10,cause-no-harm.com
indonesia,2019,grest,marketing and advertising,linkedin.com/company/grest,"",grest collective,jakarta,1-10,grest.co
indonesia,"",pt-pacific-global-utama,oil & energy,linkedin.com/company/pt-pacific-global-utama,jakarta,pt pacific global utama,jakarta,11-50,""
indonesia,2007,role-foundation-australia,non-profit organization management,linkedin.com/company/role-foundation-australia,nusa dua,r.o.l.e. foundation,bali,11-50,rolefoundation.org
indonesia,1964,university-of-muhammadiyah-malang,education management,linkedin.com/company/university-of-muhammadiyah-malang,malang,university of muhammadiyah malang,east java,501-1000,""
indonesia,2010,blastpro-pt-casa-sera-kirana-,events services,linkedin.com/company/blastpro-pt-casa-sera-kirana-,"",blastpro (pt. casa sera kirana),jakarta,11-50,blastpro.co.id
indonesia,"",pt-black-bear-resources-indonesia,chemicals,linkedin.com/company/pt-black-bear-resources-indonesia,jakarta,pt black bear resources indonesia,jakarta raya,51-200,bbri.co.id
indonesia,"",pt-konsep-sistem-indonesia,human resources,linkedin.com/company/pt-konsep-sistem-indonesia,"",pt konsep sistem indonesia,"",11-50,konsepsistem.co.id
indonesia,2009,licht,information technology and services,linkedin.com/company/licht,"",pt rekadia solusi teknologi,jakarta,1-10,rekadia.co.id
indonesia,2011,pt.-suntory-garuda-beverage,food & beverages,linkedin.com/company/pt.-suntory-garuda-beverage,"",suntory garuda,jakarta,1001-5000,suntorygaruda.co.id
indonesia,2012,desain-nusantara,construction,linkedin.com/company/desain-nusantara,bandung,desain nusantara,jawa barat,1-10,desainusantara.com
indonesia,"",sma-santo-carolus-surabaya,primary/secondary education,linkedin.com/company/sma-santo-carolus-surabaya,surabaya,sma santo carolus surabaya,jawa timur,51-200,""
indonesia,2017,elegant-wood-indonesia,building materials,linkedin.com/company/elegant-wood-indonesia,semarang,elegant wood indonesia,jawa tengah,51-200,wood-elegant.com
indonesia,2006,ibu-foundation,program development,linkedin.com/company/ibu-foundation,bandung,ibu foundation,west java,11-50,ibufoundation.or.id
indonesia,2009,amazing-bali,hospitality,linkedin.com/company/amazing-bali,"",amazing bali,"",1-10,amazing-bali.com
indonesia,2018,beebagi-id,fund-raising,linkedin.com/company/beebagi-id,bandung,beebagi.id,jawa barat,1-10,beebagi.id
indonesia,2006,3d-tech-pt.,information technology and services,linkedin.com/company/3d-tech-pt.,"","3d tech, pt.","",11-50,3dtech.co.id
indonesia,2017,pt-delta-edukasi-semesta,primary/secondary education,linkedin.com/company/pt-delta-edukasi-semesta,sidoarjo,pt. delta edukasi semesta,jawa timur,1-10,deltastan.com
indonesia,2016,artandtale,design,linkedin.com/company/artandtale,depok,art & tale,west java,1-10,artandtale.com
indonesia,2014,pt-berlian-amal-perkasa,construction,linkedin.com/company/pt-berlian-amal-perkasa,cilegon,pt. berlian amal perkasa,banten,11-50,""
indonesia,2015,shinta-vr,information technology and services,linkedin.com/company/shinta-vr,"",shinta vr,jakarta,11-50,shintavr.com
indonesia,2017,etanee,information technology and services,linkedin.com/company/etanee,barat,etanee.id,west java,11-50,etanee.id
indonesia,2012,revit-production,entertainment,linkedin.com/company/revit-production,tangerang,revit production,jawa barat,11-50,""
indonesia,2013,shortlr,internet,linkedin.com/company/shortlr,"",shortlr,jakarta,1-10,shortlr.com
indonesia,"",pt-suksesindo,information technology and services,linkedin.com/company/pt-suksesindo,"",pt.suksesindo,"",201-500,suksesindo.com
indonesia,2003,indonesian-service-bureau,management consulting,linkedin.com/company/indonesian-service-bureau,"",indonesian service bureau,jakarta,51-200,isb-eng.com
indonesia,2017,verikool,information technology and services,linkedin.com/company/verikool,jakarta,verikool,jakarta,1-10,verikool.com
indonesia,2013,banten-farm,food production,linkedin.com/company/banten-farm,serang,banten farm,banten,1-10,bantenfarm.com
indonesia,2016,pt.-nexgen-teknologi-mandiri,information technology and services,linkedin.com/company/pt.-nexgen-teknologi-mandiri,"",pt. nexgen teknologi mandiri,"",11-50,nexgen.id
indonesia,2008,purwa-farm,design,linkedin.com/company/purwa-farm,"",purwa farm,"",1-10,desainonline.com
indonesia,"",progresif,professional training & coaching,linkedin.com/company/progresif,bandung,rumah progresif,jawa barat,51-200,rumahprogresif.id
indonesia,2016,generasi-pesona-indonesia,"leisure, travel & tourism",linkedin.com/company/generasi-pesona-indonesia,"",generasi pesona indonesia,jakarta,1001-5000,genpi.id
indonesia,2002,pt-citra-persada-utama,import and export,linkedin.com/company/pt-citra-persada-utama,medan,pt. citra persada utama,north sumatra,11-50,citrapersadautama.com
indonesia,2015,behato,computer software,linkedin.com/company/behato,malang,batavia hack town,east java,1-10,behato.org
indonesia,2016,kkp-ri-wkpp-distrik-yawosi-biak-papua,fishery,linkedin.com/company/kkp-ri-wkpp-distrik-yawosi-biak-papua,jakarta pusat,kkp ri wkpp distrik yawosi - biak papua,jakarta raya,1-10,""
indonesia,2018,pt-astra-digital-internasional,information technology and services,linkedin.com/company/pt-astra-digital-internasional,"",pt astra digital internasional,jakarta,51-200,astradigital.id
indonesia,2013,nusatech-studio,information technology and services,linkedin.com/company/nusatech-studio,"",nusa tech studio,jakarta,11-50,nusatechstudio.com
indonesia,"",pt-pokasa,construction,linkedin.com/company/pt-pokasa,"",pt. pokasa,"",11-50,pokasa.co.id
indonesia,1994,pt-corsa-karya-mandiri,real estate,linkedin.com/company/pt-corsa-karya-mandiri,manado,pt. corsa karya mandiri,north sulawesi,11-50,corsakarya.com
indonesia,2016,pt-elmoz-geo-solusi,environmental services,linkedin.com/company/pt-elmoz-geo-solusi,tangerang,pt elmoz geo solusi,banten,11-50,elmoz.co.id
indonesia,2013,yudiflasher-it-&-multimedia-solution,information technology and services,linkedin.com/company/yudiflasher-it-&-multimedia-solution,bandung,anfo media informatika,jawa barat,11-50,anfo.co.id
indonesia,"",p-t-rakabu-sejahtra,furniture,linkedin.com/company/p-t-rakabu-sejahtra,"",p.t. rakabu sejahtra,central java,201-500,rakabusejahtra.com
indonesia,"",pt-mitra-usaha-pandu-artha,business supplies and equipment,linkedin.com/company/pt-mitra-usaha-pandu-artha,"",pt mitra usaha pandu artha,"",11-50,jasonindonesia.com
indonesia,2014,konsultan-seo-indonesia,information technology and services,linkedin.com/company/konsultan-seo-indonesia,"",appacyber network (acn),central java,1-10,appacyber.net
indonesia,1994,etcetera-entertainment,events services,linkedin.com/company/etcetera-entertainment,"",etcetera entertainment,jakarta,11-50,etcetera-show.biz
indonesia,"",keluarga-mahasiswa-wirausaha-feb-undip,non-profit organization management,linkedin.com/company/keluarga-mahasiswa-wirausaha-feb-undip,"",kelompok mahasiswa wirausaha feb undip,central java,51-200,""
indonesia,2020,wise-steps-consulting,"leisure, travel & tourism",linkedin.com/company/wise-steps-consulting,jakarta,wise steps consulting,jakarta,1-10,wisesteps.id
indonesia,"",mosaicart-3d-panel,architecture & planning,linkedin.com/company/mosaicart-3d-panel,"",mosaicart 3d panel,jakarta,1-10,mosaicart.id
indonesia,2012,liga-mahasiswa,sports,linkedin.com/company/liga-mahasiswa,"",liga mahasiswa,jakarta,11-50,ligamahasiswa.co.id
indonesia,2009,pt-lintas-mediasatu,events services,linkedin.com/company/pt-lintas-mediasatu,"",limasatu event management,jakarta,1-10,5satu.com
indonesia,2017,digital-marketer-co-id,telecommunications,linkedin.com/company/digital-marketer-co-id,bekasi,digitalmarketer. co.id,west java,51-200,digitalmarketer.co.id
indonesia,2019,jbbisnis,management consulting,linkedin.com/company/jbbisnis,jakarta,jbbisnis,jakarta,201-500,jbbisnis.com
indonesia,2014,cv-global-mandiri-technology,information technology and services,linkedin.com/company/cv-global-mandiri-technology,bekasi,global mandiri technology,jawa barat,11-50,globalmandiritechno.com
indonesia,2016,bizindoasia,management consulting,linkedin.com/company/bizindoasia,jakarta,"bizindo.com - indonesia company registration, permits, visa, market entry, sales & distribution",jakarta,11-50,bizindo.com
indonesia,2002,caspla-bali-seashell-products,import and export,linkedin.com/company/caspla-bali-seashell-products,denpasar,caspla bali seashell products,bali,51-200,baliseashell.com
indonesia,1991,cv-bintang-abadi-sejahtera,import and export,linkedin.com/company/cv-bintang-abadi-sejahtera,jakarta,cv. bintang abadi sejahtera,jakarta,1-10,bahteraonline.com
indonesia,2019,decodev-id,information technology and services,linkedin.com/company/decodev-id,karawang,decodev indonesia,west java,1-10,decodev.id
indonesia,1995,supermal-karawaci,retail,linkedin.com/company/supermal-karawaci,tangerang,pt supermal karawaci,banten,1001-5000,supermalkarawaci.com
indonesia,"",super-label-indonesia-pt,hospitality,linkedin.com/company/super-label-indonesia-pt,bekasi,"super label indonesia, pt",west java,1-10,""
indonesia,2000,esa-mandiri-teknologi,information technology and services,linkedin.com/company/esa-mandiri-teknologi,"",esa mandiri teknologi,jakarta,11-50,esatek.co.id
indonesia,1976,pt.-sehati-jaya-abadi-gemilang,building materials,linkedin.com/company/pt.-sehati-jaya-abadi-gemilang,"",pt. sehati jaya abadi gemilang (wisma sehati),"",11-50,""
indonesia,1984,pt.-catureka-adikrida,civil engineering,linkedin.com/company/pt.-catureka-adikrida,jakarta pusat,pt. catureka adikrida,jakarta raya,201-500,caturgroup.com
indonesia,2018,acebe,"health, wellness and fitness",linkedin.com/company/acebe,"",acebe,bali,1-10,acebe.de
indonesia,"",pt-fronte-classic-indonesia,automotive,linkedin.com/company/pt-fronte-classic-indonesia,"",pt. fronte classic indonesia,"",11-50,fronte-classic.co.id
indonesia,2019,executivetalentconsulting,human resources,linkedin.com/company/executivetalentconsulting,"",executive talent consulting,jakarta,1-10,et-consulting.com
indonesia,2015,esme-laboratory-mb-its,management consulting,linkedin.com/company/esme-laboratory-mb-its,surabaya,esme laboratory mb its,jawa timur,11-50,""
indonesia,2019,umrotix,"leisure, travel & tourism",linkedin.com/company/umrotix,"",umrotix,jakarta,11-50,umrotix.com
indonesia,2020,simpul-talenta-talent-hub,non-profit organization management,linkedin.com/company/simpul-talenta-talent-hub,"",simpul talenta-talent hub,jakarta,11-50,""
indonesia,"",techno-solution,"",linkedin.com/company/techno-solution,"",techno solution,"",51-200,technosolution.biz
indonesia,"",sma-islam-sinar-cendekia,higher education,linkedin.com/company/sma-islam-sinar-cendekia,south tangerang,sma islam sinar cendekia,banten,51-200,scislamicschool.com
indonesia,2009,pt-agromaret-digital-indonesia,internet,linkedin.com/company/pt-agromaret-digital-indonesia,bogor,pt agromaret digital indonesia,west java,1-10,agromaret.com
indonesia,"",universitas-kristen-indonesia-paulus,individual & family services,linkedin.com/company/universitas-kristen-indonesia-paulus,makassar,universitas kristen indonesia paulus,south sulawesi,11-50,""
indonesia,2012,igomad-technology,information technology and services,linkedin.com/company/igomad-technology,"",igomad technology,jakarta,1-10,igomad.co.id
indonesia,2015,artexdesign,design,linkedin.com/company/artexdesign,"",artex design corp,jakarta,1-10,artexdesign.id
indonesia,"",ultranesia,information technology and services,linkedin.com/company/ultranesia,purwokerto,ultranesia,jawa tengah,1-10,ultranesia.com
indonesia,1970,anzajkt,non-profit organization management,linkedin.com/company/anzajkt,selatan,australian and new zealand association (anza) jakarta,jawa timur,1-10,anzajakarta.com
indonesia,2016,signarama-pluit,marketing and advertising,linkedin.com/company/signarama-pluit,"",signarama pluit,jakarta,11-50,signarama.co.id
indonesia,"",naturesgem,"health, wellness and fitness",linkedin.com/company/naturesgem,"",natures gem,jakarta,1-10,naturesgem.co.id
indonesia,1988,agungrental,transportation/trucking/railroad,linkedin.com/company/agungrental,timur,agungrent,jawa timur,201-500,""
indonesia,"",maxima-arta-prima,business supplies and equipment,linkedin.com/company/maxima-arta-prima,"",pt. maxima arta prima,jakarta,51-200,mxm.co.id
indonesia,"",pt-trisula-kargo-ekspresindo,import and export,linkedin.com/company/pt-trisula-kargo-ekspresindo,"",pt. trisula kargo ekspresindo,jakarta,11-50,trisulakargo.co.id
indonesia,1997,transtama-logistics,logistics and supply chain,linkedin.com/company/transtama-logistics,"",transtama logistics,jakarta,51-200,transtama.com
indonesia,2005,kaplan-edupac-indonesia,education management,linkedin.com/company/kaplan-edupac-indonesia,selatan,official kaplan edupac indonesia,jawa timur,201-500,edupacindonesia.com
indonesia,2008,pt-sig-asia-seafood-industrial-group-,food production,linkedin.com/company/pt-sig-asia-seafood-industrial-group-,bitung,pt. sig asia,sulawesi utara,201-500,tunacatch.com
indonesia,"",pisa-kafe,entertainment,linkedin.com/company/pisa-kafe,"",pisa kafe,"",51-200,""
indonesia,2008,duacare,education management,linkedin.com/company/duacare,lumajang,duacare,jawa timur,11-50,duacare.org
indonesia,2001,center-for-indonesian-medical-students'​-activities,non-profit organization management,linkedin.com/company/center-for-indonesian-medical-students'​-activities,"",center for indonesian medical students'​ activities,jakarta,5001-10000,cimsa.or.id
indonesia,"",kpmg-indonesia,accounting,linkedin.com/company/kpmg-indonesia,"",kpmg indonesia,jakarta,1001-5000,""
indonesia,"",gunas-group,textiles,linkedin.com/company/gunas-group,jakarta,gunas group,jakarta raya,1-10,gunagroup.com
indonesia,2015,trusvation,financial services,linkedin.com/company/trusvation,"",trusvation,jakarta,1-10,trusvation.com
indonesia,1974,pt-wisma-sarana-teknik,civil engineering,linkedin.com/company/pt-wisma-sarana-teknik,"",pt wisma sarana teknik,jakarta,51-200,wisma.com
indonesia,2013,yanmuindonesia,international trade and development,linkedin.com/company/yanmuindonesia,"",pt. yanmu indonesia,yogyakarta,11-50,yanmu.co.id
indonesia,"",pt-karyadata-komunika,telecommunications,linkedin.com/company/pt-karyadata-komunika,"",pt karyadata komunika,"",51-200,""
indonesia,"",pt-kreasi,"",linkedin.com/company/pt-kreasi,"",pt kreasi,"",11-50,studiokreasi.com
indonesia,2015,flatpastel,computer games,linkedin.com/company/flatpastel,semarang,flatpastel entertainment,jawa tengah,1-10,flatpastel.id
indonesia,2019,batavia-advocatorum-b-av,law practice,linkedin.com/company/batavia-advocatorum-b-av,"",batavia advocatorum (b.av),jakarta,11-50,b-av.co
indonesia,1995,pt-sony-indonesia,consumer electronics,linkedin.com/company/pt-sony-indonesia,"",pt sony indonesia,jakarta,201-500,sony.co.id
indonesia,2005,thinking-room-inc-,graphic design,linkedin.com/company/thinking-room-inc-,"",thinking*room inc.,"",1-10,thinkingroominc.com
indonesia,"",asosiasi-digital-marketing-indonesia,civic & social organization,linkedin.com/company/asosiasi-digital-marketing-indonesia,"",asosiasi digital marketing indonesia,jakarta,10001+,adigimind.id
indonesia,"",pt-mensa-bina-sukses,consumer goods,linkedin.com/company/pt-mensa-bina-sukses,"",pt mensa bina sukses,"",1001-5000,www@mbs.co.id
indonesia,2016,technologue.id,online media,linkedin.com/company/technologue.id,"",technologue.id,"",1-10,technologue.id
indonesia,1991,pt-arum-mandiri-indonesia,real estate,linkedin.com/company/pt-arum-mandiri-indonesia,kendal,pt. arum mandiri indonesia,jawa tengah,51-200,arum-mandiri.com
indonesia,2009,miura-indonesia,machinery,linkedin.com/company/miura-indonesia,karawang,pt. miura indonesia,west java,51-200,""
indonesia,1996,pt.-graha-sumber-prima-elektronik,electrical/electronic manufacturing,linkedin.com/company/pt.-graha-sumber-prima-elektronik,"",pt. graha sumber prima elektronik,banten,201-500,gspe.co.id
indonesia,"",pt-rentokil-initial-indonesia,environmental services,linkedin.com/company/pt-rentokil-initial-indonesia,jakarta,pt. rentokil initial indonesia,jakarta,1001-5000,rentokil.co.id
indonesia,2012,lowyq,arts and crafts,linkedin.com/company/lowyq,malang,lowyq,jawa timur,1-10,lowyq.com
indonesia,"",pt-raptim-indonesia,"leisure, travel & tourism",linkedin.com/company/pt-raptim-indonesia,"",pt raptim indonesia,"",11-50,raptim-indonesia.co.id
indonesia,2012,foster-&-bridge-indonesia,professional training & coaching,linkedin.com/company/foster-&-bridge-indonesia,"",foster & bridge indonesia,jakarta,11-50,fosterandbridgeindonesia.com
indonesia,"",spil-university,logistics and supply chain,linkedin.com/company/spil-university,surabaya,spil university,east java,1001-5000,""
indonesia,"",benteler-distribution-indonesia,"",linkedin.com/company/benteler-distribution-indonesia,"",benteler distribution indonesia,"",1-10,benteler-distribution.co.id
indonesia,2014,pt--dts-engineering,civil engineering,linkedin.com/company/pt--dts-engineering,selatan,pt. dts engineering,jawa timur,1-10,enptdtse.com
indonesia,"",pt-astra-international-tbk-ud-trucks-sales-operations,automotive,linkedin.com/company/pt-astra-international-tbk-ud-trucks-sales-operations,"",pt astra international tbk. - ud trucks sales operations,jakarta,201-500,udtrucks-astra.co.id
indonesia,"",pengadilan-agama-bontang,information technology and services,linkedin.com/company/pengadilan-agama-bontang,"",pengadilan agama bontang,"",11-50,""
indonesia,"",javaro-coffee,"",linkedin.com/company/javaro-coffee,"",javaro coffee,"",1-10,javarocoffee.com
indonesia,2017,greenhousecowork,hospitality,linkedin.com/company/greenhousecowork,jakarta,greenhouse cowork,jakarta raya,11-50,greenhouse.id
indonesia,2014,pt-nusantara-global-inovasi,information technology and services,linkedin.com/company/pt-nusantara-global-inovasi,semarang,pt nusantara global inovasi (ngi),central java,11-50,nginovasi.com
indonesia,2001,transtv,broadcast media,linkedin.com/company/transtv,"",trans tv,jakarta,1001-5000,transtv.co.id
indonesia,"",rumah-sakit-columbia-asia---pulomas,hospital & health care,linkedin.com/company/rumah-sakit-columbia-asia---pulomas,"",rumah sakit columbia asia - pulomas,"",11-50,""
indonesia,2017,pt-sumber-multidaya-perkasa,food & beverages,linkedin.com/company/pt-sumber-multidaya-perkasa,"",sumber multidaya perkasa,jakarta,11-50,houseofspices.co
indonesia,2011,stealth-projects-inc,management consulting,linkedin.com/company/stealth-projects-inc,"",stealth projects inc,jakarta,11-50,""
indonesia,2017,pt-anugerah-daya-ternikini,staffing and recruiting,linkedin.com/company/pt-anugerah-daya-ternikini,utara,pt anugerah daya ternikini,jawa barat,51-200,kini-adt.com
indonesia,2019,mantapdjiwa,food & beverages,linkedin.com/company/mantapdjiwa,"",kedai kopi mantap djiwa,banten,1-10,mantapdjiwa.id
indonesia,2015,smartek-sistem-indonesia,information technology and services,linkedin.com/company/smartek-sistem-indonesia,"",smartek sistem indonesia,west java,1-10,smarteksistem.com
indonesia,2008,safabooking-indonesia,"leisure, travel & tourism",linkedin.com/company/safabooking-indonesia,"",safabooking indonesia,jakarta,11-50,safabooking.com
indonesia,"",taswin-sofian-music,music,linkedin.com/company/taswin-sofian-music,"",taswin sofian music,"",11-50,taswinsofianmusic.com
indonesia,"",pt.-gigantara,recreational facilities and services,linkedin.com/company/pt.-gigantara,"",pt. gigantara,"",11-50,borneotourgigant.com
indonesia,2016,belpatungan,education management,linkedin.com/company/belpatungan,"",belpatungan.com,jakarta,1-10,belpatungan.com
indonesia,2007,gunung-pantara-barisan,building materials,linkedin.com/company/gunung-pantara-barisan,medan,gunung pantara barisan,sumatera utara,1-10,gunungpantara.com
indonesia,2013,the-bnb-hotel-jakarta,hospitality,linkedin.com/company/the-bnb-hotel-jakarta,jakarta,the bnb hotel jakarta,jakarta raya,51-200,thebnbhotels.com
indonesia,"",pt-inti-jatam-pura,oil & energy,linkedin.com/company/pt-inti-jatam-pura,jakarta,pt inti jatam pura,jakarta,11-50,""
indonesia,2015,pt--kode-inkorporasi-teknologi-kodink-,information technology and services,linkedin.com/company/pt--kode-inkorporasi-teknologi-kodink-,bandung,pt. kode inkorporasi teknologi (kodink),jawa barat,1-10,kodink.co.id
indonesia,"",cv-rina-gunawan-wo-&-eo,events services,linkedin.com/company/cv-rina-gunawan-wo-&-eo,"",cv rina gunawan wo & eo,"",11-50,rinagunawan.com
indonesia,2000,lombokwisata,"leisure, travel & tourism",linkedin.com/company/lombokwisata,mataram,lombok wisata,west nusa tenggara,1-10,lombok-wisata.net
indonesia,"",piar-consulting,public relations and communications,linkedin.com/company/piar-consulting,"",piar consulting,"",11-50,""
indonesia,"",stickynootes-design,design,linkedin.com/company/stickynootes-design,malang,stickynootes design,jawa timur,1-10,""
indonesia,1958,iluniui,non-profit organization management,linkedin.com/company/iluniui,"",iluni ui (ikatan alumni universitas indonesia),jakarta,10001+,""
indonesia,2015,mataweb-media-teknologi,professional training & coaching,linkedin.com/company/mataweb-media-teknologi,tangerang,mataweb media teknologi,banten,1-10,matawebsite.com
indonesia,"",kroya-floors,building materials,linkedin.com/company/kroya-floors,surabaya,kroya floors,east java,501-1000,kroyafloors.co.id
indonesia,2015,contentro,media production,linkedin.com/company/contentro,jakarta,contentro,jakarta,11-50,contentro.com
indonesia,2017,houtencandles,arts and crafts,linkedin.com/company/houtencandles,bandung,houten candles,jawa barat,1-10,""
indonesia,1995,p-t-andalan-artha-advisindo-sekuritas,financial services,linkedin.com/company/p-t-andalan-artha-advisindo-sekuritas,jaya,p.t. andalan artha advisindo sekuritas,sulawesi selatan,51-200,aaasecurities.com
indonesia,"",karirpurwokerto,online media,linkedin.com/company/karirpurwokerto,purwokerto,karir purwokerto,jawa tengah,1-10,karirpurwokerto.com
indonesia,2019,flamecastle-hospitality,hospitality,linkedin.com/company/flamecastle-hospitality,"",flamecastle hospitality,"",1-10,flamecastle.com
indonesia,1968,pt-cipta-saksama-indonesia,automotive,linkedin.com/company/pt-cipta-saksama-indonesia,"",pt cipta saksama indonesia,jakarta,201-500,ciptamuffler.com
indonesia,2004,pt-marktel,transportation/trucking/railroad,linkedin.com/company/pt-marktel,bandung,pt marktel,west java,51-200,marktel.co.id
indonesia,2017,dancons-associates,legal services,linkedin.com/company/dancons-associates,"",dancons & associates,jakarta,1-10,dancons.associates
indonesia,2013,shoppertise,information technology and services,linkedin.com/company/shoppertise,barat,shoppertise,jawa timur,11-50,pocketbook.io
indonesia,2018,zerocarbon-network,environmental services,linkedin.com/company/zerocarbon-network,"",vertiz,west java,11-50,vertiz.io
indonesia,2008,inilah-com---pt-indonesian-news-center,broadcast media,linkedin.com/company/inilah-com---pt-indonesian-news-center,"",inilah.com - pt indonesian news center,jakarta,51-200,inilah.com
indonesia,"",infoscreening,media production,linkedin.com/company/infoscreening,"",infoscreening,jakarta,1-10,infoscreening.co
indonesia,1987,pt-wieda-sejahtera,textiles,linkedin.com/company/pt-wieda-sejahtera,"",pt wieda sejahtera,jakarta,501-1000,arjunawedabatik.co.id
indonesia,"",pt-atlantic-oilfield-services,oil & energy,linkedin.com/company/pt-atlantic-oilfield-services,jakarta,pt atlantic oilfield services,jakarta raya,11-50,ptaos.com
indonesia,2016,bali-internasional-teknologi,information technology and services,linkedin.com/company/bali-internasional-teknologi,denpasar,bali internasional teknologi,bali,11-50,balitekno.com
indonesia,2008,allegra-interiors,furniture,linkedin.com/company/allegra-interiors,denpasar,allegra interiors,bali,11-50,allegrainteriors.com
indonesia,1989,warisan,furniture,linkedin.com/company/warisan,kuta,warisan.com,bali,201-500,warisan.com
indonesia,2015,aptana-citra-solusindo,marketing and advertising,linkedin.com/company/aptana-citra-solusindo,selatan,aptana citra solusindo,jawa timur,201-500,aptana.co.id
indonesia,2016,supply-chain-logistics-center,management consulting,linkedin.com/company/supply-chain-logistics-center,tangerang,supply chain logistics center ( sclc ),banten,1-10,sclc.or.id
indonesia,2015,pt.-minda-perdana-indonesia,information technology and services,linkedin.com/company/pt.-minda-perdana-indonesia,bekasi,pt. minda perdana indonesia,jawa barat,11-50,mindaperdana.co.id
indonesia,2008,bencoolen-mall,real estate,linkedin.com/company/bencoolen-mall,bengkulu,bencoolen mall (pt impian bengkulu indah),bengkulu,11-50,bencoolenmall.com
indonesia,2017,legalku,legal services,linkedin.com/company/legalku,"",pt. legalku digital teknologi,jakarta,11-50,legalku.com
indonesia,1927,pt-santos-jaya-abadi,food & beverages,linkedin.com/company/pt-santos-jaya-abadi,sidoarjo,pt santos jaya abadi (kapal api global),east java,10001+,kapalapiglobal.com
indonesia,2017,wa-ras-warung-rasional,food & beverages,linkedin.com/company/wa-ras-warung-rasional,"",wa.ras warung rasional,jakarta,11-50,""
indonesia,"",pt-wisantra-mitra-abadi,consumer services,linkedin.com/company/pt-wisantra-mitra-abadi,"",pt wisantra mitra abadi,"",1-10,wisantra.com
indonesia,2010,amarterra-villa-&-spa-nusa-dua-bali,hospitality,linkedin.com/company/amarterra-villa-&-spa-nusa-dua-bali,badung,amarterra villa & spa nusa dua bali,bali,51-200,amarterravilla.com
indonesia,1984,pt-austindo-nusantara-jaya-tbk,farming,linkedin.com/company/pt-austindo-nusantara-jaya-tbk,"",pt. austindo nusantara jaya. tbk,"",1001-5000,anj-group.com
indonesia,2013,sahaware,computer software,linkedin.com/company/sahaware,bandung,sahaware teknologi indonesia,jawa barat,11-50,sahaware.co.id
indonesia,1980,pt-margacipta-wirasentosa,plastics,linkedin.com/company/pt-margacipta-wirasentosa,tangerang,pt. margacipta wirasentosa,banten,1001-5000,margacipta.com
indonesia,"",red-carpet-logistics,logistics and supply chain,linkedin.com/company/red-carpet-logistics,"",red carpet logistics,"",11-50,rcl.co.id
indonesia,2018,meanwhile-indonesia,online media,linkedin.com/company/meanwhile-indonesia,sleman,meanwhile indonesia,yogyakarta,11-50,meanwhileidn.com
indonesia,2009,phasedev,information technology and services,linkedin.com/company/phasedev,jakarta,phasedev,jakarta,1-10,phasedev.com
indonesia,"",unzipcreative,marketing and advertising,linkedin.com/company/unzipcreative,"",unzip,jakarta,1-10,""
indonesia,2007,jakarta-street-looks,publishing,linkedin.com/company/jakarta-street-looks,jakarta,jakarta street looks,jakarta raya,1-10,jakartastreetlooks.com
indonesia,1998,pt-malang-post-cemerlang,newspapers,linkedin.com/company/pt-malang-post-cemerlang,malang,pt. malang post cemerlang,east java,51-200,malang-post.com
indonesia,2011,guten-inc,retail,linkedin.com/company/guten-inc,bandung,guten.inc,west java,11-50,""
indonesia,"",pt-direktori-bisnis-online,fishery,linkedin.com/company/pt-direktori-bisnis-online,"",pt direktori bisnis online,"",11-50,""
indonesia,2005,toucanecofloors,building materials,linkedin.com/company/toucanecofloors,barat,toucanecofloors,jawa timur,11-50,toucanecofloors.com
indonesia,2000,creativenet,computer networking,linkedin.com/company/creativenet,surabaya,creativenet,jawa timur,11-50,creativenet.co.id
indonesia,1997,daily-solopos,publishing,linkedin.com/company/daily-solopos,"",daily solopos,central java,51-200,solopos.com
indonesia,2014,sap-express,logistics and supply chain,linkedin.com/company/sap-express,"","pt. satria antaran prima tbk ("sap express"​)",jakarta,1001-5000,sap-express.id
indonesia,2011,edena-orchards,food production,linkedin.com/company/edena-orchards,bogor,pt. indo agroforestry,west java,11-50,edenaorchards.com
indonesia,"",pt-mnc-asuransi-indonesia,insurance,linkedin.com/company/pt-mnc-asuransi-indonesia,jakarta,pt mnc asuransi indonesia,jakarta,11-50,mnc-insurance.com
indonesia,"",pt-bumi-raya-segar,food & beverages,linkedin.com/company/pt-bumi-raya-segar,surabaya,pt bumi raya segar,east java,11-50,bumirayasegar.com
indonesia,2018,idgi,information technology and services,linkedin.com/company/idgi,"",inti dharma global indo,jakarta,201-500,intidharma.co.id
indonesia,"",pt-sentra-power-nusantara,"",linkedin.com/company/pt-sentra-power-nusantara,"",pt. sentra power nusantara,"",11-50,sentrapower.com
indonesia,2007,newlife-villas,hospitality,linkedin.com/company/newlife-villas,"",newlife villas,bali,11-50,""
indonesia,"",tvn-solutions,information technology and services,linkedin.com/company/tvn-solutions,denpasar,tvn solutions,bali,1-10,tvnsolutions.com
indonesia,2001,frontier-technology-indonesia,information technology and services,linkedin.com/company/frontier-technology-indonesia,"",frontier technology indonesia,jakarta,11-50,frontiertech.co.id
indonesia,1990,pt-tri-indonusa-surya,information technology and services,linkedin.com/company/pt-tri-indonusa-surya,"",pt tri indonusa,jakarta,11-50,tri-indonusa.com
indonesia,"",lembaga-manajemen-formasi,internet,linkedin.com/company/lembaga-manajemen-formasi,"",lembaga manajemen formasi,"",1-10,""
indonesia,2009,pt-teratai-mas-samudera-tms-cargo-,logistics and supply chain,linkedin.com/company/pt-teratai-mas-samudera-tms-cargo-,"",pt. teratai mas samudera (tms cargo),jakarta,201-500,tmscargo.com
indonesia,2004,pt-easton-kaleris-indonesia,cosmetics,linkedin.com/company/pt-easton-kaleris-indonesia,jakarta,pt. easton kaleris indonesia,jakarta,501-1000,vivelle-wesley.com
indonesia,2017,ray-white-juanda-bandung,real estate,linkedin.com/company/ray-white-juanda-bandung,bandung,ray white juanda bandung,jawa barat,11-50,""
indonesia,2004,pt-mitra-pelita-internusa,wholesale,linkedin.com/company/pt-mitra-pelita-internusa,"",pt. mitra pelita internusa,jakarta,11-50,uni-books.co
indonesia,"",suwanda-karya-mandiri,civil engineering,linkedin.com/company/suwanda-karya-mandiri,bandung,pt suwanda karya mandiri,west java,11-50,""
indonesia,2019,ptstar,computer software,linkedin.com/company/ptstar,kebon jeruk,pt synergy teknologi asia raya,jakarta,11-50,ptstar.id
indonesia,"",pt-bonanza-megah,food production,linkedin.com/company/pt-bonanza-megah,semarang,pt. bonanza megah,central java,201-500,bonanzamegahoil.com
indonesia,2015,djojokarsonogroup,entertainment,linkedin.com/company/djojokarsonogroup,banjarsari,djojokarsono group,central java,11-50,djojokarsonogroup.com
indonesia,1971,peruri,printing,linkedin.com/company/peruri,"",peruri,jakarta,1001-5000,peruri.co.id
indonesia,2016,faindonesia,venture capital & private equity,linkedin.com/company/faindonesia,"",fa indonesia,east java,51-200,faindonesia.co.id
indonesia,2019,ux-orbit-design,design,linkedin.com/company/ux-orbit-design,"",ux orbit design,west java,1-10,uxorbitdesign.com
indonesia,"",redeem-strategic-media,graphic design,linkedin.com/company/redeem-strategic-media,"",redeem strategic media,"",1-10,redeemstrategic.com
indonesia,2020,skolla-edtech,e-learning,linkedin.com/company/skolla-edtech,"",skolla edtech,jakarta,11-50,skolla.online
indonesia,2017,eguards.id,security and investigations,linkedin.com/company/eguards.id,bekasi,eguards indonesia,jawa barat,11-50,eguards.id
indonesia,2001,pt-multi-prima-mandiri-perkasa,import and export,linkedin.com/company/pt-multi-prima-mandiri-perkasa,jatinegara,pt bintang samudera asia,sumatera utara,51-200,""
indonesia,1962,ministry-of-research-and-technology,government administration,linkedin.com/company/ministry-of-research-and-technology,"","ministry of research, technology and higher education indonesia",jakarta,501-1000,ristekdikti.go.id
indonesia,2003,the-indonesian-mediation-center-pusat-mediasi-nasional-pmn-,alternative dispute resolution,linkedin.com/company/the-indonesian-mediation-center-pusat-mediasi-nasional-pmn-,"",pmn (pusat mediasi nasional® / the indonesian mediation center®),"",1-10,pmn.or.id
indonesia,2018,bekantan-creative,marketing and advertising,linkedin.com/company/bekantan-creative,"",bekantan creative,jakarta,1-10,bekantancreative.com
indonesia,2020,pt-tetap-naik-bukan-turun,cosmetics,linkedin.com/company/pt-tetap-naik-bukan-turun,"",pt tetap naik bukan turun,jakarta,11-50,my-solution.co.id
indonesia,"",teknik-open-house,education management,linkedin.com/company/teknik-open-house,depok,teknik open house,jawa barat,11-50,""
indonesia,"",bapr-id,photography,linkedin.com/company/bapr-id,selatan,"bapr indo tama, pt",jawa timur,11-50,bapr.id
indonesia,2016,wegooid,events services,linkedin.com/company/wegooid,bogor,wegoo.id,jawa barat,1-10,wegoo.id
indonesia,2016,workskills-academy-indonesia,education management,linkedin.com/company/workskills-academy-indonesia,jakarta,workskills academy indonesia,jakarta raya,1-10,workskiilsacademyindonesia.com
indonesia,2017,irregular,online media,linkedin.com/company/irregular,"",irregular,yogyakarta,1-10,irregular.id
indonesia,1992,shl-hospitality-consulting-ltd.,hospitality,linkedin.com/company/shl-hospitality-consulting-ltd.,"",shl hospitality consulting ltd.,"",1-10,shlconsult.com
indonesia,"",pt-zte-agribusiness-indonesia,oil & energy,linkedin.com/company/pt-zte-agribusiness-indonesia,jakarta,pt. zte agribusiness indonesia,jakarta,11-50,""
indonesia,"",pt-raja-kamar-international,hospitality,linkedin.com/company/pt-raja-kamar-international,gambir,pt raja kamar international,jakarta,11-50,rajakamar.com
indonesia,2013,forum-kajian-perikanan,research,linkedin.com/company/forum-kajian-perikanan,"",forum kajian perikanan (fkp),yogyakarta,1-10,kajianperikanan.com
indonesia,"",pt-bprs-vitka-central,"",linkedin.com/company/pt-bprs-vitka-central,"",pt bprs vitka central,"",1-10,bprsvitkacentral.com
indonesia,2003,pt-sushi-tei-indonesia,food & beverages,linkedin.com/company/pt-sushi-tei-indonesia,jakarta,pt. sushi tei indonesia,jakarta,1001-5000,sushitei.co.id
indonesia,"",yasmin-group,"",linkedin.com/company/yasmin-group,"",yasmin group,"",11-50,mukhlas-rowi.web.id
indonesia,2012,ichiro-its,research,linkedin.com/company/ichiro-its,surabaya,ichiro its,east java,11-50,""
indonesia,"",faculty-of-computer-science-universitas-indonesia,higher education,linkedin.com/company/faculty-of-computer-science-universitas-indonesia,depok,"faculty of computer science, universitas indonesia",west java,201-500,""
indonesia,"",elegance-jewelry,luxury goods & jewelry,linkedin.com/company/elegance-jewelry,depok,elegance jewelry,jawa barat,11-50,elegance.co.id
indonesia,"",pt-bea-sapta-distribindo,chemicals,linkedin.com/company/pt-bea-sapta-distribindo,"",pt. bea sapta distribindo,"",1-10,""
indonesia,2010,denbukit-residence-and-suites,hospitality,linkedin.com/company/denbukit-residence-and-suites,"",denbukit residence and suites,bali,1-10,denbukitsuites.com
indonesia,"",pt-zte-indonesia,telecommunications,linkedin.com/company/pt-zte-indonesia,"",pt zte indonesia,"",501-1000,""
indonesia,"",pt-saekindo-sakti,consumer electronics,linkedin.com/company/pt-saekindo-sakti,jakarta,pt. saekindo sakti,jakarta,11-50,""
indonesia,"",setdco-group,oil & energy,linkedin.com/company/setdco-group,jakarta,setdco group,jakarta,11-50,setdcogroup.com
indonesia,1970,gramedia,retail,linkedin.com/company/gramedia,"",gramedia,jakarta,5001-10000,gramedia.id
indonesia,"",staco-jasapratama-pt,insurance,linkedin.com/company/staco-jasapratama-pt,jakarta,staco jasapratama pt,jakarta,11-50,""
indonesia,"",kantor-akuntan-publik-drs-sanusi-dan-rekan,accounting,linkedin.com/company/kantor-akuntan-publik-drs-sanusi-dan-rekan,bandung,kantor akuntan publik drs. sanusi dan rekan,west java,11-50,""
indonesia,"",cv-surabaya-media-solusindo,information technology and services,linkedin.com/company/cv-surabaya-media-solusindo,"",cv surabaya media solusindo,"",1-10,mediasolusindo.com
indonesia,1986,pipingsystemindonesia,building materials,linkedin.com/company/pipingsystemindonesia,"",piping system indonesia,jakarta,201-500,pipingsystem.com
indonesia,"",ecentrix,information technology and services,linkedin.com/company/ecentrix,"",ecentrix,jakarta,51-200,ecentrix.co.id
indonesia,2009,bali-wedding-planner,events services,linkedin.com/company/bali-wedding-planner,"",bali wedding planner,bali,1-10,chromawedding.com
indonesia,"",pt-tiga-bintang-terang,"",linkedin.com/company/pt-tiga-bintang-terang,"",pt. tiga bintang terang,"",11-50,tigabintangterang.co.id
indonesia,1999,trinitas-sejahteratama-pt,machinery,linkedin.com/company/trinitas-sejahteratama-pt,"","trinitas sejahteratama, pt",jakarta,11-50,trinitas-sejahtera.com
indonesia,2012,koalisi-seni-indonesia,civic & social organization,linkedin.com/company/koalisi-seni-indonesia,selatan,koalisi seni indonesia,jawa timur,11-50,koalisiseni.or.id
indonesia,2018,klinik-sevent-medika,"health, wellness and fitness",linkedin.com/company/klinik-sevent-medika,tasikmalaya,klinik sevent medika,jawa barat,11-50,""
indonesia,"",pt-technica-mandiri-sukses,international trade and development,linkedin.com/company/pt-technica-mandiri-sukses,"",pt technica mandiri sukses,"",11-50,""
indonesia,"",the-singgih-wilasa,information technology and services,linkedin.com/company/the-singgih-wilasa,kuta,the singgih wilasa,bali,1-10,singgihwilasa.com
indonesia,1995,smtownidn,entertainment,linkedin.com/company/smtownidn,"",sm entertainment indonesia,jakarta,1001-5000,smentertainment.com
indonesia,"",pt-astaguna-wisesa,consumer goods,linkedin.com/company/pt-astaguna-wisesa,jakarta,pt astaguna wisesa,jakarta,11-50,morinfood.com
indonesia,2020,pusari,research,linkedin.com/company/pusari,"",pusari id,jakarta,1-10,pusari.com
indonesia,2010,pt-karya-minasan-mandiri,oil & energy,linkedin.com/company/pt-karya-minasan-mandiri,"",pt karya minasan mandiri,south sulawesi,11-50,""
indonesia,2016,pt-kaymana-logistik-indonesia,transportation/trucking/railroad,linkedin.com/company/pt-kaymana-logistik-indonesia,"",pt. kaymana logistik indonesia,jakarta,1-10,k-log.co.id
indonesia,1982,astra-credit-companies-acc-,financial services,linkedin.com/company/astra-credit-companies-acc-,"",astra credit companies (acc),jakarta,1001-5000,acc.co.id
indonesia,"",delta-djakarta-tbk-pt,food & beverages,linkedin.com/company/delta-djakarta-tbk-pt,bekasi,"delta djakarta tbk, pt",west java,11-50,""
indonesia,2010,mackay-group-international,construction,linkedin.com/company/mackay-group-international,jakarta,mackay group,jakarta raya,1-10,mackay-group.com
indonesia,2011,arjuna-ev-ugm,automotive,linkedin.com/company/arjuna-ev-ugm,yogyakarta,arjuna electric vehicle team universitas gadjah mada,yogyakarta,11-50,""
indonesia,1997,dnetproviderid,information technology and services,linkedin.com/company/dnetproviderid,surabaya,d~net,jawa timur,201-500,""
indonesia,"",udesain,design,linkedin.com/company/udesain,"",cv. hijrah membawa berkah (desainkakilima.com),jakarta,1-10,udesain.id
indonesia,"",pt-sakamoto-indonesia-perdana,primary/secondary education,linkedin.com/company/pt-sakamoto-indonesia-perdana,tangerang,pt sakamoto indonesia perdana,banten,1-10,""
indonesia,2016,mercure-nexa-bandung-supratman,"leisure, travel & tourism",linkedin.com/company/mercure-nexa-bandung-supratman,bandung,mercure nexa bandung supratman,jawa barat,51-200,""
indonesia,2013,travelling-bali-premium-promotion-,media production,linkedin.com/company/travelling-bali-premium-promotion-,denpasar,travelling bali ( premium promotion ),bali,1-10,travellingbali.com
indonesia,"",zonaotomasi-com,online media,linkedin.com/company/zonaotomasi-com,depok,zonaotomasi.com,jawa barat,1-10,zonaotomasi.com
indonesia,2007,solusitek,information technology and services,linkedin.com/company/solusitek,barat,solusitek,jawa timur,11-50,solusitek.com
indonesia,2018,s-gala-com,consumer goods,linkedin.com/company/s-gala-com,bandung,s-gala.com,jawa barat,11-50,s-gala.com
indonesia,2016,agrotech-remote-sensing,research,linkedin.com/company/agrotech-remote-sensing,bandung,agrotech remote sensing,west java,1-10,""
indonesia,"",the-media-hotel-&-towers,hospitality,linkedin.com/company/the-media-hotel-&-towers,"",the media hotel & towers,jakarta,201-500,themediahotel.com
indonesia,2020,kodepintar,information technology and services,linkedin.com/company/kodepintar,"",kodepintar,yogyakarta,1-10,kodepintar.com
indonesia,"",pt.-samudera-informasi-indonesia,information technology and services,linkedin.com/company/pt.-samudera-informasi-indonesia,bendungan hilir,pt. samudera informasi indonesia,jakarta,1-10,pt-sii.co.id
indonesia,"",adimulia-sarimas-indonesia-pt,cosmetics,linkedin.com/company/adimulia-sarimas-indonesia-pt,medan,"adimulia sarimas indonesia, pt",north sumatra,1-10,adimulia.com
indonesia,"",indorobotika.com,consumer electronics,linkedin.com/company/indorobotika.com,"",indorobotika.com,"",1-10,indorobotika.com
indonesia,"",golden-tulip-essential-tangerang,hospitality,linkedin.com/company/golden-tulip-essential-tangerang,tangerang,golden tulip essential tangerang,jawa barat,11-50,"www,gtetangerang.com"
indonesia,"",oh-sung-electronics-indonesia-pt,electrical/electronic manufacturing,linkedin.com/company/oh-sung-electronics-indonesia-pt,bekasi,"oh sung electronics indonesia, pt",west java,11-50,""
indonesia,2016,moskaconsulting,accounting,linkedin.com/company/moskaconsulting,jakarta,moska consulting,jakarta,11-50,moska.id
indonesia,2009,ptbbc,construction,linkedin.com/company/ptbbc,"",pt. bumi borneo cemerlang,west kalimantan,11-50,ptbbc.co.id
indonesia,2017,wideboard,internet,linkedin.com/company/wideboard,jakarta,wideboard,jakarta,11-50,wideboard.me
indonesia,2016,aellco,hospital & health care,linkedin.com/company/aellco,"",aell,jakarta,1-10,aell.co
indonesia,"",lasalle-college-international---jakarta,higher education,linkedin.com/company/lasalle-college-international---jakarta,jakarta,lasalle college - jakarta,jakarta raya,51-200,lasallecollege.ac.id
indonesia,1965,antavaya,"leisure, travel & tourism",linkedin.com/company/antavaya,"",antavaya,jakarta,501-1000,antavaya-group.com
indonesia,2016,sas-hospitality,hospitality,linkedin.com/company/sas-hospitality,bandung,sas hospitality,west java,11-50,sas-hospitality.com
indonesia,2004,pt-kartika-sinar-teknik,construction,linkedin.com/company/pt-kartika-sinar-teknik,"",pt kartika sinar teknik,west java,51-200,kartikasinarteknik.co.id
indonesia,1995,pt-riau-sawit-indah,oil & energy,linkedin.com/company/pt-riau-sawit-indah,rumbai,pt riau sawit indah,riau,51-200,""
indonesia,2017,pakar-jasa,marketing and advertising,linkedin.com/company/pakar-jasa,"",pakar jasa,jakarta,11-50,pakar.co.id
indonesia,"",krama-yudha-tiga-berlian-motors-pt,real estate,linkedin.com/company/krama-yudha-tiga-berlian-motors-pt,jakarta,krama yudha tiga berlian motors pt,jakarta,51-200,""
indonesia,"",atwork-solution,furniture,linkedin.com/company/atwork-solution,barat,atwork,jawa timur,11-50,atwork.co.id
indonesia,2008,indo-world-holidays,"leisure, travel & tourism",linkedin.com/company/indo-world-holidays,bandung,indo world holidays,jawa barat,1-10,indoworldholidays.com
indonesia,2020,muridlearning,e-learning,linkedin.com/company/muridlearning,"",murid,jakarta,11-50,mur.id
indonesia,2020,indogunapalembang,wholesale,linkedin.com/company/indogunapalembang,palembang,pt. palembang kulina utama(indoguna group),sumatera selatan,201-500,""
indonesia,2018,forbetric,industrial automation,linkedin.com/company/forbetric,bandung,forbetric,jawa barat,1-10,forbetric.com
indonesia,"",pt-indotara-persada,business supplies and equipment,linkedin.com/company/pt-indotara-persada,"",pt indotara persada,"",51-200,""
indonesia,2006,politeknik-sains-teknologi-wiratama-maluku-utara,information technology and services,linkedin.com/company/politeknik-sains-teknologi-wiratama-maluku-utara,ternate,politeknik sains & teknologi wiratama maluku utara,maluku utara,11-50,wiratama-malut.ac.id
indonesia,1979,kresna-holding,farming,linkedin.com/company/kresna-holding,"",kresna holding,jakarta,501-1000,kresna.co.id
indonesia,"",koran-&-portal-berita-fakta-indonesia,newspapers,linkedin.com/company/koran-&-portal-berita-fakta-indonesia,bandung,koran & portal berita fakta indonesia,jawa barat,11-50,faktaindonesiaonline.com
indonesia,2012,biko-group-indonesia,food & beverages,linkedin.com/company/biko-group-indonesia,jakarta,biko group indonesia,jakarta,201-500,biko-group.com
indonesia,"",pt-multi-sinergi-infrastruktur,"",linkedin.com/company/pt-multi-sinergi-infrastruktur,"",pt multi sinergi infrastruktur,"",51-200,multisinergi.co.id
indonesia,2010,pt-maha-jaya-teknindo,mechanical or industrial engineering,linkedin.com/company/pt-maha-jaya-teknindo,bekasi,pt.maha jaya teknindo,jawa barat,51-200,mjt-pt.com
indonesia,"",pt-agata-promar,automotive,linkedin.com/company/pt-agata-promar,"",pt agata promar,"",51-200,agatapromar.com
indonesia,2009,pt.investosi-international,investment banking,linkedin.com/company/pt.investosi-international,jakarta,pt.investosi international,jakarta raya,11-50,investosi.com
indonesia,"",pt-lawang-sewu-lestari,information technology and services,linkedin.com/company/pt-lawang-sewu-lestari,"",pt lawang sewu lestari,"",1-10,lawangsewulestari.com
indonesia,2010,banyantreeungasanbali,hospitality,linkedin.com/company/banyantreeungasanbali,"","banyan tree ungasan, bali",bali,201-500,""
indonesia,1984,ksmpmi,think tanks,linkedin.com/company/ksmpmi,bandung,ksmpmi,jawa barat,11-50,""
indonesia,2015,swarna,events services,linkedin.com/company/swarna,"",swarna,jakarta,1-10,""
indonesia,2019,beginner-yoga-retreats,"health, wellness and fitness",linkedin.com/company/beginner-yoga-retreats,kuta,beginner yoga retreats,bali,1-10,beginneryogaretreats.com
indonesia,"",smansa,education management,linkedin.com/company/smansa,banda aceh,sma negeri 1 banda aceh high school,aceh,51-200,sman1bandaaceh.net
indonesia,1971,institut-teknologi-indonesia-serpong,packaging and containers,linkedin.com/company/institut-teknologi-indonesia-serpong,"",pt indogravure,banten,51-200,""
indonesia,2017,hmtm-up,education management,linkedin.com/company/hmtm-up,"",himpunan mahasiswa teknik perminyakan universitas pertamina (hmtm up),jakarta,201-500,universitaspertamina.ac.id
indonesia,2017,zenddu,furniture,linkedin.com/company/zenddu,jakarta,zenddu,jakarta,11-50,zenddu.com
indonesia,2016,jakarta-hire,human resources,linkedin.com/company/jakarta-hire,tangerang,jakarta hire,jawa barat,11-50,jakartahire.com
indonesia,2014,warung-encu,law practice,linkedin.com/company/warung-encu,bekasi,warung encu,jawa barat,1-10,wartzoe.com
indonesia,2014,the-great-solution,information technology and services,linkedin.com/company/the-great-solution,depok,the great solution,jawa barat,1-10,thegreat.co.id
indonesia,"",emersia-hotel-&-resort,hospitality,linkedin.com/company/emersia-hotel-&-resort,"",emersia hotel & resort,"",201-500,emersiahotel.com
indonesia,"",grand-textile-industry-pt,textiles,linkedin.com/company/grand-textile-industry-pt,jakarta,"grand textile industry, pt",jakarta,11-50,grandtex.co.id
indonesia,2014,star-hunter-indonesia,human resources,linkedin.com/company/star-hunter-indonesia,jakarta,star hunter indonesia,jakarta,11-50,starhunterindonesia.com
indonesia,2016,tenun-nan-elok,apparel & fashion,linkedin.com/company/tenun-nan-elok,"",tenun nan elok,west java,1-10,tenunnanelok.com
indonesia,2004,pt-melati-technofo-indonesia,telecommunications,linkedin.com/company/pt-melati-technofo-indonesia,jakarta,pt. melati technofo indonesia,jakarta,201-500,technofo.com
indonesia,2014,pt-maxx-coffee-prima,restaurants,linkedin.com/company/pt-maxx-coffee-prima,tangerang,pt maxx coffee prima,banten,501-1000,maxx-coffee.com
indonesia,2007,rumah-sakit-asri,hospital & health care,linkedin.com/company/rumah-sakit-asri,"",rumah sakit asri,"",51-200,asrihospital.com
indonesia,2014,ekarya,internet,linkedin.com/company/ekarya,jakarta,ekarya,jakarta raya,1-10,ekarya.com
indonesia,2019,emji-coffee-bar,food & beverages,linkedin.com/company/emji-coffee-bar,"",emji coffee bar & space,jakarta,11-50,emji.id
indonesia,"",pesta-pendidikan,program development,linkedin.com/company/pesta-pendidikan,"",pesta pendidikan,jakarta,1-10,pestapendidikan.com
indonesia,"",pt-visiland-dharma-sarana,information technology and services,linkedin.com/company/pt-visiland-dharma-sarana,"",pt visiland dharma sarana,"",11-50,visiland.co.id
indonesia,2016,pt.-pijar-imaji-indonesia,photography,linkedin.com/company/pt.-pijar-imaji-indonesia,"",pijar imaji,jakarta,11-50,pijarimaji.com
indonesia,1988,pt-ykk-ap-indonesia,information technology and services,linkedin.com/company/pt-ykk-ap-indonesia,"",pt ykk ap indonesia,"",501-1000,ykkap.co.id
indonesia,2017,talamedia-networks,online media,linkedin.com/company/talamedia-networks,bandung,talamedia networks,jawa barat,11-50,talamedia.id
indonesia,2000,indocahayawiranusantara17,mechanical or industrial engineering,linkedin.com/company/indocahayawiranusantara17,"",pt. indocahaya wira nusantara,"",1-10,""
indonesia,"",ud-bintang,chemicals,linkedin.com/company/ud-bintang,surabaya,ud bintang,east java,1-10,""
indonesia,2016,picklon,information technology and services,linkedin.com/company/picklon,depok,picklon,west java,11-50,picklon.com
indonesia,"",hyamn-corp,"",linkedin.com/company/hyamn-corp,utara,hyamn corp,jawa barat,51-200,""
indonesia,"",keluarga-muslim-alumni-padmanaba,religious institutions,linkedin.com/company/keluarga-muslim-alumni-padmanaba,"",keluarga muslim alumni padmanaba,yogyakarta,11-50,kmapadmanaba.blogspot.com
indonesia,"",tubagus-group,transportation/trucking/railroad,linkedin.com/company/tubagus-group,"",tubagus group,"",51-200,tubagus.co.id
indonesia,2016,ptlskk,information technology and services,linkedin.com/company/ptlskk,bandung,pt langgeng sejahtera kreasi komputasi,jawa barat,11-50,lskk.co.id
indonesia,2019,semutechnologies,information technology and services,linkedin.com/company/semutechnologies,pagedangan,pt semu kreasi teknologi,banten,1-10,semutechnology.com
indonesia,"",pt-united-hydraulic-technology,mechanical or industrial engineering,linkedin.com/company/pt-united-hydraulic-technology,"",pt united hydraulic technology,"",51-200,unitedhydraulic.com
indonesia,2004,prismagraphia,graphic design,linkedin.com/company/prismagraphia,"",prismagraphia,jakarta,11-50,prismagraphia.com
indonesia,2012,wuhnder,graphic design,linkedin.com/company/wuhnder,"",wuhnder,jakarta,1-10,wuhnder.com
indonesia,2018,indonesia-mall-powered-by-bank-bri,retail,linkedin.com/company/indonesia-mall-powered-by-bank-bri,"",indonesia mall by bank bri,jakarta,11-50,""
indonesia,2011,pt-biosains-medika-indonesia,business supplies and equipment,linkedin.com/company/pt-biosains-medika-indonesia,"",pt biosains medika indonesia,"",1-10,""
indonesia,"",gamantaray-ugm,research,linkedin.com/company/gamantaray-ugm,sleman,gamantaray ugm,yogyakarta,11-50,""
indonesia,2014,aero-controls-pty,oil & energy,linkedin.com/company/aero-controls-pty,kuta,aero controls optimized solutions,bali,11-50,aero-controls.com
indonesia,1976,hankook-casting-corp-,automotive,linkedin.com/company/hankook-casting-corp-,bekasi,hankook casting corp.,jawa barat,51-200,""
indonesia,2018,bobobox-id,hospitality,linkedin.com/company/bobobox-id,bandung,bobobox,jawa barat,51-200,bobobox.co.id
indonesia,2000,pt-rekajasa-akses,internet,linkedin.com/company/pt-rekajasa-akses,jakarta,pt rekajasa akses,jakarta raya,51-200,jumper.co.id
indonesia,2017,cybermaxindonesia,information technology and services,linkedin.com/company/cybermaxindonesia,"",cybermax indonesia,jakarta,11-50,cybermaxasia.com
indonesia,1997,morula-ivf-jakarta,hospital & health care,linkedin.com/company/morula-ivf-jakarta,"",morula ivf jakarta,jakarta,51-200,morulaivf.com
indonesia,2003,ibrand---integrated-branding-consultant,marketing and advertising,linkedin.com/company/ibrand---integrated-branding-consultant,"",ibrand - integrated branding consultant,jakarta,11-50,ibrand.co.id
indonesia,2006,mms-group-indonesia,mining & metals,linkedin.com/company/mms-group-indonesia,"",mms group indonesia,jakarta,201-500,mmsgroup.co.id
indonesia,2010,icra-indonesia,financial services,linkedin.com/company/icra-indonesia,"",icra indonesia,jakarta,1-10,icraindonesia.com
indonesia,2014,mgs-associates-law-firm,legal services,linkedin.com/company/mgs-associates-law-firm,"",mgs & associates law firm,jakarta,1-10,""
indonesia,"",c21southwing,real estate,linkedin.com/company/c21southwing,"",pt cakrawala pagi indonesia (century 21 south wing),"",1-10,southwing-c21.com
indonesia,1987,pt--indo-metal-industries,mining & metals,linkedin.com/company/pt--indo-metal-industries,raya,pt. indo metal industries,sulawesi selatan,51-200,indometalindustries.com
indonesia,2015,binare-indonesia-group,management consulting,linkedin.com/company/binare-indonesia-group,"",binare indonesia group,banten,201-500,binare.co.id
indonesia,"",pt-sinar-jaya-wijaya,electrical/electronic manufacturing,linkedin.com/company/pt-sinar-jaya-wijaya,jakarta,pt sinar jaya wijaya,jakarta,1-10,""
indonesia,"",pt-stainless-steel-primavalve-majubersama,mechanical or industrial engineering,linkedin.com/company/pt-stainless-steel-primavalve-majubersama,"",pt stainless steel primavalve majubersama,"",1-10,spvmb.com
indonesia,2020,belajaraja,primary/secondary education,linkedin.com/company/belajaraja,surabaya,belajaraja.com,jawa timur,1-10,belajaraja.com
indonesia,2015,manado-maju-group,"leisure, travel & tourism",linkedin.com/company/manado-maju-group,manado,manado maju group,north sulawesi,1001-5000,manado-maju-group.com
indonesia,2005,smart-meter-indonesia,electrical/electronic manufacturing,linkedin.com/company/smart-meter-indonesia,tangerang,smart meter indonesia,banten,501-1000,smartmeterindo.com
indonesia,2010,master-kantor,warehousing,linkedin.com/company/master-kantor,"",masterkantor,jakarta,1-10,masterkantor.com
indonesia,2017,sky-crew,airlines/aviation,linkedin.com/company/sky-crew,"",sky crew,jakarta,1-10,skycrew.id
indonesia,"",hume-sakti-ind,"",linkedin.com/company/hume-sakti-ind,"",hume sakti ind,"",1-10,hsisby.com
indonesia,2011,pt-panin-asset-management,financial services,linkedin.com/company/pt-panin-asset-management,"",pt. panin asset management,jakarta,51-200,panin-am.co.id
indonesia,2019,cilegontech,computer & network security,linkedin.com/company/cilegontech,cilegon,cilegontech,banten,1-10,cilegontech.com
indonesia,"",pt-karunia-kuliner-indonesia,"",linkedin.com/company/pt-karunia-kuliner-indonesia,"",pt karunia kuliner indonesia,"",201-500,ekofiuk.pl
indonesia,2019,swap-energi,renewables & environment,linkedin.com/company/swap-energi,jakarta,swap energi,jakarta,1-10,swap.id
indonesia,2018,dailyact,internet,linkedin.com/company/dailyact,"",daily act,banten,11-50,""
indonesia,2011,pleads,research,linkedin.com/company/pleads,sumedang,padjadjaran law research and debate society (pleads),jawa barat,11-50,""
indonesia,2001,godel-promotion,marketing and advertising,linkedin.com/company/godel-promotion,medan,godel promotion,sumatera utara,51-200,godelpromotion.com
indonesia,2016,legal-era-indonesia,media production,linkedin.com/company/legal-era-indonesia,"",legal era indonesia,"",1-10,legaleraindonesia.com
indonesia,2002,pt-talc-indonesia,import and export,linkedin.com/company/pt-talc-indonesia,"",pt talc  indonesia,jakarta,51-200,talc-indonesia.com
indonesia,"",universitas-airlangga,"",linkedin.com/company/universitas-airlangga,"",universitas airlangga,"",501-1000,unair.ac.id
indonesia,"",raizinvestid,financial services,linkedin.com/company/raizinvestid,"",raiz invest indonesia,jakarta,201-500,raizinvest.id
indonesia,1990,bali-hai-cruises,"leisure, travel & tourism",linkedin.com/company/bali-hai-cruises,"",bali hai cruises,bali,201-500,balihaicruises.com
indonesia,2013,java-house-property,commercial real estate,linkedin.com/company/java-house-property,bekasi,java house property,jawa barat,11-50,javahousepro.com
indonesia,2003,tanrise-property,commercial real estate,linkedin.com/company/tanrise-property,surabaya,tanrise property,east java,201-500,tanrise.com
indonesia,"",etan-kapital-internasional-pt,international affairs,linkedin.com/company/etan-kapital-internasional-pt,surabaya,"etan kapital internasional, pt",jawa timur,51-200,""
indonesia,"",bkb-nurul-fikri,primary/secondary education,linkedin.com/company/bkb-nurul-fikri,serang,bkb nurul fikri,banten,201-500,bimbelnurulfikri.id
indonesia,"",tirta-energindo,"",linkedin.com/company/tirta-energindo,"",tirta energindo,"",1-10,tirta-energindo.com
indonesia,1993,recruitmentcenter-pt.sentulcitytbk,real estate,linkedin.com/company/recruitmentcenter-pt.sentulcitytbk,bogor,recruitment center - pt.sentul city tbk,west java,501-1000,""
indonesia,2010,kesato-&-co,marketing and advertising,linkedin.com/company/kesato-&-co,seminyak,kesato & co,bali,11-50,kesato.com
indonesia,"",nirwana-group,architecture & planning,linkedin.com/company/nirwana-group,"",nirwana group yogyakarta,yogyakarta,51-200,pintulipatrolling.com
indonesia,2006,pt-multi-media-synergy-indonesia,information technology and services,linkedin.com/company/pt-multi-media-synergy-indonesia,"",pt sajadah teknosoft media,jakarta,1-10,teknosoftmedia.co.id
indonesia,2010,pt-magnify-solution-hr-&-psychological-services,human resources,linkedin.com/company/pt-magnify-solution-hr-&-psychological-services,"",pt. magnify solution,jakarta,11-50,magnifysolution.com
indonesia,2019,desain-grafis,graphic design,linkedin.com/company/desain-grafis,"",desain grafis,jakarta,1-10,letsgrow.id
indonesia,2002,poltektegal,"",linkedin.com/company/poltektegal,tegal,politeknik harapan bersama tegal,jawa tengah,10001+,poltektegal.ac.id
indonesia,"",pt-persada-bumi-rawas,telecommunications,linkedin.com/company/pt-persada-bumi-rawas,"",pt. persada bumi rawas,"",1-10,""
indonesia,2014,sociolla,internet,linkedin.com/company/sociolla,"",sociolla,jakarta,201-500,sociolla.com
indonesia,2017,pebisnis-muda,online media,linkedin.com/company/pebisnis-muda,bandung,pebisnis muda,west java,1-10,""
indonesia,2017,ycqi,religious institutions,linkedin.com/company/ycqi,"",cinta qur'an indonesia foundation,banten,11-50,cqindonesia.org
indonesia,1960,grand-royal-panghegar-bandung,hospitality,linkedin.com/company/grand-royal-panghegar-bandung,bandung,grand royal panghegar hotel bandung,jawa barat,201-500,grandroyalpanghegar.com
indonesia,"",asuransi-jaya-proteksi-pt,computer software,linkedin.com/company/asuransi-jaya-proteksi-pt,jakarta,asuransi jaya proteksi pt,jakarta,1-10,""
indonesia,"",pt-mecosuprin-grafia,printing,linkedin.com/company/pt-mecosuprin-grafia,"",pt mecosuprin grafia,"",11-50,mecosuprin.com
indonesia,2010,tinamitra-mandiri-company,renewables & environment,linkedin.com/company/tinamitra-mandiri-company,jakarta,tinamitra mandiri company,jakarta raya,11-50,tinamitramandiri.com
indonesia,2007,global-gen-indonesia,biotechnology,linkedin.com/company/global-gen-indonesia,lombok,global gen indonesia,nusa tenggara barat,11-50,globalgen.co.id
indonesia,"",cowell-development-tbk-logo,real estate,linkedin.com/company/cowell-development-tbk-logo,"",cowell development tbk,jakarta,501-1000,cowelldev.com
indonesia,2017,bprmodernpapua,banking,linkedin.com/company/bprmodernpapua,manokwari,bpr modern papua,west papua,51-200,bprmodernpapua.com
indonesia,"",pt-graha-multi-bintang,hospital & health care,linkedin.com/company/pt-graha-multi-bintang,"",pt graha multi bintang,"",11-50,""
indonesia,2002,thedyingsirens,music,linkedin.com/company/thedyingsirens,"",thedyingsirens,"",1-10,thedyingsirens.com
indonesia,2010,visual-communication-solution,telecommunications,linkedin.com/company/visual-communication-solution,"",visual communication solution,"",11-50,vcsolution.com
indonesia,"",pt-gane-permai-sentosa,government relations,linkedin.com/company/pt-gane-permai-sentosa,jakarta,pt. gane permai sentosa,jakarta,11-50,""
indonesia,1997,senibagus-architecture,architecture & planning,linkedin.com/company/senibagus-architecture,"",senibagus architecture,"",1-10,""
indonesia,"",himpunan-mahasiswa-sosiologi-universitas-indonesia,education management,linkedin.com/company/himpunan-mahasiswa-sosiologi-universitas-indonesia,depok,himpunan mahasiswa sosiologi universitas indonesia,west java,51-200,""
indonesia,"",bank-pembangunan-daerah-sulawesi-utara-pt,banking,linkedin.com/company/bank-pembangunan-daerah-sulawesi-utara-pt,manado,bank pembangunan daerah sulawesi utara pt,north sulawesi,1001-5000,banksulut.co.id
indonesia,2016,xtral,information technology and services,linkedin.com/company/xtral,"",xtral titantekno nusantara,"",11-50,xtral.co.id
indonesia,2017,kava-id,marketing and advertising,linkedin.com/company/kava-id,jakarta,kava,jakarta,11-50,kava-id.com
indonesia,"",pakaian-anak-bangsa,apparel & fashion,linkedin.com/company/pakaian-anak-bangsa,tangerang,pakaian anak bangsa,banten,51-200,pakaiananakbangsa.com
indonesia,2015,aturin-organize--everything-,executive office,linkedin.com/company/aturin-organize--everything-,"",aturin | organize. everything.,jakarta,51-200,aturin.com
indonesia,"",jayabayastudio,information technology and services,linkedin.com/company/jayabayastudio,kediri,business card design,jawa timur,1-10,""
indonesia,2017,pt-karya-prabu-indonesia,management consulting,linkedin.com/company/pt-karya-prabu-indonesia,"",prabu indonesia,jakarta,1-10,prabu.biz.id
indonesia,2010,konsultasi-syariah-islam,religious institutions,linkedin.com/company/konsultasi-syariah-islam,malang,konsultasi syariah islam,jawa timur,5001-10000,alkhoirot.net
indonesia,2012,labschool-cibubur-shs,education management,linkedin.com/company/labschool-cibubur-shs,"",labschool cibubur,west java,51-200,""
indonesia,"",wirana-jayatama-abadi-pt,construction,linkedin.com/company/wirana-jayatama-abadi-pt,jakarta,"wirana jayatama abadi, pt",jakarta,11-50,wirana.co.id
indonesia,2016,smarteducorner,education management,linkedin.com/company/smarteducorner,bandung,smart edu corner,jawa barat,51-200,smarteducorner.com
indonesia,"",sanyo-jaya-components-indonesia-pt,electrical/electronic manufacturing,linkedin.com/company/sanyo-jaya-components-indonesia-pt,bogor,"sanyo jaya components indonesia, pt",west java,11-50,""
indonesia,2008,mesinlaundry,business supplies and equipment,linkedin.com/company/mesinlaundry,depok,pt. mandiri lintasbuana cakrawala (mesinlaundry.com),west java,51-200,mesinlaundry.com
indonesia,"",pt-azec-indonesia-management-service,telecommunications,linkedin.com/company/pt-azec-indonesia-management-service,jakarta,pt. azec indonesia management service,jakarta raya,51-200,""
indonesia,2003,pt-sigit-putra-agung,construction,linkedin.com/company/pt-sigit-putra-agung,karawang,pt.sigit putra agung,west java,501-1000,sigitputraagung.com
indonesia,2013,indonesia-itu-concern-forum,non-profit organization management,linkedin.com/company/indonesia-itu-concern-forum,"",indonesia-itu concern forum,jakarta,1-10,iicf.or.id
indonesia,2019,scrapiro,environmental services,linkedin.com/company/scrapiro,penjaringan,scrapiro,jakarta,1-10,scrapiro.com
