country,founded,id,industry,linkedin_url,locality,name,region,size,website
ireland,"",mc-carthys-bar-&-guesthouse,marketing and advertising,linkedin.com/company/mc-carthys-bar-&-guesthouse,"",mc carthys bar & guesthouse,"",1-10,mccarthyslodge.com
ireland,2001,ipoptions-limited,computer & network security,linkedin.com/company/ipoptions-limited,dublin,ipoptions limited,dublin,11-50,ipoptions.ie
ireland,1984,fitzgerald-solicitors,law practice,linkedin.com/company/fitzgerald-solicitors,cork,fitzgerald solicitors,munster,11-50,fitzsols.com
ireland,2006,owner-at-genesis-club,entertainment,linkedin.com/company/owner-at-genesis-club,dublin,owner at genesis club,leinster,1-10,genesisclub.ie
ireland,2012,connemara-programme,civic & social organization,linkedin.com/company/connemara-programme,"",connemara programme,galway,1-10,connemaraprogramme.com
ireland,"",russell-will-limited,wholesale,linkedin.com/company/russell-will-limited,"",russell will limited,"",1-10,russellwill.ie
ireland,2002,stageco-ireland,events services,linkedin.com/company/stageco-ireland,dublin,stageco ireland,dublin,11-50,stagecoireland.com
ireland,1997,box-architecture,architecture & planning,linkedin.com/company/box-architecture,dublin,box architecture,dublin,1-10,box.ie
ireland,"",whitebarn-consulting,non-profit organization management,linkedin.com/company/whitebarn-consulting,"",whitebarn consulting,"",1-10,whitebarn.info
ireland,2013,sound-light-stage,events services,linkedin.com/company/sound-light-stage,roscommon,sound light stage,connaught,1-10,soundlightstage.ie
ireland,2001,rainbow-engineering-zetor-dealer,farming,linkedin.com/company/rainbow-engineering-zetor-dealer,an fear ban,rainbow engineering / zetor dealer,offaly,1-10,rainbowengineering.ie
ireland,1995,momentum-financial-services,financial services,linkedin.com/company/momentum-financial-services,ashford,momentum financial services,leinster,1-10,momentum.ie
ireland,"",high-speed-data-solutions-ltd.,computer networking,linkedin.com/company/high-speed-data-solutions-ltd.,"",high speed data solutions ltd.,"",1-10,hsdatasolutions.com
ireland,2011,getbulb.com,design,linkedin.com/company/getbulb.com,dublin,getbulb,dublin,1-10,getbulb.com
ireland,"",boxworks-cowork-space,executive office,linkedin.com/company/boxworks-cowork-space,waterford,boxworks cowork space,waterford,1-10,boxworks.ie
ireland,2007,cult-drinks,food & beverages,linkedin.com/company/cult-drinks,dublin,cult drinks,dublin,1-10,cult-drinks.com
ireland,"",troymarketinglimerick,marketing and advertising,linkedin.com/company/troymarketinglimerick,limerick,troy marketing,limerick,1-10,troymarketing.ie
ireland,"",cavan-county-council,government administration,linkedin.com/company/cavan-county-council,cavan,cavan county council,monaghan,201-500,cavancoco.ie
ireland,2010,hauste-group,information technology and services,linkedin.com/company/hauste-group,"",hauste group,cork,1-10,hauste.com
ireland,1945,the-fkm-group,construction,linkedin.com/company/the-fkm-group,dublin,the fkm group,dublin,11-50,fkm.com
ireland,2011,velabri,internet,linkedin.com/company/velabri,listowel,velabri,kerry,1-10,velabri.co
ireland,"",jnc-fencing,building materials,linkedin.com/company/jnc-fencing,tipperary,jnc fencing,munster,1-10,jncfence.com
ireland,"",absolute-dental-care,"health, wellness and fitness",linkedin.com/company/absolute-dental-care,"",absolute dental care,"",1-10,absolutedental.ie
ireland,1963,credit-union-plus-ltd.,financial services,linkedin.com/company/credit-union-plus-ltd.,"",credit union plus ltd.,meath,51-200,creditunionplus.ie
ireland,2003,the-elbowroom,"health, wellness and fitness",linkedin.com/company/the-elbowroom,dublin,the elbowroom,dublin,11-50,the-elbowroom.com
ireland,1997,leo-scarff-design,design,linkedin.com/company/leo-scarff-design,leitrim,leo scarff design,county monaghan,1-10,leoscarffdesign.com
ireland,2016,katie-harrington-communications-content,public relations and communications,linkedin.com/company/katie-harrington-communications-content,dublin,wilde words,leinster,1-10,wildewords.ie
ireland,"",danone-wexford,food production,linkedin.com/company/danone-wexford,wexford,danone wexford,wexford,201-500,""
ireland,1868,umdasch-the-store-makers,architecture & planning,linkedin.com/company/umdasch-the-store-makers,louth,umdasch the store makers,leinster,1001-5000,umdasch.com
ireland,"",longford-county-enterprise-board,government administration,linkedin.com/company/longford-county-enterprise-board,"",longford county enterprise board,longford,1-10,longfordceb.ie
ireland,"",christ-church-dublin,religious institutions,linkedin.com/company/christ-church-dublin,dublin,christ church cathedral dublin,dublin,11-50,christchurchcathedral.ie
ireland,"",site-ireland,"leisure, travel & tourism",linkedin.com/company/site-ireland,dublin,site ireland | society for incentive travel excellence,dublin,11-50,""
ireland,"",tennisireland,sports,linkedin.com/company/tennisireland,"",tennisireland,"",1-10,""
ireland,2006,xeon-financial-services,banking,linkedin.com/company/xeon-financial-services,"",xeon financial services,"",11-50,xeonfs.com
ireland,2015,world-experience-campus-wec-,education management,linkedin.com/company/world-experience-campus-wec-,dublin,world experience campus (wec),dublin,11-50,wechub.org
ireland,2018,coffee-district-cafe,food & beverages,linkedin.com/company/coffee-district-cafe,dublin,coffee district,dublin,1-10,""
ireland,2018,sparta-aero,aviation & aerospace,linkedin.com/company/sparta-aero,dublin,sparta,dublin,51-200,sparta.aero
ireland,2007,mdk-style,apparel & fashion,linkedin.com/company/mdk-style,"",etcetera modus,"",1-10,etceteramodus.com
ireland,2016,the-healthy-fox,"health, wellness and fitness",linkedin.com/company/the-healthy-fox,"",the healthy fox,"",1-10,thehealthyfox.ie
ireland,"",ft-trading,real estate,linkedin.com/company/ft-trading,"",ft trading,"",11-50,""
ireland,2001,buildingteams,staffing and recruiting,linkedin.com/company/buildingteams,cork,employability west cork,munster,1-10,empservice.org
ireland,2019,indigitalirl,marketing and advertising,linkedin.com/company/indigitalirl,dublin,indigital,dublin,1-10,indigital.ie
ireland,2017,xdigital-research-network,research,linkedin.com/company/xdigital-research-network,clane,xdigital research network,kildare,1-10,xdigitalresearch.com
ireland,2019,opoplan-proptech,architecture & planning,linkedin.com/company/opoplan-proptech,dublin,opoplan,dublin,1-10,opoplan.com
ireland,1859,arvum-group-ireland,farming,linkedin.com/company/arvum-group-ireland,waterford,arvum group,munster,51-200,""
ireland,1905,irish-independent,newspapers,linkedin.com/company/irish-independent,dublin,irish independent,leinster,201-500,independent.ie
ireland,2018,digeo-productions,media production,linkedin.com/company/digeo-productions,dublin,digeo productions,dublin,1-10,digeoproductions.com
ireland,2012,emcg-pr,public relations and communications,linkedin.com/company/emcg-pr,dublin,emcg pr,dublin,1-10,emcgpr.com
ireland,2018,candyflixvideos,design,linkedin.com/company/candyflixvideos,naas,candyflix videos,leinster,1-10,candyflixvideos.com
ireland,2000,ncba-network,marketing and advertising,linkedin.com/company/ncba-network,mallow,ncba network,munster,11-50,ncbanetwork.ie
ireland,"",airfibre-limited,wireless,linkedin.com/company/airfibre-limited,dublin,airfibre limited,dublin,1-10,airfibre.ie
ireland,1977,cahill-trautt-&-co.,accounting,linkedin.com/company/cahill-trautt-&-co.,"",cahill trautt & co.,"",11-50,cahilltrautt.com
ireland,1995,euro-gas-ltd.,mechanical or industrial engineering,linkedin.com/company/euro-gas-ltd.,bray,euro gas ltd.,wicklow,11-50,eurogas.ie
ireland,2006,seakel-fire-&-security,construction,linkedin.com/company/seakel-fire-&-security,limerick,seakel fire & security,limerick,11-50,seakel.ie
ireland,2010,panelduct,mechanical or industrial engineering,linkedin.com/company/panelduct,castlebar,panelduct,mayo,11-50,panelduct.ie
ireland,2016,associationforkeyaccountmanagement,non-profit organization management,linkedin.com/company/associationforkeyaccountmanagement,dublin,association for key account management,dublin,1-10,a4kam.org
ireland,"",ox-business-systems,information technology and services,linkedin.com/company/ox-business-systems,"",ox business systems,sligo,1-10,oxbusinesssystems.com
ireland,2001,genesis-business-college,higher education,linkedin.com/company/genesis-business-college,"",genesis business college,carlow,11-50,genesisbusinesscollege.net
ireland,1954,european-movement-ireland,civic & social organization,linkedin.com/company/european-movement-ireland,dublin,european movement ireland,dublin,1-10,europeanmovement.ie
ireland,2009,luxavo1,architecture & planning,linkedin.com/company/luxavo1,dublin,luxavo,dublin,11-50,luxavo.ie
ireland,2015,fortismet,mining & metals,linkedin.com/company/fortismet,athlone,fortismet ltd,county westmeath,1-10,fortismet.ie
ireland,2002,sherwin-o'riordan,law practice,linkedin.com/company/sherwin-o'riordan,dublin,sherwin o'riordan,dublin,11-50,sor.ie
ireland,2006,ronan-campbell-jewellers,design,linkedin.com/company/ronan-campbell-jewellers,donnybrook,campbell jewellers dublin,dublin,1-10,campbelljewellers.com
ireland,1934,mealy's-fine-art,fine art,linkedin.com/company/mealy's-fine-art,castlecomer,mealy's,kilkenny,1-10,mealys.ie
ireland,1986,openingminds-ie-school-books,retail,linkedin.com/company/openingminds-ie-school-books,ashbourne,opening minds educational,meath,11-50,openingminds.ie
ireland,"",the-360-co.,internet,linkedin.com/company/the-360-co.,dublin,the 360 co.,leinster,1-10,the360co.com
ireland,2016,cara-global-education-group,education management,linkedin.com/company/cara-global-education-group,dublin,cara global education group,dublin,1-10,caraglobaleducation.com
ireland,2003,airspeed-telecom,telecommunications,linkedin.com/company/airspeed-telecom,dublin,airspeed telecom,dublin,11-50,airspeed.ie
ireland,"",hacketts-bookmakers,gambling & casinos,linkedin.com/company/hacketts-bookmakers,"",hacketts bookmakers,"",11-50,""
ireland,1739,carton-house-hotel,hospitality,linkedin.com/company/carton-house-hotel,maynooth,carton house hotel,co kildare,51-200,""
ireland,"",jm-office-interiors,furniture,linkedin.com/company/jm-office-interiors,"",jm office interiors,"",1-10,jmofficeinteriors.ie
ireland,1976,páirc-uí-chaoimh,facilities services,linkedin.com/company/páirc-uí-chaoimh,ballintemple,páirc uí chaoimh,cork,51-200,paircuichaoimh.ie
ireland,2009,international-school-of-business-dublin,higher education,linkedin.com/company/international-school-of-business-dublin,dublin,"international school of business, dublin",dublin,11-50,isb.ie
ireland,1997,power-wealth-management-ltd,financial services,linkedin.com/company/power-wealth-management-ltd,sandyford,power wealth management ltd,dublin,11-50,powerwealth.ie
ireland,2013,submit-com,computer software,linkedin.com/company/submit-com,cork,submit.com,cork,11-50,submit.com
ireland,"",revolution-workwear,apparel & fashion,linkedin.com/company/revolution-workwear,dublin,revolution workwear,dublin,1-10,revolutionworkwear.com
ireland,2016,dundalk-bay-brewing-co,wine and spirits,linkedin.com/company/dundalk-bay-brewing-co,louth,dundalk bay brewery & distillery,leinster,1-10,dbbd.ie
ireland,1993,southgatedistribution,transportation/trucking/railroad,linkedin.com/company/southgatedistribution,thurles,southgate distribution,tipperary,1-10,southgatedistribution.com
ireland,"",munster-rugby,sports,linkedin.com/company/munster-rugby,cork,munster rugby,munster,51-200,munsterrugby.ie
ireland,1998,element-post-production,media production,linkedin.com/company/element-post-production,dublin,element post production,dublin,11-50,element.ie
ireland,2001,maverick-house,publishing,linkedin.com/company/maverick-house,dublin,maverick house,dublin,1-10,maverickhouse.com
ireland,2005,temple-recruitment-dublin,staffing and recruiting,linkedin.com/company/temple-recruitment-dublin,dublin,temple recruitment dublin,dublin,11-50,templerecruitment.ie
ireland,2006,complete-property,real estate,linkedin.com/company/complete-property,carlow,complete property,leinster,1-10,completeproperty.ie
ireland,"",feelingfrugal.ie,marketing and advertising,linkedin.com/company/feelingfrugal.ie,"",feelingfrugal.ie,"",1-10,feelingfrugal.ie
ireland,2010,american-food-and-more-store,food & beverages,linkedin.com/company/american-food-and-more-store,dublin,americanfood.ie,dublin,1-10,americanfood.ie
ireland,2014,foto-store,photography,linkedin.com/company/foto-store,maynooth,foto store,co kildare,1-10,fotostore.ie
ireland,2002,pixelsoup,design,linkedin.com/company/pixelsoup,dublin,pixelsoup,dublin,1-10,pixelsoup.ie
ireland,"",ask-recruitment-services,staffing and recruiting,linkedin.com/company/ask-recruitment-services,patrickswell,ask recruitment services,munster,1-10,askrecruitment.ca
ireland,2011,watt-less-ltd,environmental services,linkedin.com/company/watt-less-ltd,glasnevin,watt less ltd,dublin,1-10,wattless.ie
ireland,1983,peter-mcverry-trust,non-profit organization management,linkedin.com/company/peter-mcverry-trust,dublin,peter mcverry trust,dublin,201-500,pmvtrust.ie
ireland,"",lenwoods-cash-&-carry,wholesale,linkedin.com/company/lenwoods-cash-&-carry,"",lenwoods cash & carry,"",11-50,lenwoods.ie
ireland,"",sporting-id,sports,linkedin.com/company/sporting-id,kinsale,sporting id,cork,51-200,sporting-id.com
ireland,"",treacy-mowers-ltd,machinery,linkedin.com/company/treacy-mowers-ltd,dublin,treacy mowers ltd,dublin,1-10,treacymowers.ie
ireland,"",northside-family-resource-centre,"",linkedin.com/company/northside-family-resource-centre,"",northside family resource centre,"",11-50,northsidefrc.ie
ireland,2020,asknory,information technology and services,linkedin.com/company/asknory,dublin,nory,dublin,1-10,nory.ai
ireland,"",m-kelly-interiors-30,furniture,linkedin.com/company/m-kelly-interiors-30,dublin,m. kelly interiors,dublin,51-200,mkellyinteriors.ie
ireland,"",trinity-hotel-groups,hospitality,linkedin.com/company/trinity-hotel-groups,dublin,trinity hotel groups,dublin,1-10,trinityhotelgroups.com
ireland,2013,coppertops-marketing-&-web-services,marketing and advertising,linkedin.com/company/coppertops-marketing-&-web-services,dublin,coppertops digital marketing,dublin,1-10,coppertops.ie
ireland,"",gmc-ltd,renewables & environment,linkedin.com/company/gmc-ltd,"",irish hospital consultants association,"",11-50,ihca.ie
ireland,2010,undergroundfitnessirl,"health, wellness and fitness",linkedin.com/company/undergroundfitnessirl,dun laoghaire,yourfitness,dublin,1-10,yourfitness.ie
ireland,2018,24storiestribe,events services,linkedin.com/company/24storiestribe,cork,24 stories,cork,1-10,24stories.ie
ireland,2014,healthbeacon,"health, wellness and fitness",linkedin.com/company/healthbeacon,dublin,healthbeacon,dublin,11-50,healthbeacon.com
ireland,2011,skillpages,information technology and services,linkedin.com/company/skillpages,blackrock,skillpages,dublin,11-50,skillpages.com
ireland,1993,frank-ennis-&-associates,architecture & planning,linkedin.com/company/frank-ennis-&-associates,blackrock,frank ennis & associates,dublin,1-10,frankennis.com
ireland,"",signlynx,printing,linkedin.com/company/signlynx,"",signlynx,"",1-10,signlynx.ie
ireland,2015,brophy-cusack,real estate,linkedin.com/company/brophy-cusack,"",brophy cusack,"",1-10,brophycusack.ie
ireland,2013,likewhere,internet,linkedin.com/company/likewhere,dublin,likewhere,dublin,1-10,likewhere.com
ireland,1997,ireland-waste-water,environmental services,linkedin.com/company/ireland-waste-water,cork,ireland waste water,munster,11-50,irelandwastewater.ie
ireland,2013,thomaz-lopes-psychologist,mental health care,linkedin.com/company/thomaz-lopes-psychologist,dublin,thomaz lopes psychologist,dublin,1-10,thomazlopes.com
ireland,2005,irish-homecare,"health, wellness and fitness",linkedin.com/company/irish-homecare,monaghan,irish homecare,monaghan,501-1000,irishhomecare.ie
ireland,2001,escher,information technology and services,linkedin.com/company/escher,dublin,escher,dublin,1-10,eschersistemas.com
ireland,"",johnson-&-company-solicitors,law practice,linkedin.com/company/johnson-&-company-solicitors,"","johnson & company, solicitors",munster,1-10,johnsonsolicitors.ie
ireland,2006,rainrain-web-design,internet,linkedin.com/company/rainrain-web-design,kilkenny,rainrain web design,leinster,1-10,rainrainwebdesign.com
ireland,"",bosley-medical,"",linkedin.com/company/bosley-medical,dublin,bosley medical,dublin,11-50,bosleymedicalcolumbus.com
ireland,"",boarding-schools-ireland,education management,linkedin.com/company/boarding-schools-ireland,dublin,boarding schools ireland,dublin,1-10,boardingschoolsireland.com
ireland,2018,yooni,education management,linkedin.com/company/yooni,cork,yooni,munster,1-10,yooni.ie
ireland,2003,magellan-partners_2,information technology and services,linkedin.com/company/magellan-partners_2,"",magellan partners,"",11-50,magellanpartners.ie
ireland,2005,institute-of-health-sciences-ireland,higher education,linkedin.com/company/institute-of-health-sciences-ireland,dublin,"institute of health sciences, ireland",dublin,11-50,instituteofhealthsciences.com
ireland,1986,leahy-&-co.-chartered-accountants,accounting,linkedin.com/company/leahy-&-co.-chartered-accountants,dublin,leahy & co. chartered accountants,dublin,11-50,leahy.ie
ireland,"",rent-a-bike-dublin,"leisure, travel & tourism",linkedin.com/company/rent-a-bike-dublin,dublin,rent a bike dublin,dublin,1-10,rentabikedublin.com
ireland,2018,bonafi-ie,information technology and services,linkedin.com/company/bonafi-ie,dublin,bonafi,dublin,1-10,bonafi.ie
ireland,2009,eventcentre-ie,events services,linkedin.com/company/eventcentre-ie,dublin,seating & access limited,dublin,11-50,eventcentre.ie
ireland,2002,pipingdesigners-com,oil & energy,linkedin.com/company/pipingdesigners-com,dublin,pipingdesigners.com,dublin,1-10,pipingdesigners.com
ireland,"",atm-software,computer software,linkedin.com/company/atm-software,dublin,atm software,dublin,1-10,atmsoftware.pl
ireland,2016,popupco,real estate,linkedin.com/company/popupco,dublin,pop-up,leinster,1-10,""
ireland,"",ucceconosoc,higher education,linkedin.com/company/ucceconosoc,cork,ucc economics society.,munster,1-10,""
ireland,1780,feelystone,construction,linkedin.com/company/feelystone,boyle,feelystone,roscommon,11-50,feelystone.com
ireland,1994,tile-warehouse,retail,linkedin.com/company/tile-warehouse,"",tile warehouse,"",11-50,tilewarehouse.ie
ireland,2008,edmund-rice-development,non-profit organization management,linkedin.com/company/edmund-rice-development,dublin,edmund rice development,dublin,1-10,edmundricedevelopment.org
ireland,2005,extrovert-design,graphic design,linkedin.com/company/extrovert-design,dublin,extrovert design,dublin,1-10,""
ireland,"",clarion-hotel-sligo,"",linkedin.com/company/clarion-hotel-sligo,"",clarion hotel sligo,"",11-50,clarionhotelsligo.com
ireland,2003,harvey-norman-ireland,retail,linkedin.com/company/harvey-norman-ireland,dublin,harvey norman ireland,leinster,501-1000,harveynorman.ie
ireland,2004,scientrix,information technology and services,linkedin.com/company/scientrix,swords,scientrix,dublin,51-200,scientrix.com
ireland,"",hogan-&-associates-chartered-engineers,"",linkedin.com/company/hogan-&-associates-chartered-engineers,"",hogan & associates chartered engineers,"",1-10,hoganandassociates.ie
ireland,2008,now-change-your-life,research,linkedin.com/company/now-change-your-life,tullamore,now change your life,offaly,1-10,nowchangeyourlife.com
ireland,"",the-extra-mile,"health, wellness and fitness",linkedin.com/company/the-extra-mile,"",the extra mile,"",1-10,theextramile.ie
ireland,1924,malones-garage-ltd,automotive,linkedin.com/company/malones-garage-ltd,navan,malones garage ltd,meath,1-10,malones.ie
ireland,2007,engage-ehs,information technology and services,linkedin.com/company/engage-ehs,dublin,effective software,dublin,11-50,effective-software.com
ireland,1973,eu-ireland,public policy,linkedin.com/company/eu-ireland,dublin,european commission representation in ireland,leinster,11-50,""
ireland,2013,konnekt-able-technologies-ltd,research,linkedin.com/company/konnekt-able-technologies-ltd,dundalk,konnekt-able technologies ltd,leinster,1-10,konnekt-able.com
ireland,1987,nature's-best-ltd.,food production,linkedin.com/company/nature's-best-ltd.,louth,nature's best ltd.,leinster,201-500,naturesbest.ie
ireland,2008,pals-preschool,education management,linkedin.com/company/pals-preschool,baile bhlainseir,pals preschool,dublin,1-10,palspreschool.ie
ireland,2006,tourwise-ireland,"leisure, travel & tourism",linkedin.com/company/tourwise-ireland,cahir,tourwise ireland,tipperary,1-10,tourwiseireland.com
ireland,"",listowel-credit-union-ltd-,financial services,linkedin.com/company/listowel-credit-union-ltd-,listowel,listowel credit union ltd.,kerry,11-50,listowelcu.ie
ireland,2015,the-retail-collective,retail,linkedin.com/company/the-retail-collective,dublin,the retail collective,dublin,1-10,retailcollective.net
ireland,2008,gardenwell,hospital & health care,linkedin.com/company/gardenwell,"",gardenwell,"",1-10,gardenwell.org
ireland,2016,cation-consulting,information technology and services,linkedin.com/company/cation-consulting,dublin,cation consulting,dublin,1-10,cationeng.com
ireland,2007,denizon,management consulting,linkedin.com/company/denizon,dublin,denizon,dublin,11-50,denizon.com
ireland,2014,kos-it-services,information technology and services,linkedin.com/company/kos-it-services,dublin,kos it services,dublin,1-10,kositservices.com
ireland,2016,resonancemedicallimited,hospital & health care,linkedin.com/company/resonancemedicallimited,galway,resonance medical limited,galway,1-10,resonancemedical.ie
ireland,1895,skoda-ireland,automotive,linkedin.com/company/skoda-ireland,dublin,škoda ireland,dublin,11-50,skoda.ie
ireland,2012,noviled-lighting,electrical/electronic manufacturing,linkedin.com/company/noviled-lighting,trim,noviled high technology lighting ltd,meath,11-50,noviledlight.com
ireland,2016,lcb-project-managment,construction,linkedin.com/company/lcb-project-managment,ballyfermot,lcb project management,dublin,1-10,lcb.ie
ireland,2013,midland-lifting-ltd,construction,linkedin.com/company/midland-lifting-ltd,"",midland lifting ltd,"",1-10,midlandcranehire.ie
ireland,"",blanchardstown-centre-for-independent-living,non-profit organization management,linkedin.com/company/blanchardstown-centre-for-independent-living,dublin,center for independent living ireland,dublin,1-10,dublincil.org
ireland,"",filtertek-b-v-,medical devices,linkedin.com/company/filtertek-b-v-,newcastle,filtertek b.v.,limerick,11-50,""
ireland,2017,glenveagh-propertiesplc,real estate,linkedin.com/company/glenveagh-propertiesplc,maynooth,glenveagh properties plc,leinster,201-500,glenveagh.ie
ireland,2016,stroll-ltd.,information technology and services,linkedin.com/company/stroll-ltd.,dublin,stroll,dublin,1-10,gostroll.com
ireland,"",complete-laser-care,"health, wellness and fitness",linkedin.com/company/complete-laser-care,limerick,complete laser care,limerick,1-10,info@completelasercare.ie
ireland,2014,applymetrics,internet,linkedin.com/company/applymetrics,dublin,applymetrics,dublin,1-10,applymetrics.com
ireland,1945,merry-mullen,accounting,linkedin.com/company/merry-mullen,dublin,merry mullen,dublin,11-50,merrymullen.ie
ireland,2012,zaitec-logixs,computer software,linkedin.com/company/zaitec-logixs,dublin,zaitec logixs,dublin,1-10,zaitech.ie
ireland,2017,devensis,information technology and services,linkedin.com/company/devensis,dublin,devensis,dublin,11-50,devensis.com
ireland,"",james-mcsweeney-solicitors,law practice,linkedin.com/company/james-mcsweeney-solicitors,dublin,james mcsweeney solicitors,dublin,1-10,mcsweeney.ie
ireland,"",beachhut-pr,public relations and communications,linkedin.com/company/beachhut-pr,dublin,beachhut pr,dublin,1-10,beachhutpr.com
ireland,2011,prevos-solutions,information technology and services,linkedin.com/company/prevos-solutions,kilcolgan,prevos solutions,galway,1-10,prevossolutions.com
ireland,2007,kesel-construction-limited,construction,linkedin.com/company/kesel-construction-limited,"",kesel construction limited,galway,1-10,kesel.ie
ireland,"",running-your-business,publishing,linkedin.com/company/running-your-business,rathgar,running your business,dublin,1-10,runningyourbusiness.ie
ireland,2015,xpanse-ai,information technology and services,linkedin.com/company/xpanse-ai,dublin,xpanse ai,dublin,1-10,xpanse.ai
ireland,"",millbrook-foods,food & beverages,linkedin.com/company/millbrook-foods,"",millbrook foods,"",11-50,millbrookfoods.com
ireland,2011,capital-entertainment-&-leisure,gambling & casinos,linkedin.com/company/capital-entertainment-&-leisure,dublin,capital entertainment & leisure,dublin,51-200,jackpotts.ie
ireland,1995,diatec-digital,printing,linkedin.com/company/diatec-digital,dublin,diatec digital,dublin,11-50,diatecdigital.com
ireland,2015,the-pharmaceutical-training-academy,pharmaceuticals,linkedin.com/company/the-pharmaceutical-training-academy,cork,the pharmaceutical academy,munster,11-50,pharmacademy.ie
ireland,2010,hotelminder,hospitality,linkedin.com/company/hotelminder,dublin,hotelminder,dublin,1-10,hotelminder.com
ireland,"",overtoom-ltd,medical devices,linkedin.com/company/overtoom-ltd,dublin,oms-overtoom ltd the maximum of minimal mutilation,dublin,1-10,overtoomltd.com
ireland,2017,digitorc,management consulting,linkedin.com/company/digitorc,dublin,"digitorc - data privacy professionals - belfast, dublin & galway",dublin,1-10,digitorc.com
ireland,"",the-communications-clinic-dublin,public relations and communications,linkedin.com/company/the-communications-clinic-dublin,dublin,the communications clinic,dublin,11-50,communicationsclinic.ie
ireland,1861,thomas-connolly-sligo,hospitality,linkedin.com/company/thomas-connolly-sligo,"",thomas connolly sligo,connaught,1-10,thomasconnollysligo.com
ireland,2018,validitycrypto,computer software,linkedin.com/company/validitycrypto,dublin,validity,dublin,1-10,validity.ae
ireland,1947,abbey-machinery,machinery,linkedin.com/company/abbey-machinery,tipperary,abbey machinery,munster,51-200,abbeymachinery.com
ireland,"",mount-vernon,"",linkedin.com/company/mount-vernon,"",mount vernon,"",51-200,mountvernon.ie
ireland,2018,kayan-aviation,airlines/aviation,linkedin.com/company/kayan-aviation,dublin,kayan aviation,dublin,11-50,kayan.aero
ireland,"",regency-entertainment-ltd.,automotive,linkedin.com/company/regency-entertainment-ltd.,"",regency entertainment ltd.,"",1-10,prodriftseries.com
ireland,1952,county-car-rentals,"leisure, travel & tourism",linkedin.com/company/county-car-rentals,dublin,county car rentals,dublin,11-50,countycar.ie
ireland,2008,conack-construction,construction,linkedin.com/company/conack-construction,limerick,conack construction,limerick,51-200,conackconstruction.com
ireland,2016,designenterpriseskillnet,design,linkedin.com/company/designenterpriseskillnet,dublin,design skillnet,dublin,1-10,designenterprise.ie
ireland,2008,strutecltd,architecture & planning,linkedin.com/company/strutecltd,carlow,strutec ltd,leinster,1-10,strutec.ie
ireland,2016,nektr-technologies,"",linkedin.com/company/nektr-technologies,sligo,nektr technologies,connaught,1-10,""
ireland,2020,automotive-equity-management-limited,financial services,linkedin.com/company/automotive-equity-management-limited,dublin,automotive equity management limited,dublin,11-50,aemexchange.com
ireland,2011,brandx-ltd,marketing and advertising,linkedin.com/company/brandx-ltd,dublin,brandx ltd,dublin,11-50,""
ireland,"",theoffice,executive office,linkedin.com/company/theoffice,"",theoffice,"",1-10,theoffice.ie
ireland,2008,cream-creative-ltd,graphic design,linkedin.com/company/cream-creative-ltd,dublin,cream creative ltd,dublin,11-50,cream.ie
ireland,2017,lingo-recruitment,staffing and recruiting,linkedin.com/company/lingo-recruitment,dublin,lingo recruitment,leinster,1-10,lingo.eu
ireland,"",akay-ireland-ltd,import and export,linkedin.com/company/akay-ireland-ltd,shannon,akay ireland ltd,munster,1-10,akay.ie
ireland,"",mcnally-business-services-limited,accounting,linkedin.com/company/mcnally-business-services-limited,dundrum,mbsl,leinster,11-50,mbsl.ie
ireland,1994,allenwood-community-development-association,non-profit organization management,linkedin.com/company/allenwood-community-development-association,kildare,allenwood community development association (acdal),leinster,11-50,acdal.ie
ireland,2010,freund-pharmatec-limited,pharmaceuticals,linkedin.com/company/freund-pharmatec-limited,tullamore,freund pharmatec limited,county offaly,11-50,freundpharmatec.com
ireland,2011,weprint-ie,printing,linkedin.com/company/weprint-ie,louth,weprint.ie,leinster,1-10,weprint.ie
ireland,2003,de-vere-landscapes,utilities,linkedin.com/company/de-vere-landscapes,dublin,de vere landscapes,dublin,1-10,deverelandscapes.com
ireland,2012,payme-powered-by-aztec-exchange,financial services,linkedin.com/company/payme-powered-by-aztec-exchange,dublin,payme powered by aztec exchange,dublin,11-50,aztecexchange.com
ireland,1970,moore-stephens-ie,accounting,linkedin.com/company/moore-stephens-ie,dublin,moore stephens ie,dublin,51-200,moorestephens.ie
ireland,1974,w.-o.-mcgrory-&-company,accounting,linkedin.com/company/w.-o.-mcgrory-&-company,clondalkin,w. o. mcgrory & company,leinster,11-50,mcgrory.ie
ireland,2009,gtwa-recycling-waste-management-environmental-advisor,environmental services,linkedin.com/company/gtwa-recycling-waste-management-environmental-advisor,kildare,"gtwa, recycling, waste management, environmental advisor",leinster,1-10,gtwa.ie
ireland,"",il-mulino-restaurant,food & beverages,linkedin.com/company/il-mulino-restaurant,"",il mulino restaurant,"",1-10,mulino.ie
ireland,2013,iddea,management consulting,linkedin.com/company/iddea,cork,iddea,munster,1-10,iddea.ie
ireland,2017,idleadsio,market research,linkedin.com/company/idleadsio,dublin,id leads,dublin,11-50,idleads.io
ireland,2005,kooba-online,internet,linkedin.com/company/kooba-online,dublin,kooba,dublin,11-50,""
ireland,2010,meds-'meeting-of-design-students',design,linkedin.com/company/meds-'meeting-of-design-students',dublin,meds 'meeting of design students',dublin,201-500,medsworkshop.com
ireland,2015,wiley-design,design,linkedin.com/company/wiley-design,dublin,wiley design,leinster,1-10,wileydesign.ie
ireland,2011,graylion-security,security and investigations,linkedin.com/company/graylion-security,baile duill,graylion security,dublin,1-10,graylion-security.eu
ireland,1979,print-world-ltd-,marketing and advertising,linkedin.com/company/print-world-ltd-,dublin,pw group - print world ltd.,dublin,11-50,pwg.ie
ireland,2014,kinsale-bay-food-company,food production,linkedin.com/company/kinsale-bay-food-company,cork,kinsale bay food company,cork,11-50,kinsalebayfoodco.com
ireland,2017,image-skillnet,education management,linkedin.com/company/image-skillnet,leitrim,image skillnet,county monaghan,1-10,imageskillnet.ie
ireland,2014,murphy-sheanon,construction,linkedin.com/company/murphy-sheanon,dublin,murphy sheanon,dublin,1-10,murphysheanon.ie
ireland,"",ask-susan-travel,hospitality,linkedin.com/company/ask-susan-travel,"",ask susan travel,"",1-10,""
ireland,1986,kearney-curran-&-company,legal services,linkedin.com/company/kearney-curran-&-company,dublin,kearney curran & company,dublin,1-10,kearneycurran.ie
ireland,2010,connectors-marketplace,internet,linkedin.com/company/connectors-marketplace,dublin,connectors,dublin,11-50,connectorsmarketplace.com
ireland,"",keith-mosse-bespoke-furniture,furniture,linkedin.com/company/keith-mosse-bespoke-furniture,"",keith mosse bespoke furniture,"",1-10,keithmosse.com
ireland,"",digiworld-ireland,information technology and services,linkedin.com/company/digiworld-ireland,dublin,digiworld ireland,dublin,1-10,""
ireland,2005,aonta-technologies,telecommunications,linkedin.com/company/aonta-technologies,stillorgan,aonta technologies limited,dublin,11-50,aonta.com
ireland,"",mayo-advertiser,newspapers,linkedin.com/company/mayo-advertiser,mayo,mayo advertiser,leitrim,11-50,""
ireland,2013,glycoselect-ltd,biotechnology,linkedin.com/company/glycoselect-ltd,glasnevin,glycoselect ltd,dublin,1-10,glycoselect.com
ireland,"",australian-tax-solutions-limited,accounting,linkedin.com/company/australian-tax-solutions-limited,dublin,australian tax solutions limited,dublin,1-10,australiantax.ie
ireland,1978,owensmccarthy,insurance,linkedin.com/company/owensmccarthy,"",owens mccarthy loss assessors,"",11-50,owensmccarthy.com
ireland,2016,gameover,music,linkedin.com/company/gameover,dublin,game over,dublin,1-10,gameoveribiza.com
ireland,2013,netsure,telecommunications,linkedin.com/company/netsure,dublin,netsure,dublin,1-10,netsure.ie
ireland,"",cdga,"",linkedin.com/company/cdga,"",cdga,"",11-50,cdga.ie
ireland,1984,landers-outdoor-world-ltd,retail,linkedin.com/company/landers-outdoor-world-ltd,tralee,landers outdoor world ltd,co kerry,1-10,landers.ie
ireland,2003,eirim-the-national-assessment-agency-ltd-,education management,linkedin.com/company/eirim-the-national-assessment-agency-ltd-,roundtown,eirim: the national assessment agency ltd.,dublin,1-10,eirim.ie
ireland,2014,lotus-pr,public relations and communications,linkedin.com/company/lotus-pr,dublin,lotus pr,dublin,1-10,""
ireland,1977,hi-power-ltd,mechanical or industrial engineering,linkedin.com/company/hi-power-ltd,cork,hi power ltd,munster,11-50,hipower.ie
ireland,2020,celtic-fs-advisory,financial services,linkedin.com/company/celtic-fs-advisory,dublin,celtic fs advisory,dublin,1-10,celticadvisory.com
ireland,"",turas-counselling-services-ltd,individual & family services,linkedin.com/company/turas-counselling-services-ltd,"",turas counselling services ltd,"",11-50,turascounselling.ie
ireland,"",the-long-dock-bar-&-restaurant-ltd,restaurants,linkedin.com/company/the-long-dock-bar-&-restaurant-ltd,"",the long dock bar & restaurant ltd,clare,1-10,thelongdock.com
ireland,2008,thomond-park-stadium,sports,linkedin.com/company/thomond-park-stadium,limerick,thomond park stadium,limerick,501-1000,thomondpark.ie
ireland,2014,shannon-group-plc,aviation & aerospace,linkedin.com/company/shannon-group-plc,"",shannon group plc,clare,201-500,shannongroup.ie
ireland,"",golfcourses,sports,linkedin.com/company/golfcourses,"",golfcourses,"",1-10,golfcourses.ie
ireland,"",kildownet-financial,financial services,linkedin.com/company/kildownet-financial,dublin,kildownet financial,dublin,1-10,kildownet.ie
ireland,"",acsdrives,electrical/electronic manufacturing,linkedin.com/company/acsdrives,mullingar,"acs drives and control systems, ltd.",westmeath,11-50,acsdrives.ie
ireland,2012,sam's-potatoes,food & beverages,linkedin.com/company/sam's-potatoes,oldtown,sam's potatoes,dublin,1-10,samspotatoes.ie
ireland,2002,suas-educational-development,education management,linkedin.com/company/suas-educational-development,dublin,suas educational development,leinster,11-50,suas.ie
ireland,"",local-employment-services-network,staffing and recruiting,linkedin.com/company/local-employment-services-network,dublin,local employment services network,dublin,51-200,localemploymentservices.ie
ireland,2014,aviation-industry-awards,airlines/aviation,linkedin.com/company/aviation-industry-awards,dublin,aviation industry awards,dublin,11-50,aviationawards.ie
ireland,"",itag-skillnet,information technology and services,linkedin.com/company/itag-skillnet,galway,itag skillnet,galway,1-10,itag.ie
ireland,"",new-vision-business-development-services,management consulting,linkedin.com/company/new-vision-business-development-services,"",new vision business development services,"",1-10,new-vision.ie
ireland,"",denis-o-riordan-electrical,"",linkedin.com/company/denis-o-riordan-electrical,"",denis o riordan electrical,"",1-10,oriordanelectrical.ie
ireland,1983,ormonde-mining-plc,mining & metals,linkedin.com/company/ormonde-mining-plc,"",ormonde mining plc,"",1-10,ormondemining.com
ireland,2010,klimek-advisors-ltd--dublin-klimek-advisors-fund-consulting-gmbh-frankfurt,investment management,linkedin.com/company/klimek-advisors-ltd--dublin-klimek-advisors-fund-consulting-gmbh-frankfurt,dublin,klimek advisors,dublin,11-50,""
ireland,2010,j.t.photography,photography,linkedin.com/company/j.t.photography,"",j.t.photography,"",1-10,trefon.com
ireland,2017,thepeoplepractice,management consulting,linkedin.com/company/thepeoplepractice,"",the people practice,cork,1-10,thepeoplepracticegroup.com
ireland,"",vha-architects,architecture & planning,linkedin.com/company/vha-architects,"",vha architects,"",11-50,vha.ie
ireland,"",the-daily-moo,"",linkedin.com/company/the-daily-moo,dublin,dance village,dublin,1-10,""
ireland,2003,ghq-design,graphic design,linkedin.com/company/ghq-design,"",ghq design,"",1-10,ghqdesign.com
ireland,"",heavey-technology,computer hardware,linkedin.com/company/heavey-technology,"",heavey technology,"",11-50,heaveytechnology.com
ireland,2003,blacknight,information technology and services,linkedin.com/company/blacknight,carlow,blacknight internet solutions ltd,leinster,11-50,blacknight.com
ireland,1985,ers-computer-solutions,information technology and services,linkedin.com/company/ers-computer-solutions,dublin,ers computer solutions,dublin,11-50,ers.ie
ireland,"",cmg-network,events services,linkedin.com/company/cmg-network,sandyford,"cmg - training, events & awards",dublin,1-10,cmgevents.ie
ireland,2018,expand-accounting-ltd,accounting,linkedin.com/company/expand-accounting-ltd,dublin,expand accounting ltd,dublin,1-10,""
ireland,1997,denis-a-barrett-auctioneers-&-property-consultants,real estate,linkedin.com/company/denis-a-barrett-auctioneers-&-property-consultants,"",denis a barrett auctioneers & property consultants,cork,1-10,denisbarrett.com
ireland,"",control-risk-management-solutions,security and investigations,linkedin.com/company/control-risk-management-solutions,dublin,control risk management solutions,dublin,1-10,crmsinternational.com
ireland,"",tillotson-ltd-,automotive,linkedin.com/company/tillotson-ltd-,"",tillotson ltd,"",11-50,tillotson.ie
ireland,2002,sovereign-sailing,"leisure, travel & tourism",linkedin.com/company/sovereign-sailing,"",sovereign sailing,cork,1-10,sovereignsailing.com
ireland,2019,medvocation,staffing and recruiting,linkedin.com/company/medvocation,dublin,medvocation,dublin,201-500,medvocation.com
ireland,"",dublino-a-piedi,"leisure, travel & tourism",linkedin.com/company/dublino-a-piedi,"",dublino a piedi,"",1-10,dublinoapiedi.com
ireland,2012,s-sta-fitness-franchise-ltd,"health, wellness and fitness",linkedin.com/company/s-sta-fitness-franchise-ltd,"",sásta fitness franchise ltd,leitrim,11-50,sastafitness.ie
ireland,2017,dpr-group-gdpr,legal services,linkedin.com/company/dpr-group-gdpr,dublin,dpr group - data protection representatives,dublin,1-10,""
ireland,2010,community-cu,financial services,linkedin.com/company/community-cu,dublin,community cu,dublin,11-50,communitycu.ie
ireland,2010,cinderella-s-closet,retail,linkedin.com/company/cinderella-s-closet,cork,cinderella's closet,cork,1-10,""
ireland,2019,nua-surgical,medical devices,linkedin.com/company/nua-surgical,galway,nua surgical,county galway,1-10,nuasurgical.com
ireland,2011,econcepts-web-solutions,internet,linkedin.com/company/econcepts-web-solutions,dublin,econcept web solutions,dublin,1-10,econcepts.ie
ireland,"",institute-of-refrigeration-ireland,mechanical or industrial engineering,linkedin.com/company/institute-of-refrigeration-ireland,arklow,iri institute of refrigeration ireland,leinster,1-10,iri.ie
ireland,"",koyu-matcha-tea,food & beverages,linkedin.com/company/koyu-matcha-tea,dublin,koyu matcha tea,dublin,1-10,matchatea.co.uk
ireland,2019,meeting-request-podcast,media production,linkedin.com/company/meeting-request-podcast,dublin,meeting request podcast,dublin,1-10,""
ireland,"",carlow-vec,"",linkedin.com/company/carlow-vec,"",carlow vec,"",11-50,carlowife.ie
ireland,1990,paul-w-tracey-solicitors,law practice,linkedin.com/company/paul-w-tracey-solicitors,dublin,tracey solicitors,dublin,11-50,""
ireland,2011,projection-point,management consulting,linkedin.com/company/projection-point,"",projection point,cork,1-10,projectionpoint.com
ireland,2003,avalon-conveyor-components-ltd,mechanical or industrial engineering,linkedin.com/company/avalon-conveyor-components-ltd,kilkenny,avalon conveyor components ltd,leinster,1-10,avaloneng.ie
ireland,2015,yellow-ruler-marketing,marketing and advertising,linkedin.com/company/yellow-ruler-marketing,dublin,yellow ruler marketing,dublin,1-10,yellowrulermarketing.ie
ireland,1970,the-psychological-society-of-ireland,non-profit organization management,linkedin.com/company/the-psychological-society-of-ireland,dublin,the psychological society of ireland,dublin,1-10,psychologicalsociety.ie
ireland,2011,cork-english-academy,education management,linkedin.com/company/cork-english-academy,"",cork english academy,cork,11-50,corkenglishacademy.com
ireland,2013,electric.ie,electrical/electronic manufacturing,linkedin.com/company/electric.ie,dublin,electric.ie,dublin,1-10,electric.ie
ireland,1990,rigneydolphin,outsourcing/offshoring,linkedin.com/company/rigneydolphin,waterford,rigneydolphin,munster,501-1000,rigneydolphin.ie
ireland,2010,cornhouse-consulting,staffing and recruiting,linkedin.com/company/cornhouse-consulting,"",cornhouse consulting,cork,1-10,cornhouseconsulting.com
ireland,1972,dermot-casey-tree-care,consumer services,linkedin.com/company/dermot-casey-tree-care,"",dermot casey tree care ltd.,connaught,51-200,dermotcaseytreecare.ie
ireland,2013,bluewater-financial-planning,financial services,linkedin.com/company/bluewater-financial-planning,sandyford,bluewater financial planning,dublin,1-10,bluewaterfp.ie
ireland,2014,wicklow-wolf-brewing-company,food & beverages,linkedin.com/company/wicklow-wolf-brewing-company,wicklow,wicklow wolf brewing company,leinster,11-50,wicklowwolf.com
ireland,1934,sanbra-fyffe-ltd-,building materials,linkedin.com/company/sanbra-fyffe-ltd-,dublin,sanbra fyffe ltd.,dublin,11-50,sanbra.ie
ireland,1969,bandscultd,financial services,linkedin.com/company/bandscultd,donegal,b&s credit union ltd,donegal,11-50,bandscu.ie
ireland,2008,satmaster,computer & network security,linkedin.com/company/satmaster,dublin,satmaster dublin,dublin,1-10,""
ireland,1979,hinchy's,automotive,linkedin.com/company/hinchy's,"",hinchy's,limerick,1-10,hinchys.ie
ireland,2007,harmony-hypnosis,"health, wellness and fitness",linkedin.com/company/harmony-hypnosis,"",harmony hypnosis,"",1-10,harmonyhypnosis.ie
ireland,1988,connect-it-software,information technology and services,linkedin.com/company/connect-it-software,dublin,connectit software,dublin,11-50,connectitsoftware.com
ireland,"",powrmatic-ireland,mechanical or industrial engineering,linkedin.com/company/powrmatic-ireland,"",powrmatic ireland,"",11-50,powrmatic.ie
ireland,"",eleanor-sheehan-architects,architecture & planning,linkedin.com/company/eleanor-sheehan-architects,"",eleanor sheehan architects,"",1-10,esarc.ie
ireland,2020,screenin-me,information technology and services,linkedin.com/company/screenin-me,dublin,screenin.me,dublin,11-50,screenin.me
ireland,2014,arden-smart-energy,environmental services,linkedin.com/company/arden-smart-energy,dublin,arden energy,dublin,1-10,ardenenergy.ie
ireland,2006,gui-national-golf-academy,sports,linkedin.com/company/gui-national-golf-academy,kildare,gui national golf academy,co kildare,1-10,bettergolf.ie
ireland,"",onlinehardware.ie,building materials,linkedin.com/company/onlinehardware.ie,"",onlinehardware.ie,"",1-10,""
ireland,2014,ires-fund-management,real estate,linkedin.com/company/ires-fund-management,dublin,ires fund management,dublin,11-50,iresreit.ie
ireland,"",sharry-people-development-ltd.,management consulting,linkedin.com/company/sharry-people-development-ltd.,"",sharry people development ltd.,"",1-10,sharry.ie
ireland,"",bt-communications-inc,telecommunications,linkedin.com/company/bt-communications-inc,dublin,"bt communications, inc",dublin,51-200,btcommunications.com
ireland,2018,sonicgatestudios,media production,linkedin.com/company/sonicgatestudios,dublin,sonic gate studios,dublin,1-10,sonicgatestudios.com
ireland,2006,eirecomposites-teo,aviation & aerospace,linkedin.com/company/eirecomposites-teo,galway,éirecomposites,galway,51-200,eirecomposites.com
ireland,2008,cg-business-consultancy,management consulting,linkedin.com/company/cg-business-consultancy,dublin,cg business consulting,dublin,11-50,cgbusinessconsulting.com
ireland,1991,citywise-education,non-profit organization management,linkedin.com/company/citywise-education,dublin,citywise education,dublin,1-10,citywise.ie
ireland,2016,mobility_hr,management consulting,linkedin.com/company/mobility_hr,cork,mobility hr ltd,munster,11-50,mobilityhr.com
ireland,1970,associated-marketing-ltd,import and export,linkedin.com/company/associated-marketing-ltd,ballymount,associated marketing ltd,dublin,1-10,associatedmarketingltd.com
ireland,"",sundrelleltd,wholesale,linkedin.com/company/sundrelleltd,"",sundrelle ltd,meath,51-200,sundrelle.ie
ireland,2015,flexibod,"health, wellness and fitness",linkedin.com/company/flexibod,"",flexibod,clare,1-10,flexibod.com
ireland,"",curach-consulting,information technology and services,linkedin.com/company/curach-consulting,dublin,curach consulting,dublin,51-200,curach.com
ireland,2011,siopaella-limited,retail,linkedin.com/company/siopaella-limited,dublin,siopaella limited,dublin,1-10,siopaella.com
ireland,"",manor-west-hotel,hospitality,linkedin.com/company/manor-west-hotel,"",manor west hotel,"",11-50,manorwesthotel.ie
ireland,2013,amco-engineering-limited,sports,linkedin.com/company/amco-engineering-limited,mayo,amco engineering limited,mayo,1-10,amco.ie
ireland,2004,sweetdesignstudioireland,graphic design,linkedin.com/company/sweetdesignstudioireland,dublin,sweet!,dublin,1-10,sweet.ie
ireland,2009,chic-renovations,consumer services,linkedin.com/company/chic-renovations,"",chic renovations,"",1-10,chicrenovations.ie
ireland,"",new-minds-digital-marketing-college,education management,linkedin.com/company/new-minds-digital-marketing-college,cork,new minds digital marketing college,cork,1-10,""
ireland,"",barry-herriott-search-&-selection,staffing and recruiting,linkedin.com/company/barry-herriott-search-&-selection,dublin,barry herriott search & selection,leinster,1-10,barryherriott.com
ireland,2017,galway-energy-summit,environmental services,linkedin.com/company/galway-energy-summit,galway,galway energy summit,galway,11-50,galwayenergysummit.ie
ireland,2014,9th-impact,computer games,linkedin.com/company/9th-impact,galway,9th impact,galway,1-10,9thimpact.com
ireland,"",geco-loco-ltd,internet,linkedin.com/company/geco-loco-ltd,"",geco loco ltd,"",1-10,gecoloco.com
ireland,1998,avail-pharma,pharmaceuticals,linkedin.com/company/avail-pharma,dublin,avail pharma,dublin,11-50,avail-pharma.com
ireland,1998,fk-international,staffing and recruiting,linkedin.com/company/fk-international,ballsbridge,fk international - financial search and selection,dublin,11-50,fkinternational.com
ireland,2003,gmj-associates,management consulting,linkedin.com/company/gmj-associates,dublin,gmj associates,dublin,1-10,gmjassociates.com
ireland,2004,didww,telecommunications,linkedin.com/company/didww,dublin,didww,dublin,51-200,didww.com
ireland,2016,davidweitbrecht-com,computer software,linkedin.com/company/davidweitbrecht-com,dublin,davidweitbrecht.com,dublin,1-10,davidweitbrecht.com
ireland,2010,deveire,information technology and services,linkedin.com/company/deveire,limerick,deveire,limerick,51-200,deveire.com
ireland,"",accendo,telecommunications,linkedin.com/company/accendo,"",accendo,"",11-50,""
ireland,"",lucas-promotions-limited,marketing and advertising,linkedin.com/company/lucas-promotions-limited,kilcoole,lucas promotions limited,leinster,11-50,lucaspromotions.com
ireland,1982,green-isle-foods-ltd,food production,linkedin.com/company/green-isle-foods-ltd,naas,green isle foods,co kildare,501-1000,""
ireland,1989,shannon-aerospace,airlines/aviation,linkedin.com/company/shannon-aerospace,ballymote,lufthansa technik shannon limited (ltsl) formerly shannon aerospace,connaught,501-1000,shannonaerospace.com
ireland,2005,bentley-boys,entertainment,linkedin.com/company/bentley-boys,"",bentley boys,galway,11-50,bentleyboys.ie
ireland,2009,the-homework-club,education management,linkedin.com/company/the-homework-club,dublin,the homework club™,dublin,11-50,homeworkclub.ie
ireland,"",jones-oil-company,oil & energy,linkedin.com/company/jones-oil-company,dublin,jones oil company,dublin,11-50,jonesoilco.com
ireland,2014,wentworth.ie,accounting,linkedin.com/company/wentworth.ie,cork,wentworth audit tax advisory,cork,11-50,wentworth.ie
ireland,2015,education-desty-limited,e-learning,linkedin.com/company/education-desty-limited,westport,education desty limited,mayo,1-10,educationdesty.com
ireland,1968,edpac-international,mechanical or industrial engineering,linkedin.com/company/edpac-international,carrigaline,edpac international,cork,51-200,edpac.com
ireland,"",colm-dunne-financial-services-value-broker,financial services,linkedin.com/company/colm-dunne-financial-services-value-broker,dublin,****colm dunne financial broker****,dublin,1-10,colmdunne.ie
ireland,2009,definition-print-management,printing,linkedin.com/company/definition-print-management,rathfarnham,definition print management,dublin,1-10,definitionprint.ie
ireland,"",boc-gases-ireland-limited,financial services,linkedin.com/company/boc-gases-ireland-limited,dublin,boc gases ireland limited,dublin,11-50,boconline.ie
ireland,"",vico-capital,real estate,linkedin.com/company/vico-capital,"",vico capital,"",11-50,vicocapital.com
ireland,1787,waterford-chamber,non-profit organization management,linkedin.com/company/waterford-chamber,waterford,waterford chamber,munster,1-10,waterfordchamber.ie
ireland,2015,engagecontentdublin,marketing and advertising,linkedin.com/company/engagecontentdublin,dublin,engage | content production & website management,leinster,1-10,engagecontent.ie
ireland,"",tri-valley-ymca,"",linkedin.com/company/tri-valley-ymca,dublin,tri-valley ymca,dublin,11-50,trivalleyymca.org
ireland,"",ijm-timber-engineering-ltd,"",linkedin.com/company/ijm-timber-engineering-ltd,"",ijm timber engineering ltd,"",1-10,ijm.ie
ireland,2010,maison-neuve-estate-agents,real estate,linkedin.com/company/maison-neuve-estate-agents,dublin,maison neuve estate agents,dublin,1-10,maisonneuve.ie
ireland,"",monicon-gas-detection.,public safety,linkedin.com/company/monicon-gas-detection.,"",monicon gas detection.,galway,11-50,monicon.com
ireland,2012,south-east-college-of-further-education-&-training,education management,linkedin.com/company/south-east-college-of-further-education-&-training,wexford,south east college of further education & training,wexford,1-10,southeastcollege.ie
ireland,1976,murjoy-ltd,mechanical or industrial engineering,linkedin.com/company/murjoy-ltd,cork,murjoy ltd,cork,51-200,murjoy.ie
ireland,"",hillcrest-farm-limited,farming,linkedin.com/company/hillcrest-farm-limited,"",hillcrest farm limited,"",1-10,""
ireland,1897,themetropolehotel,hospitality,linkedin.com/company/themetropolehotel,cork,the metropole hotel cork,munster,51-200,themetropolehotel.ie
ireland,2007,captive-images,photography,linkedin.com/company/captive-images,"",captive images,"",1-10,captiveimages.ie
ireland,2006,dolcemerda,design,linkedin.com/company/dolcemerda,dublin,dolce merda,dublin,1-10,""
ireland,2003,citylink-ireland,transportation/trucking/railroad,linkedin.com/company/citylink-ireland,galway,citylink ireland,galway,51-200,citylink.ie
ireland,1979,molloy-precast,construction,linkedin.com/company/molloy-precast,tullamore,molloy precast,offaly,11-50,molloyprecast.com
ireland,1994,murphy-facility-solutions,facilities services,linkedin.com/company/murphy-facility-solutions,"",murphy facility solutions,carlow,201-500,murphyfacilitysolutions.ie
ireland,1996,prospect-psychotherapy-practice,mental health care,linkedin.com/company/prospect-psychotherapy-practice,"",prospect psychotherapy practice,"",1-10,prospectpsychotherapy.ie
ireland,"",masterchefs-hospitality,hospitality,linkedin.com/company/masterchefs-hospitality,limerick,masterchefs hospitality,limerick,51-200,mhm.ie
ireland,2010,eshopworld,internet,linkedin.com/company/eshopworld,swords,eshopworld,dublin,201-500,eshopworld.com
ireland,"",habloespanol,e-learning,linkedin.com/company/habloespanol,dublin,hablo español,dublin,1-10,""
ireland,1992,computer-technical-services,computer networking,linkedin.com/company/computer-technical-services,tallaght,computer technical services,dublin,11-50,comtech.ie
ireland,"",house-dublin,hospitality,linkedin.com/company/house-dublin,dublin,house dublin,dublin,11-50,housedublin.ie
ireland,2008,rm-breen-associates,construction,linkedin.com/company/rm-breen-associates,santry,rm breen associates,dublin,1-10,rmbreen.ie
ireland,"",kinetic-advertising-limited,"",linkedin.com/company/kinetic-advertising-limited,dublin,kinetic advertising limited,dublin,11-50,kineticadvertising.co.uk
ireland,"",teamcare,"health, wellness and fitness",linkedin.com/company/teamcare,cork,teamcare,munster,1-10,teamcare.ie
ireland,2013,clevertechies,information technology and services,linkedin.com/company/clevertechies,dun laoghaire,clever techies,dublin,1-10,clevertechies.com
ireland,"",sams-bar-dublin,hospitality,linkedin.com/company/sams-bar-dublin,dublin,sams bar dublin,dublin,1-10,samsbar.ie
ireland,"",cadent-sourcing,staffing and recruiting,linkedin.com/company/cadent-sourcing,dublin,cadent sourcing,dublin,1-10,cadentsourcing.com
ireland,1707,dublin-port-company,maritime,linkedin.com/company/dublin-port-company,dublin,dublin port company,dublin,51-200,dublinport.ie
ireland,1971,inishowen-motors,automotive,linkedin.com/company/inishowen-motors,donegal,inishowen motors,donegal,11-50,inishowenmotors.ie
ireland,2018,creditlogic,information technology and services,linkedin.com/company/creditlogic,dublin,creditlogic,dublin,11-50,creditlogic.io
ireland,"",cork-business-network,"",linkedin.com/company/cork-business-network,cork,cork business network,munster,1-10,corkbusinessnetwork.org
ireland,2019,risk-insure,insurance,linkedin.com/company/risk-insure,dublin,risk insure,dublin,11-50,riskinsure.com
ireland,1973,o'gorman-brannigan-purtill-&-co-,accounting,linkedin.com/company/o'gorman-brannigan-purtill-&-co-,tipperary,"o'gorman brannigan purtill & co. accountants., auditors & tax advisors",munster,11-50,ogbp.ie
ireland,"",tcp-group_2,hospital & health care,linkedin.com/company/tcp-group_2,dublin,tcp group,dublin,51-200,tcp.ie
ireland,2010,adam-security,security and investigations,linkedin.com/company/adam-security,dublin,adam security,dublin,1-10,adamsecurity.ie
ireland,1899,badminton-ireland,sports,linkedin.com/company/badminton-ireland,dublin,badminton ireland,dublin,11-50,badmintonireland.com
ireland,1989,irishshipping,logistics and supply chain,linkedin.com/company/irishshipping,dublin,irish shipping & transport ltd.,dublin,11-50,irishshipping.com
ireland,1999,denis-williams-design-services,architecture & planning,linkedin.com/company/denis-williams-design-services,dundalk,denis williams design services,louth,1-10,deniswilliams.ie
ireland,"",the-greenlane-gallery,fine art,linkedin.com/company/the-greenlane-gallery,dingle,the greenlane gallery,co kerry,1-10,greenlanegallery.com
ireland,2009,photoireland,photography,linkedin.com/company/photoireland,dublin,photoireland,dublin,1-10,photoireland.org
ireland,"",printer-ink-cartridges,computer hardware,linkedin.com/company/printer-ink-cartridges,louth,printer ink cartridges,leinster,11-50,printerinkcartridges.ie
ireland,2009,element-power-asset-management,renewables & environment,linkedin.com/company/element-power-asset-management,"",element power asset management,cork,1-10,elpoweram.com
ireland,2017,kespa-systems,information technology and services,linkedin.com/company/kespa-systems,dublin,kespa systems,dublin,1-10,kespa.systems
ireland,"",a-touch-of-magic,food production,linkedin.com/company/a-touch-of-magic,cork,a touch of magic,cork,1-10,atouchofmagic.ie
ireland,2015,woodstock-communications,marketing and advertising,linkedin.com/company/woodstock-communications,swords,woodstock communications,dublin,1-10,woodstockcommunications.ie
ireland,1992,bill-moss-partnership,information services,linkedin.com/company/bill-moss-partnership,ringsend,bill moss partnership,dublin,11-50,bill-moss.com
ireland,2008,aicache,internet,linkedin.com/company/aicache,ardee,aiscaler,louth,1-10,aiscaler.com
ireland,2018,mentorhr,staffing and recruiting,linkedin.com/company/mentorhr,dublin,mentor hr,dublin,1-10,mentor-hr.com
