country,founded,id,industry,linkedin_url,locality,name,region,size,website
lithuania,2015,entrelegal,legal services,linkedin.com/company/entrelegal,"",entrelegal,vilnius,1-10,entrelegal.in
lithuania,2012,strategy-labs,management consulting,linkedin.com/company/strategy-labs,vilnius,strategy labs,vilniaus apskritis,11-50,strategylabs.lt
lithuania,2012,arslibri,translation and localization,linkedin.com/company/arslibri,"",ars libri,vilnius,1-10,arslibri.lt
lithuania,1997,sofa-travel,"leisure, travel & tourism",linkedin.com/company/sofa-travel,vilnius,sofa travel,vilniaus apskritis,11-50,sofatravel.lt
lithuania,2009,baltic-concierge-agency,"leisure, travel & tourism",linkedin.com/company/baltic-concierge-agency,"",baltic concierge agency,vilnius,1-10,balticconcierge.com
lithuania,2012,uab-iterato,information technology and services,linkedin.com/company/uab-iterato,vilnius,uab iterato,vilniaus apskritis,11-50,iterato.lt
lithuania,2015,make-it-happen-production-house,media production,linkedin.com/company/make-it-happen-production-house,vilnius,make it happen production house,vilniaus apskritis,1-10,makeithappen.lt
lithuania,"",human-industry,human resources,linkedin.com/company/human-industry,"",human industry,"",1-10,humanindustry.lt
lithuania,2002,klaipeda-free-economic-zone-management-company,real estate,linkedin.com/company/klaipeda-free-economic-zone-management-company,klaipeda,klaipeda free economic zone management company,klaipedos apskritis,1-10,fez.lt
lithuania,1999,tichewater,food & beverages,linkedin.com/company/tichewater,"",baltic mineral water company (tiche),"",11-50,tiche.lt
lithuania,2009,blue-solutions_4,information technology and services,linkedin.com/company/blue-solutions_4,"",blue solutions,"",51-200,blue-s.eu
lithuania,"",kauno-gr-dai-ab,food production,linkedin.com/company/kauno-gr-dai-ab,"",kauno grūdai ab,"",201-500,kauno-grudai.lt
lithuania,2015,aksera-uab,computer software,linkedin.com/company/aksera-uab,"","aksera, jsc","",1-10,aksera.eu
lithuania,1994,uab-naresta-,construction,linkedin.com/company/uab-naresta-,vilnius,"uab "naresta"​",vilniaus apskritis,201-500,naresta.lt
lithuania,"",uab-listada,"",linkedin.com/company/uab-listada,"",uab listada,"",1-10,listada.lt
lithuania,2006,talkbasket,sports,linkedin.com/company/talkbasket,"",talkbasket.net,vilnius,11-50,talkbasket.net
lithuania,2003,buhalterijos-centras,accounting,linkedin.com/company/buhalterijos-centras,kaunas,buhalterijos centras,kauno apskritis,1-10,buhalterijoscentras.lt
lithuania,2009,klaipėdos-valstybinė-kolegija,education management,linkedin.com/company/klaipėdos-valstybinė-kolegija,klaipeda,klaipėdos valstybinė kolegija,klaipedos apskritis,201-500,""
lithuania,2000,lietuvos-komunikacijos-asociacija,public relations and communications,linkedin.com/company/lietuvos-komunikacijos-asociacija,"",lietuvos ryšių su visuomene specialistų sąjunga,vilnius,201-500,lrvs.lt
lithuania,2007,workshop-of-photonics,nanotechnology,linkedin.com/company/workshop-of-photonics,"",workshop of photonics,"",11-50,""
lithuania,2014,fertagon™,farming,linkedin.com/company/fertagon™,vilnius,fertagon™ - organic fertilizer,vilniaus apskritis,1-10,""
lithuania,2018,cbsgroup-eu,investment management,linkedin.com/company/cbsgroup-eu,vilnius,cbs,vilniaus apskritis,1-10,cbsgroup.eu
lithuania,2016,motusvita,medical practice,linkedin.com/company/motusvita,"",motus vita physical therapy kaunas,kaunas,1-10,motusvita.lt
lithuania,2019,kernolab,information technology and services,linkedin.com/company/kernolab,vilnius,kernolab,vilniaus apskritis,11-50,kernolab.com
lithuania,2016,uab-easy-debt-services,legal services,linkedin.com/company/uab-easy-debt-services,"",uab easy debt service,vilnius,1-10,easydebtservice.com
lithuania,2017,gipfel-europe,wholesale,linkedin.com/company/gipfel-europe,klaipeda,gipfel europa,klaipedos apskritis,1-10,""
lithuania,"",reactive-labs,computer software,linkedin.com/company/reactive-labs,"",reactive labs,vilnius,11-50,reactive-labs.com
lithuania,2008,uab-si-femto,semiconductors,linkedin.com/company/uab-si-femto,kaunas,uab si femto,kaunas,11-50,sifemto.com
lithuania,2014,auresa,automotive,linkedin.com/company/auresa,"",auresa - toyota atstovybė,panevėžys,11-50,auresa.lt
lithuania,1579,vilnius-university,higher education,linkedin.com/company/vilnius-university,"",vilnius university,"",1001-5000,vu.lt
lithuania,2014,dealoyal,retail,linkedin.com/company/dealoyal,vilnius,dealoyal,vilniaus apskritis,1-10,dealoyal.com
lithuania,2014,farmis,computer software,linkedin.com/company/farmis,"",farmis,kaunas,1-10,farmis.lt
lithuania,2016,design-by-a-s,design,linkedin.com/company/design-by-a-s,vilnius,aivaras simonis studio,vilniaus apskritis,1-10,aivarassimonis.com
lithuania,"",kursiu-nerija-national-park-administration,environmental services,linkedin.com/company/kursiu-nerija-national-park-administration,"",kursiu nerija national park administration,"",51-200,nerija.lt
lithuania,"",mediafon-datapro,information technology and services,linkedin.com/company/mediafon-datapro,"",mediafon datapro,vilnius,11-50,datapro.lt
lithuania,1997,saudingos,logistics and supply chain,linkedin.com/company/saudingos,"",uab saudingos autotransportas,siauliai,501-1000,""
lithuania,"",uab-synergy-cloud,computer software,linkedin.com/company/uab-synergy-cloud,"",teamgate lt,"",1-10,""
lithuania,2015,persistence-mining,information technology and services,linkedin.com/company/persistence-mining,alytus,persistence mining llc,alytus,1001-5000,persistencemining.com
lithuania,"",tzmo-s-a-,"",linkedin.com/company/tzmo-s-a-,"",tzmo s.a.,"",11-50,tzmo.lt
lithuania,2013,logobalt,business supplies and equipment,linkedin.com/company/logobalt,"",logobalt,vilnius,1-10,logobalt.lt
lithuania,2010,elas-uab,mechanical or industrial engineering,linkedin.com/company/elas-uab,"",elas ltd.,vilnius,1-10,e-lasers.com
lithuania,2004,vdi-baldai,furniture,linkedin.com/company/vdi-baldai,"",vdi baldai,vilnius,11-50,vdibaldai.lt
lithuania,2005,ramada-hotel-&-suites-vilnius,hospitality,linkedin.com/company/ramada-hotel-&-suites-vilnius,vilnius,ramada hotel & suites vilnius,vilnius,51-200,ramadavilnius.lt
lithuania,"",karjeros-partneriai,human resources,linkedin.com/company/karjeros-partneriai,vilnius,karjeros partneriai,vilnius,1-10,cvkodas.lt
lithuania,1998,dicto-citius,telecommunications,linkedin.com/company/dicto-citius,kaunas,dicto citius,kauno apskritis,11-50,dicto.net
lithuania,2000,žinių-gausa,education management,linkedin.com/company/žinių-gausa,"",žinių gausa,vilnius,11-50,ziniugausa.lt
lithuania,2008,woodlife-flooring,building materials,linkedin.com/company/woodlife-flooring,marijampole,woodlife flooring,marijampoles apskritis,51-200,woodlife-flooring.com
lithuania,2004,vadasiga,retail,linkedin.com/company/vadasiga,"",vadasiga,vilnius,11-50,vadasiga.lt
lithuania,"",a2-cargo,logistics and supply chain,linkedin.com/company/a2-cargo,vilnius,a2 cargo,vilniaus apskritis,11-50,a2cargo.com
lithuania,1990,office-of-the-government-of-the-republic-of-lithuania,government administration,linkedin.com/company/office-of-the-government-of-the-republic-of-lithuania,"",office of the government of the republic of lithuania,vilnius,51-200,""
lithuania,"",sunprojektai,architecture & planning,linkedin.com/company/sunprojektai,klaipeda,sunprojektai,klaipedos apskritis,11-50,sunprojektai.lt
lithuania,2016,hcm-lt,computer software,linkedin.com/company/hcm-lt,"",hcm.lt,vilnius,1-10,hcm.lt
lithuania,2007,uab-city-projects-,design,linkedin.com/company/uab-city-projects-,"","uab "city projects"","",11-50,cityprojects.lt
lithuania,2019,signontab,computer software,linkedin.com/company/signontab,vilnius,sign on tab,vilnius,11-50,signontab.com
lithuania,1997,registrucentras,information technology and services,linkedin.com/company/registrucentras,"",state enterprise centre of registers,"",1001-5000,lsd.lt
lithuania,2011,alg-logistika,logistics and supply chain,linkedin.com/company/alg-logistika,"",alg logistika,"",51-200,alglogistika.lt
lithuania,1934,uab-kautra,transportation/trucking/railroad,linkedin.com/company/uab-kautra,kaunas,uab kautra,kauno apskritis,501-1000,kautra.lt
lithuania,2010,gluk-media,marketing and advertising,linkedin.com/company/gluk-media,vilnius,gluk media,vilniaus apskritis,11-50,glukmedia.com
lithuania,1997,uab-dirmeta,mechanical or industrial engineering,linkedin.com/company/uab-dirmeta,kaunas,"uab "dirmeta"",kauno apskritis,11-50,dirmeta.lt
lithuania,2008,lietuvos-ryto-televizija,broadcast media,linkedin.com/company/lietuvos-ryto-televizija,"",lietuvos ryto televizija,vilnius,51-200,""
lithuania,1994,juodeliai-uab,packaging and containers,linkedin.com/company/juodeliai-uab,marijampole,"juodeliai, uab",marijampoles apskritis,201-500,juodeliai.com
lithuania,"",glerateam,program development,linkedin.com/company/glerateam,"",glerateam,vilnius,11-50,glera-team.com
lithuania,"",w-lawlt,legal services,linkedin.com/company/w-lawlt,"",w@lawlt,vilnius,1-10,womenat.com
lithuania,"",vetrija-frozen-food-industry,food production,linkedin.com/company/vetrija-frozen-food-industry,alytus county,vetrija frozen food industry,alytus,1-10,vetrija.lt
lithuania,"",uab-autika,"",linkedin.com/company/uab-autika,"",uab autika,"",1-10,autika.lt
lithuania,2009,uab-inlusion-netforms,information technology and services,linkedin.com/company/uab-inlusion-netforms,"",uab inlusion netforms,"",11-50,inlu.net
lithuania,2013,capital-lietuva,real estate,linkedin.com/company/capital-lietuva,"",capital lietuva,"",51-200,capital.lt
lithuania,2007,baltic-blues-travel,"leisure, travel & tourism",linkedin.com/company/baltic-blues-travel,"",baltic blues house,"",11-50,balticblues.com
lithuania,2002,bta-draudimas,insurance,linkedin.com/company/bta-draudimas,"",bta draudimas,vilnius,501-1000,bta.lt
lithuania,2012,mapei-in-lithuania,construction,linkedin.com/company/mapei-in-lithuania,"","uab "velve m.s.t."​ // mapei lithuania","",1-10,velvemst.lt
lithuania,2012,elektrumlietuva,oil & energy,linkedin.com/company/elektrumlietuva,vilnius,elektrum lietuva,vilniaus apskritis,11-50,elektrum.lt
lithuania,"",gigatelis,telecommunications,linkedin.com/company/gigatelis,vilnius,gigatel,vilnius,11-50,""
lithuania,2018,european-merchant-bank,banking,linkedin.com/company/european-merchant-bank,vilnius,european merchant bank,vilnius,11-50,europeanmerchantbank.com
lithuania,2007,avad-baltic,consumer electronics,linkedin.com/company/avad-baltic,"",avad baltic,kaunas,11-50,avadbaltic.com
lithuania,2007,inbold,marketing and advertising,linkedin.com/company/inbold,"",inbold,vilnius,1-10,inbold.lt
lithuania,1989,international-business-school-at-vilnius-university,education management,linkedin.com/company/international-business-school-at-vilnius-university,"",international business school at vilnius university,"",51-200,""
lithuania,"",freshproduction,entertainment,linkedin.com/company/freshproduction,vilnius,fresh production house,vilniaus apskritis,1-10,freshproduction.lt
lithuania,2019,red-m-uab,real estate,linkedin.com/company/red-m-uab,"",red m uab,vilnius,1-10,redm.lt
lithuania,2006,network-gate,computer & network security,linkedin.com/company/network-gate,"",network gate,"",1-10,networkgate.info
lithuania,1997,uab-„transporto-vystymo-grupė“,transportation/trucking/railroad,linkedin.com/company/uab-„transporto-vystymo-grupė“,"",uab „transporto vystymo grupė“,"",201-500,karlas.net
