country,founded,id,industry,linkedin_url,locality,name,region,size,website
malaysia,2012,intrious,information technology and services,linkedin.com/company/intrious,"",intrious technology sdn bhd,kuala lumpur,1-10,intrious.com
malaysia,"",kl-lab-supplies-sdn-bhd,business supplies and equipment,linkedin.com/company/kl-lab-supplies-sdn-bhd,"",kl lab supplies sdn bhd,"",1-10,kllab.com
malaysia,2019,arrivo-my,computer software,linkedin.com/company/arrivo-my,"",arrivo,selangor,1-10,arrivo.app
malaysia,2019,thekalavera,graphic design,linkedin.com/company/thekalavera,petaling jaya,kalavera,selangor,1-10,thekalavera.com
malaysia,"",felcra-berhad,government relations,linkedin.com/company/felcra-berhad,"",felcra berhad,"",501-1000,felcra.com.my
malaysia,2009,alphapod,internet,linkedin.com/company/alphapod,"",alphapod,"",1-10,alphapod.com
malaysia,2008,international-multilateral-partnership-against-cyber-threats-impact-,computer & network security,linkedin.com/company/international-multilateral-partnership-against-cyber-threats-impact-,"",impact (international multilateral partnership against cyber threats),"",11-50,impact-alliance.org
malaysia,1995,putrajayaholdings,real estate,linkedin.com/company/putrajayaholdings,putrajaya,putrajaya holdings sdn bhd (pjh),putrajaya,201-500,""
malaysia,"",pjd-construction-sdn-bhd,construction,linkedin.com/company/pjd-construction-sdn-bhd,"",pjd construction sdn bhd,"",51-200,""
malaysia,"",plynius,entertainment,linkedin.com/company/plynius,kuala lumpur,plynius,kuala lumpur,51-200,plynius.com
malaysia,1987,paws-animal-welfare-society-petaling-jaya,non-profit organization management,linkedin.com/company/paws-animal-welfare-society-petaling-jaya,petaling jaya,paws animal welfare society,selangor,11-50,paws.org.my
malaysia,2003,exclusivitea-sdn-bhd,food & beverages,linkedin.com/company/exclusivitea-sdn-bhd,bayan lepas,exclusivitea sdn bhd,penang,11-50,xtea.com.my
malaysia,2019,supplus-my,food production,linkedin.com/company/supplus-my,johor bahru,supplus sdn bhd,johor,11-50,pasaronline.com.my
malaysia,"",auric-chun-yip-sdn-bhd-,consumer goods,linkedin.com/company/auric-chun-yip-sdn-bhd-,shah alam,auric chun yip sdn. bhd.,selangor,51-200,""
malaysia,"",platinumvictory,real estate,linkedin.com/company/platinumvictory,setapak,platinum victory,kuala lumpur,51-200,platinumvictory.com
malaysia,"",afn-sports-sdn-bhd,sports,linkedin.com/company/afn-sports-sdn-bhd,klang,afn sports sdn bhd,selangor,51-200,afnsports.com.my
malaysia,"",mesin-jahit,retail,linkedin.com/company/mesin-jahit,temerloh,mesin jahit,pahang,11-50,mesinjahit.my
malaysia,2017,cahaya-surya-bakti,primary/secondary education,linkedin.com/company/cahaya-surya-bakti,johor bahru,pertubuhan kebajikan cahaya surya bakti (csb),johor,1-10,""
malaysia,"",mq-consultancy-sdn-bhd-,internet,linkedin.com/company/mq-consultancy-sdn-bhd-,"",mq consultancy sdn. bhd.,"",1-10,mqbusinesswealth.com
malaysia,"",tk-multitrade-sdn-bhd,mechanical or industrial engineering,linkedin.com/company/tk-multitrade-sdn-bhd,"",tk multitrade sdn bhd,"",11-50,tkmsb.com
malaysia,"",rima-international-college,education management,linkedin.com/company/rima-international-college,puchong batu dua belas,rima international college,selangor,11-50,""
malaysia,2002,jobs-career-recruitment-agency,human resources,linkedin.com/company/jobs-career-recruitment-agency,melaka,jobpoint.com,melaka,51-200,jobpoint.com
malaysia,2011,emf-simulation-sdn-bhd,telecommunications,linkedin.com/company/emf-simulation-sdn-bhd,"",emf simulation sdn bhd,"",11-50,emfsimulation.com
malaysia,1995,furutec-electrical-sdn-bhd,computer hardware,linkedin.com/company/furutec-electrical-sdn-bhd,subang jaya,furutec electrical sdn bhd,selangor,51-200,furutec.com.my
malaysia,2014,help-university-cp,computer networking,linkedin.com/company/help-university-cp,kuala lumpur,help university - company,kuala lumpur,1-10,""
malaysia,"",asa-overseas-education-specialist-m-sdn-bhd,education management,linkedin.com/company/asa-overseas-education-specialist-m-sdn-bhd,"",asa overseas education specialist (m) sdn bhd,"",1-10,asa-edu.com
malaysia,1984,reapfield-properties-penang-sdn-bhd,real estate,linkedin.com/company/reapfield-properties-penang-sdn-bhd,petaling jaya,reapfield properties sdn bhd (group),selangor,501-1000,reapfield.com
malaysia,1972,avis-malaysia,"leisure, travel & tourism",linkedin.com/company/avis-malaysia,shah alam,avis malaysia,selangor,51-200,avis.com.my
malaysia,"",thermik-technologies-sdn-bhd,electrical/electronic manufacturing,linkedin.com/company/thermik-technologies-sdn-bhd,rawang,thermik technologies sdn bhd,selangor,11-50,thermik.de
malaysia,"",team-engineers-associates-consultants-sdn-bhd,civil engineering,linkedin.com/company/team-engineers-associates-consultants-sdn-bhd,"",team engineers associates consultants sdn bhd,selangor,11-50,""
malaysia,1983,hasil-karya-machinery,machinery,linkedin.com/company/hasil-karya-machinery,"",hasil karya machinery,selangor,11-50,hasilkarya.com.my
malaysia,2014,neuroware,information technology and services,linkedin.com/company/neuroware,kuala lumpur,neuroware,kuala lumpur,1-10,neuroware.io
malaysia,2002,zerin-properties,real estate,linkedin.com/company/zerin-properties,"",zerin properties,kuala lumpur,11-50,zerinproperties.com
malaysia,2013,bintarasolutions,information technology and services,linkedin.com/company/bintarasolutions,"",bintara solutions sdn bhd,kuala lumpur,11-50,bintara.com.my
malaysia,1989,sun-shine-marketing-m-sdn-bhd,automotive,linkedin.com/company/sun-shine-marketing-m-sdn-bhd,"",sun-shine marketing (m) sdn bhd,selangor,51-200,sunshine.com.my
malaysia,2012,wedding-atelier,apparel & fashion,linkedin.com/company/wedding-atelier,shah alam,wedding atelier,selangor,11-50,weddingatelier.com.my
malaysia,2013,geo-training-studio,hospitality,linkedin.com/company/geo-training-studio,"",geo training studio,"",1-10,geotrainingstudio.com
malaysia,2013,onlinemarketing-academy,professional training & coaching,linkedin.com/company/onlinemarketing-academy,johor bahru,online marketing academy,johor,11-50,onlinemarketing-academy.com
malaysia,2007,nextvisual,information technology and services,linkedin.com/company/nextvisual,subang jaya,next visual sdn bhd,selangor,1-10,nextvisual.com.my
malaysia,2015,ultron-malaysia,sporting goods,linkedin.com/company/ultron-malaysia,"",ultron malaysia,kuala lumpur,11-50,ultron.com.my
malaysia,"",qvice-technology,accounting,linkedin.com/company/qvice-technology,cheras,qvice technology,selangor,1-10,qvice.com.my
malaysia,2018,ramada-by-wyndham-meridin-johor-bahru,hospitality,linkedin.com/company/ramada-by-wyndham-meridin-johor-bahru,johor bahru,ramada by wyndham - meridin johor bahru,johor,51-200,ramadameridinjohor.com
malaysia,2005,soh-design-studio,architecture & planning,linkedin.com/company/soh-design-studio,nusajaya,soh design studio,johor,1-10,soh-design.com
malaysia,"",perniagaan-syabas-jaya-sdn-bhd,"",linkedin.com/company/perniagaan-syabas-jaya-sdn-bhd,"",perniagaan syabas jaya sdn bhd,"",11-50,syabasjaya.com.my
malaysia,"",ko-skin-specialist,medical practice,linkedin.com/company/ko-skin-specialist,kuantan,ko skin specialist,pahang,51-200,koskinspecialist.com
malaysia,2017,ezipod-sdn-bhd,consumer services,linkedin.com/company/ezipod-sdn-bhd,petaling jaya,ezipod sdn bhd,selangor,11-50,ezipod.my
malaysia,"",mhpt-engineering-sdn-bhd,electrical/electronic manufacturing,linkedin.com/company/mhpt-engineering-sdn-bhd,kuala lumpur,mhpt engineering sdn bhd,kuala lumpur,11-50,""
malaysia,1975,renopro-building-construction,construction,linkedin.com/company/renopro-building-construction,"",renopro building construction,penang,1-10,renopro.com.my
malaysia,2016,northsea-engineering,oil & energy,linkedin.com/company/northsea-engineering,"",northsea engineering,"",1-10,northsea.biz
malaysia,2011,leadwomen,information technology and services,linkedin.com/company/leadwomen,"",leadwomen,kuala lumpur,1-10,lead-women.com
malaysia,1984,itdworld,management consulting,linkedin.com/company/itdworld,"",itd world,penang,501-1000,itdworld.com
malaysia,2017,market-malaysia,consumer goods,linkedin.com/company/market-malaysia,"",market malaysia | shop•com,kuala lumpur,11-50,""
malaysia,"",ranhill-engineers-and-constructors-sdn-bhd,information technology and services,linkedin.com/company/ranhill-engineers-and-constructors-sdn-bhd,kuala lumpur,ranhill engineers and constructors sdn bhd,kuala lumpur,1-10,""
malaysia,"",optical-communication-engineering-sdn-bhd,internet,linkedin.com/company/optical-communication-engineering-sdn-bhd,"",optical communication engineering sdn bhd,"",1-10,ocesb.com.my
malaysia,"",ag-elevates-sdn-bhd,arts and crafts,linkedin.com/company/ag-elevates-sdn-bhd,"",ag elevates sdn bhd,selangor,1-10,""
malaysia,2010,ssvdi,telecommunications,linkedin.com/company/ssvdi,masai,ss surveillance & communication sdn bhd,johor,11-50,ssgroup.my
malaysia,2001,epsilon-technology,computer hardware,linkedin.com/company/epsilon-technology,bukit mertajam,epsilon technology,pulau pinang,1-10,epsitechnology.com
malaysia,2015,kias-agency,marketing and advertising,linkedin.com/company/kias-agency,kuala lumpur,kias agency,kuala lumpur,1-10,kiasagency.com
malaysia,"",sno-architects-sdn-bhd,architecture & planning,linkedin.com/company/sno-architects-sdn-bhd,"",sno architects sdn bhd,"",11-50,""
malaysia,1985,cl-systems-sdn-bhd,information technology and services,linkedin.com/company/cl-systems-sdn-bhd,"",cl systems sdn bhd,"",51-200,clsystems.com.my
malaysia,"",takasima,"",linkedin.com/company/takasima,"",takasima,"",51-200,takasima.com.my
malaysia,"",innovatige-sdn-bhd,events services,linkedin.com/company/innovatige-sdn-bhd,"",innovatige sdn bhd,"",11-50,monsooncup.com.my
malaysia,"",century-dynasty-resources-sdn-bhd,international trade and development,linkedin.com/company/century-dynasty-resources-sdn-bhd,"",century dynasty resources sdn bhd,"",1-10,centurydynasty.com
malaysia,"",telitinet-sdn-bhd,broadcast media,linkedin.com/company/telitinet-sdn-bhd,"",telitinet sdn bhd,"",51-200,teliti.com
malaysia,"",selatan-business-solutions-sdn-bhd,management consulting,linkedin.com/company/selatan-business-solutions-sdn-bhd,"",selatan business solutions sdn bhd,"",1-10,selatan.com.my
malaysia,2008,it-paradise-solutions-sdn-bhd,information technology and services,linkedin.com/company/it-paradise-solutions-sdn-bhd,subang jaya,it paradise solutions sdn bhd,selangor,1-10,it-paradise.com
malaysia,"",sunshine-wholesale-mart-sdn-bhd-,real estate,linkedin.com/company/sunshine-wholesale-mart-sdn-bhd-,pulau pinang,sunshine wholesale mart sdn. bhd.,penang,11-50,""
malaysia,2013,leaping-frog-services,information technology and services,linkedin.com/company/leaping-frog-services,"",leaping frog services,selangor,1-10,leapingfrogservices.com
malaysia,"",big-battery,retail,linkedin.com/company/big-battery,shah alam,big battery,selangor,1-10,bigbattery.my
malaysia,2003,j-one-logistics-m-sdn-bhd,logistics and supply chain,linkedin.com/company/j-one-logistics-m-sdn-bhd,subang jaya,j one logistics (m) sdn bhd,selangor,11-50,j-onegroup.com
malaysia,"",ods-builder-sdn-bhd,civil engineering,linkedin.com/company/ods-builder-sdn-bhd,batu caves,ods builder sdn bhd,selangor,1-10,""
malaysia,"",dchl-sdn-bhd,banking,linkedin.com/company/dchl-sdn-bhd,"",dchl sdn bhd,"",1-10,""
malaysia,1989,webserver-com-my-c-o-acme-commerce-sdn-bhd,information technology and services,linkedin.com/company/webserver-com-my-c-o-acme-commerce-sdn-bhd,"",webserver malaysia c/o acme commerce sdn bhd.,"",11-50,webserver.com.my
malaysia,1999,ukec-malaysia,education management,linkedin.com/company/ukec-malaysia,subang jaya,ukec malaysia - united kingdom education centre,selangor,201-500,""
malaysia,"",innoprise-plantations-bhd-inno-,farming,linkedin.com/company/innoprise-plantations-bhd-inno-,"",innoprise plantations bhd (inno),"",1-10,innoprise.com.my
malaysia,1990,oriental-sheet-piling-arcelormittal,building materials,linkedin.com/company/oriental-sheet-piling-arcelormittal,petaling jaya,oriental sheet piling/arcelormittal,selangor,201-500,orientalsheetpiling.com
malaysia,1938,utusanmelayu,media production,linkedin.com/company/utusanmelayu,"",kumpulan utusan,kuala lumpur,1001-5000,""
malaysia,"",cheow-hwang-&-yap,law practice,linkedin.com/company/cheow-hwang-&-yap,"",cheow hwang & yap,"",11-50,chy.com.my
malaysia,"",gpakitek,architecture & planning,linkedin.com/company/gpakitek,petaling jaya,gp akitek sdn bhd,selangor,11-50,gpakitek.com
malaysia,2020,1flexpass,"health, wellness and fitness",linkedin.com/company/1flexpass,kuala lumpur,1flex,kuala lumpur,1-10,1flex.my
malaysia,2018,britz-garage-detailing-studio,automotive,linkedin.com/company/britz-garage-detailing-studio,kuala lumpur,britz garage detailing studio,kuala lumpur,1-10,britzgarage.com
malaysia,"",bumimetro-construction-sdn-bhd,construction,linkedin.com/company/bumimetro-construction-sdn-bhd,petaling jaya,bumimetro construction sdn bhd,selangor,11-50,bumimetro.com
malaysia,1969,naturamalaysia,cosmetics,linkedin.com/company/naturamalaysia,subang jaya,natura malaysia,selangor,11-50,naturamy.com
malaysia,2008,bestinet-sdn-bhd,computer networking,linkedin.com/company/bestinet-sdn-bhd,kuala lumpur,bestinet sdn bhd,kuala lumpur,201-500,bestinet.com.my
malaysia,"",pdr-network,"",linkedin.com/company/pdr-network,"",pdr network,"",11-50,pdrnet.net
malaysia,2013,lean-partner,management consulting,linkedin.com/company/lean-partner,petaling jaya,lean partner,selangor,1-10,leanpg.com
malaysia,"",likom-group,banking,linkedin.com/company/likom-group,"",likom group,"",1-10,""
malaysia,"",pembinaan-thin-chai-sdn-bhd,construction,linkedin.com/company/pembinaan-thin-chai-sdn-bhd,"",pembinaan thin chai sdn bhd,"",1-10,ptcsb.com
malaysia,"",lifetronic-medical-systems-sdn-bhd,"",linkedin.com/company/lifetronic-medical-systems-sdn-bhd,"",lifetronic medical systems sdn bhd,"",11-50,lifetronic.com
malaysia,2016,digital-marketing-consultancy-sdn-bhd,internet,linkedin.com/company/digital-marketing-consultancy-sdn-bhd,petaling jaya,digital marketing consultancy sdn bhd,selangor,11-50,""
malaysia,2006,ezee-technosys-m-sdn-bhd-,information technology and services,linkedin.com/company/ezee-technosys-m-sdn-bhd-,"",ezee technosys m sdn. bhd.,kuala lumpur,51-200,ezeetechnosys.com.my
malaysia,"",lipico-engineering-sdn-bhd,machinery,linkedin.com/company/lipico-engineering-sdn-bhd,kuala lumpur,lipico engineering sdn bhd,kuala lumpur,1-10,lipico.com
malaysia,2000,tc-office-solution-sdn-bhd,business supplies and equipment,linkedin.com/company/tc-office-solution-sdn-bhd,simpang empat,tc office solution sdn bhd,perak,11-50,""
malaysia,1963,bhlmetal,automotive,linkedin.com/company/bhlmetal,perai,bhl metal industries ltd,penang,201-500,bhlmetalind.com
malaysia,1973,pta-pcghs,education management,linkedin.com/company/pta-pcghs,george town,parent teacher association of penang chinese girls'​ high school,penang,11-50,""
malaysia,"",dazztech-consultancy-sdn-bhd,mechanical or industrial engineering,linkedin.com/company/dazztech-consultancy-sdn-bhd,"",dazztech consultancy sdn bhd,"",1-10,dazztech.com
malaysia,"",primechem-malaysia-sdn-bhd,chemicals,linkedin.com/company/primechem-malaysia-sdn-bhd,"",primechem malaysia sdn bhd,"",11-50,primechem.com
malaysia,"",sime-darby-technology-centre,"",linkedin.com/company/sime-darby-technology-centre,"",sime darby technology centre,selangor,51-200,""
malaysia,1998,vectorinfotechsdnbhd,telecommunications,linkedin.com/company/vectorinfotechsdnbhd,"",vector infotech sdn bhd,kuala lumpur,51-200,vectorinfotech.my
malaysia,"",venus-assets-sdn-bhd,"",linkedin.com/company/venus-assets-sdn-bhd,"",venus assets sdn bhd,"",11-50,venusassets.com
malaysia,2012,global-brand-network-limited,import and export,linkedin.com/company/global-brand-network-limited,kota kinabalu,global brand network limited,sabah,1-10,global-brand-network.com
malaysia,2012,kws-distribution-sdn-bhd,wholesale,linkedin.com/company/kws-distribution-sdn-bhd,kuala lumpur,kws distribution sdn bhd,kuala lumpur,11-50,kws.my
malaysia,1988,rhombus-castors-malaysia-sdn-bhd,machinery,linkedin.com/company/rhombus-castors-malaysia-sdn-bhd,kulim,rhombus castors (malaysia) sdn. bhd,kedah,51-200,rhombus.com.my
malaysia,2016,saradise,real estate,linkedin.com/company/saradise,kuching,saradise sdn bhd,sarawak,11-50,saradise.my
malaysia,"",united-plantations-bhd-upl-,building materials,linkedin.com/company/united-plantations-bhd-upl-,teluk intan,united plantations bhd (upl),perak,11-50,unitedplantations.com
malaysia,1997,matrix-concepts-holdings-berhad,real estate,linkedin.com/company/matrix-concepts-holdings-berhad,seremban,matrix concepts holdings berhad,negeri sembilan,201-500,mchb.com.my
malaysia,2014,ammolitefurniture,furniture,linkedin.com/company/ammolitefurniture,shah alam,ammolite furniture sdn bhd,selangor,51-200,goldenhomekitchen.com.my
malaysia,2013,dt-leadership,human resources,linkedin.com/company/dt-leadership,cyberjaya,dt leadership,selangor,1-10,designthinking.com.my
malaysia,"",gl-chong-&-co,accounting,linkedin.com/company/gl-chong-&-co,shah alam,gl chong & co,selangor,1-10,pickmgt.com
malaysia,"",tenn-holdings-sdn-bhd,"",linkedin.com/company/tenn-holdings-sdn-bhd,"",tenn holdings sdn bhd,"",11-50,tennholdings.com
malaysia,2015,nanotextile-sdn-bhd,textiles,linkedin.com/company/nanotextile-sdn-bhd,"",nanotextile sdn bhd,selangor,1-10,nanotextileinnovation.com
malaysia,2012,globalopenuniversity,e-learning,linkedin.com/company/globalopenuniversity,"",global open university,selangor,11-50,globalou.com
malaysia,"",cems-engineering-sdn-bhd,facilities services,linkedin.com/company/cems-engineering-sdn-bhd,petaling jaya,cems engineering sdn bhd,selangor,11-50,cems.com.my
malaysia,2019,wekago,package/freight delivery,linkedin.com/company/wekago,shah alam,wekago,selangor,1-10,wekago.com
malaysia,2013,akgroupholdings,import and export,linkedin.com/company/akgroupholdings,"",ak group holdings,kuala lumpur,51-200,akgroup.com.my
malaysia,"",restoran-sederhana,restaurants,linkedin.com/company/restoran-sederhana,petaling jaya,restoran sederhana,selangor,201-500,restoransederhana.id
malaysia,1989,jim-project-expo-logistics-m-sdn-bhd,mechanical or industrial engineering,linkedin.com/company/jim-project-expo-logistics-m-sdn-bhd,shah alam,jim project & expo logistics (m) sdn bhd,selangor,11-50,jim.com.my
malaysia,"",lyric-labs-sdn-bhd,education management,linkedin.com/company/lyric-labs-sdn-bhd,"",lyric labs sdn bhd,kuala lumpur,1-10,lyriclabs.com.my
malaysia,2010,horestco-industries-m-sdn.-bhd.,furniture,linkedin.com/company/horestco-industries-m-sdn.-bhd.,shah alam,horestco industries (m) sdn. bhd.,selangor,11-50,horestco.com
malaysia,2008,oap-realty,real estate,linkedin.com/company/oap-realty,johor bahru,oap realty,johor,51-200,oaprealty.com.my
malaysia,"",jubilee-manufacturing-sdn-bhd,plastics,linkedin.com/company/jubilee-manufacturing-sdn-bhd,"",jubilee manufacturing sdn bhd,"",11-50,jubilee-sg.com
malaysia,2013,think-cloud-design-lab,architecture & planning,linkedin.com/company/think-cloud-design-lab,kuala lumpur,think cloud design lab,kuala lumpur,1-10,thinkclouddesignlab.com
malaysia,1980,gentingmalaysia,"leisure, travel & tourism",linkedin.com/company/gentingmalaysia,"",genting malaysia berhad,kuala lumpur,10001+,gentingmalaysia.com
malaysia,"",drilmaco-sdn-bhd,oil & energy,linkedin.com/company/drilmaco-sdn-bhd,"",drilmaco sdn bhd,"",11-50,drilmaco.com
malaysia,2014,blabsasia,information technology and services,linkedin.com/company/blabsasia,"",blockchain labs asia,labuan,11-50,blabs.asia
malaysia,"",insas-technology-berhad,venture capital & private equity,linkedin.com/company/insas-technology-berhad,"",insas technology berhad,kuala lumpur,1001-5000,insas.net
malaysia,"",foinre-future-of-technology,information technology and services,linkedin.com/company/foinre-future-of-technology,kuala lumpur,foinre - future of technology,kuala lumpur,1-10,foinre.com
malaysia,2011,asiahealthnexus,hospital & health care,linkedin.com/company/asiahealthnexus,kuala lumpur,asiahealthnexus,kuala lumpur,11-50,asiahealthnexus.com
malaysia,2011,sagepromaster,renewables & environment,linkedin.com/company/sagepromaster,"",sage promaster sdn bhd,kuala lumpur,51-200,sagefuels.com
malaysia,"",power-frontier-consolidated-sdn-bhd,construction,linkedin.com/company/power-frontier-consolidated-sdn-bhd,"",power frontier consolidated sdn bhd,"",11-50,""
malaysia,"",uc-blasting-&-painting-sdn-bhd,mining & metals,linkedin.com/company/uc-blasting-&-painting-sdn-bhd,klang,uc blasting & painting sdn bhd,selangor,1-10,ucblast.com
malaysia,"",pacific-oleochemicals-sdn-bhd,chemicals,linkedin.com/company/pacific-oleochemicals-sdn-bhd,"",pacific oleochemicals sdn bhd,"",1-10,pacificoleo.com
malaysia,"",johan-holdings-berhad,"",linkedin.com/company/johan-holdings-berhad,"",johan holdings berhad,"",51-200,johanholdings.com.my
malaysia,2005,hen-design-studio,design,linkedin.com/company/hen-design-studio,kuching,hen design studio,sarawak,1-10,henstudio.com
malaysia,"",pccs-group-bhd-pccs-,apparel & fashion,linkedin.com/company/pccs-group-bhd-pccs-,parit raja,pccs group bhd (pccs),johor,11-50,pccs.net
malaysia,"",malaysian-assurance-alliance-bhd,insurance,linkedin.com/company/malaysian-assurance-alliance-bhd,kuala lumpur,malaysian assurance alliance bhd,kuala lumpur,11-50,""
malaysia,"",cubic-integrated-aviation,electrical/electronic manufacturing,linkedin.com/company/cubic-integrated-aviation,"",cubic integrated aviation,"",201-500,""
malaysia,2011,conscious-solution-sdn-bhd,marketing and advertising,linkedin.com/company/conscious-solution-sdn-bhd,cyberjaya,conscious solutions sdn bhd,selangor,11-50,consciousssb.com
malaysia,"",rci-lime-rock-chemical-industries-malaysia-sdn-bhd,mining & metals,linkedin.com/company/rci-lime-rock-chemical-industries-malaysia-sdn-bhd,gopeng,rci lime (rock chemical industries malaysia) sdn bhd,perak,201-500,""
malaysia,2010,emerging-journey-asia,management consulting,linkedin.com/company/emerging-journey-asia,kuala lumpur,emerging journey asia,kuala lumpur,1-10,emergingjourney.asia
malaysia,"",pesona-metro-sdn-bhd,oil & energy,linkedin.com/company/pesona-metro-sdn-bhd,seri kembangan,pesona metro sdn bhd,selangor,11-50,pesona.com.my
malaysia,"",capslock-technology,information technology and services,linkedin.com/company/capslock-technology,"",capslock technology,"",11-50,capslock.com.my
malaysia,"",monarchasia,furniture,linkedin.com/company/monarchasia,muar,monarch asia ltd.,johor,11-50,monarchasiadirect.com
malaysia,"",hokto-malaysia-sdn-bhd,food production,linkedin.com/company/hokto-malaysia-sdn-bhd,"",hokto malaysia sdn. bhd,"",1-10,hokto-kinoko.co.jp
malaysia,2008,merit-technologies-sdn-bhd,oil & energy,linkedin.com/company/merit-technologies-sdn-bhd,petaling jaya,merit technologies  sdn bhd,selangor,11-50,merit.net.my
malaysia,2000,sanctuary-resort-malaysia,entertainment,linkedin.com/company/sanctuary-resort-malaysia,"",sanctuary resort malaysia,"",11-50,sanctuaryresortmalaysia.com
malaysia,2008,houseoftastesdnbhd,food & beverages,linkedin.com/company/houseoftastesdnbhd,petaling jaya,house of taste sdn bhd,selangor,51-200,thehouseoftaste.com
malaysia,2017,bixmalaysia,financial services,linkedin.com/company/bixmalaysia,"",bond and sukuk information exchange (bix malaysia),kuala lumpur,1-10,bixmalaysia.com
malaysia,"",gulf-chemicals-pvt-ltd,chemicals,linkedin.com/company/gulf-chemicals-pvt-ltd,shah alam,gulf chemicals pvt ltd,selangor,11-50,""
malaysia,2011,lemon-sky,computer games,linkedin.com/company/lemon-sky,petaling jaya,lemon sky,selangor,201-500,lemonsky.tv
malaysia,"",fotostat-seri-murni-sdn-bhd,information technology and services,linkedin.com/company/fotostat-seri-murni-sdn-bhd,kuala terengganu,fotostat seri murni sdn bhd,terengganu,1-10,fsm.com.my
malaysia,1987,malaysian-integrated-business-college,higher education,linkedin.com/company/malaysian-integrated-business-college,"",malaysian integrated business college,selangor,11-50,""
malaysia,1997,kriptic-sdn.-bhd,consumer electronics,linkedin.com/company/kriptic-sdn.-bhd,kuala lumpur,kriptic devices,kuala lumpur,1-10,kriptic.com.my
malaysia,"",edo-ichi-japanese-cuisine,restaurants,linkedin.com/company/edo-ichi-japanese-cuisine,seremban,edo ichi japanese cuisine,negeri sembilan,1-10,edoichigroup.com
malaysia,2018,workle-malaysia,staffing and recruiting,linkedin.com/company/workle-malaysia,"",workle malaysia,kuala lumpur,11-50,workle.com.my
malaysia,2012,advatar-asia,media production,linkedin.com/company/advatar-asia,"",advatar asia,kuala lumpur,1-10,advatarasia.com.my
malaysia,2013,yayasankanser,fund-raising,linkedin.com/company/yayasankanser,"",yayasan kanser malaysia (official),kuala lumpur,1-10,yayasankansermalaysia.org
malaysia,2011,ybl-international-sdn-bhd,logistics and supply chain,linkedin.com/company/ybl-international-sdn-bhd,"",ybl international sdn bhd,"",11-50,yblinternational.com.my
malaysia,"",stone-mashe-sdn-bhd,"",linkedin.com/company/stone-mashe-sdn-bhd,"",stone-mashe sdn bhd,"",11-50,stone-mashe.com
malaysia,"",puncak-semerah-sdn-bhd,construction,linkedin.com/company/puncak-semerah-sdn-bhd,"",puncak semerah sdn bhd,"",1-10,puncak-semerah.com
malaysia,2017,beforeshepops,"health, wellness and fitness",linkedin.com/company/beforeshepops,"",before she pops,kuala lumpur,1-10,beforeshepops.com
malaysia,2001,hafizjewel,luxury goods & jewelry,linkedin.com/company/hafizjewel,kajang,hafizjewel,selangor,11-50,hafizjewel.com
malaysia,2014,oppstar-technology,semiconductors,linkedin.com/company/oppstar-technology,bayan lepas,oppstar technology,penang,51-200,oppstar.com.my
malaysia,"",allson-klana-resort,hospitality,linkedin.com/company/allson-klana-resort,"",allson klana resort,"",11-50,""
malaysia,"",versatile-learning-sdn-bhd,"",linkedin.com/company/versatile-learning-sdn-bhd,"",versatile learning sdn bhd,"",11-50,versatile-learning.com
malaysia,2012,new-entrepreneurs-foundation-mynef-,non-profit organization management,linkedin.com/company/new-entrepreneurs-foundation-mynef-,petaling jaya,new entrepreneurs foundation (mynef),selangor,11-50,mynef.com
malaysia,2016,xpert-engineering-solution,mechanical or industrial engineering,linkedin.com/company/xpert-engineering-solution,ampang,xpert engineering solution sdn bhd,selangor,51-200,xessb.com
malaysia,"",adstylo-sdn-bhd,graphic design,linkedin.com/company/adstylo-sdn-bhd,"",adstylo sdn bhd,"",1-10,""
malaysia,2018,suits-consultancy-sdn-bhd,marketing and advertising,linkedin.com/company/suits-consultancy-sdn-bhd,petaling jaya,suits consultancy sdn bhd,selangor,11-50,""
malaysia,2013,max-bell-sdn-bhd,renewables & environment,linkedin.com/company/max-bell-sdn-bhd,petaling jaya,max bell sdn bhd,selangor,1-10,maxbellgroup.com
malaysia,"",jf-apex-securities-berhad,financial services,linkedin.com/company/jf-apex-securities-berhad,"",jf apex securities berhad,"",11-50,apexequity.com.my
malaysia,2010,intelligent-app,computer software,linkedin.com/company/intelligent-app,rawang,intelligent app,selangor,1-10,intelligent-app.com
malaysia,"",ifluid-media-&-solutions,internet,linkedin.com/company/ifluid-media-&-solutions,petaling jaya,ifluid media & solutions,selangor,1-10,ifluidmedia.com
malaysia,2019,high-skill-masters,program development,linkedin.com/company/high-skill-masters,"",high skill masters,kuala lumpur,1-10,highskillmasters.com
malaysia,2018,foliomediastudio,media production,linkedin.com/company/foliomediastudio,"",folio media studio,selangor,1-10,""
malaysia,"",sealink-sdn-bhd-,maritime,linkedin.com/company/sealink-sdn-bhd-,miri,sealink sdn. bhd.,sarawak,51-200,""
malaysia,"",rst-communications,events services,linkedin.com/company/rst-communications,"",rst communications,"",1-10,rstc.com.my
malaysia,2014,om-materials-sarawak-sdn-bhd,mining & metals,linkedin.com/company/om-materials-sarawak-sdn-bhd,bintulu,om materials (sarawak) sdn bhd,sarawak,1001-5000,""
malaysia,"",cool-invention-msc-sdn-bhd,computer software,linkedin.com/company/cool-invention-msc-sdn-bhd,"",cool invention msc sdn bhd,"",11-50,coolinvention.com
malaysia,"",chulia-facilities-management-sdn-bhd,facilities services,linkedin.com/company/chulia-facilities-management-sdn-bhd,kuala lumpur,chulia facilities management sdn bhd,kuala lumpur,11-50,chuliafm.com
malaysia,2019,tombark,information technology and services,linkedin.com/company/tombark,batu caves,tombark technology,selangor,11-50,tombark.my
malaysia,2008,top-east-asia,food & beverages,linkedin.com/company/top-east-asia,kuala lumpur,top east asia,kuala lumpur,11-50,topeastasia.com
malaysia,"",paradigm-trainers,marketing and advertising,linkedin.com/company/paradigm-trainers,"",paradigm-trainers,"",51-200,paradigm-trainers.in
malaysia,"",beverly-group-sdn-bhd,real estate,linkedin.com/company/beverly-group-sdn-bhd,"",beverly group sdn bhd,"",11-50,beverlygroup.com.my
malaysia,"",bionics-sciences-s-b,"",linkedin.com/company/bionics-sciences-s-b,"",bionics sciences s/b,"",1-10,bionics.com.my
malaysia,2011,limbongan-maju-sdn-bhd,maritime,linkedin.com/company/limbongan-maju-sdn-bhd,kota tinggi,limbongan maju sdn bhd,johor,11-50,limbonganmaju.com
malaysia,2015,myhsr-corporation,transportation/trucking/railroad,linkedin.com/company/myhsr-corporation,"",myhsr corporation sdn bhd,"",51-200,myhsr.com.my
malaysia,"",ipptusm,higher education,linkedin.com/company/ipptusm,kepala batas,"advanced medical & dental institute, usm",penang,201-500,""
malaysia,"",methodist-church-in-malaysia,"",linkedin.com/company/methodist-church-in-malaysia,"",methodist church in malaysia,"",51-200,methodistchurch.org.my
malaysia,"",berjaya-waterfront-sdn-bhd,"",linkedin.com/company/berjaya-waterfront-sdn-bhd,"",berjaya waterfront sdn bhd,"",51-200,berjayawaterfront.com.my
malaysia,"",gummi-metall-technik-m-sdn-bhd,mining & metals,linkedin.com/company/gummi-metall-technik-m-sdn-bhd,"",gummi metall technik (m) sdn bhd,"",1-10,gmt.com.my
malaysia,2016,uptrend-leap-sdn-bhd,information technology and services,linkedin.com/company/uptrend-leap-sdn-bhd,"",uptrend leap sdn bhd,kuala lumpur,1-10,uptrendleap.com
malaysia,1994,arch-consulting-dot-com,civil engineering,linkedin.com/company/arch-consulting-dot-com,"",arch consulting dot com,kuala lumpur,1-10,""
malaysia,"",sanjung-sempurna-sdn-bhd,civil engineering,linkedin.com/company/sanjung-sempurna-sdn-bhd,tanjong malim,sanjung sempurna sdn bhd,perak,11-50,""
malaysia,2005,innotiive-asia-m-sdn-bhd,information technology and services,linkedin.com/company/innotiive-asia-m-sdn-bhd,"",innotiive asia (m) sdn bhd,"",11-50,innotiiveasia.com
malaysia,"",burj-asia-corporation-m-sdn-bhd,information technology and services,linkedin.com/company/burj-asia-corporation-m-sdn-bhd,kuala lumpur,burj asia corporation (m) sdn bhd,kuala lumpur,11-50,""
malaysia,1996,nr-rubber-tech-industries-sdn-bhd,import and export,linkedin.com/company/nr-rubber-tech-industries-sdn-bhd,kulim,nr rubber tech industries sdn. bhd.,kedah,1-10,nr.com.my
malaysia,"",petsmart-group-sdn-bhd,import and export,linkedin.com/company/petsmart-group-sdn-bhd,sungai buloh,petsmart group sdn bhd,selangor,1-10,petsmartgroup.com
malaysia,2004,uniklmimetofficial,education management,linkedin.com/company/uniklmimetofficial,lumut,universiti kuala lumpur mimet,perak,51-200,mimet.edu.my
malaysia,"",gayana-eco-resort-and-bunga-raya-island-resort-&-spa,hospitality,linkedin.com/company/gayana-eco-resort-and-bunga-raya-island-resort-&-spa,"",gayana eco resort and bunga raya island resort & spa,"",201-500,gayana-eco-resort.com
malaysia,"",royal-college-of-medicine-perak,higher education,linkedin.com/company/royal-college-of-medicine-perak,ipoh,royal college of medicine perak,perak,51-200,""
malaysia,"",the-raintree-of-kuala-lumpur,recreational facilities and services,linkedin.com/company/the-raintree-of-kuala-lumpur,"",the raintree of kuala lumpur,selangor,1-10,raintree.com.my
malaysia,2015,craftiviti-sdn.-bhd.,arts and crafts,linkedin.com/company/craftiviti-sdn.-bhd.,petaling jaya,craftiviti sdn. bhd.,selangor,11-50,craftiviti.com
malaysia,"",audio-synergy-projects-&-concepts-sdn-bhd,"",linkedin.com/company/audio-synergy-projects-&-concepts-sdn-bhd,"",audio synergy projects & concepts sdn bhd,"",11-50,audiosynergy.com.my
malaysia,2014,intuitive-asset-sdn-bhd,computer software,linkedin.com/company/intuitive-asset-sdn-bhd,kuala lumpur,intuitive asset sdn bhd,kuala lumpur,1-10,intuitiveasset.com
malaysia,"",iqicsgroup,real estate,linkedin.com/company/iqicsgroup,"",iqi cs group,kuala lumpur,1001-5000,iqi-csgroup.com
malaysia,"",san-soon-seng-food-industries-sdn-bhd,information technology and services,linkedin.com/company/san-soon-seng-food-industries-sdn-bhd,sungai buloh,san soon seng food industries sdn bhd,selangor,1-10,sssfi.com
malaysia,"",johawaki-group-of-companies,construction,linkedin.com/company/johawaki-group-of-companies,shah alam,johawaki group of companies,selangor,201-500,johawaki.com.my
malaysia,"",brio-creations-sdn-bhd,events services,linkedin.com/company/brio-creations-sdn-bhd,"",brio creations sdn bhd,"",1-10,briocreations.com
malaysia,2001,mices-technology-sdn-bhd,information technology and services,linkedin.com/company/mices-technology-sdn-bhd,shah alam,mices technology sdn bhd,selangor,11-50,mices.com.my
malaysia,2014,cool-code-sdn-bhd,information technology and services,linkedin.com/company/cool-code-sdn-bhd,skudai,cool code sdn bhd,johor,1-10,coolcode.my
malaysia,"",serene-aesthetics-sdn-bhd,consumer services,linkedin.com/company/serene-aesthetics-sdn-bhd,"",serene aesthetics sdn bhd,"",1-10,sereneaesthetics.com.my
malaysia,"",etamax-sdn-bhd,"",linkedin.com/company/etamax-sdn-bhd,"",etamax sdn bhd,"",11-50,etamax.com.my
malaysia,"",greendex-sdn-bhd,utilities,linkedin.com/company/greendex-sdn-bhd,petaling jaya,greendex sdn bhd,selangor,1-10,greendex.com.my
malaysia,2002,mnc-wireless-berhad,wireless,linkedin.com/company/mnc-wireless-berhad,petaling jaya,mnc wireless berhad,selangor,51-200,mnc.com.my
malaysia,"",ek-consultancy,construction,linkedin.com/company/ek-consultancy,klang,ek consultancy,selangor,1-10,""
malaysia,"",plansbiz-net-technology-sdn-bhd,professional training & coaching,linkedin.com/company/plansbiz-net-technology-sdn-bhd,"",plansbiz net technology sdn bhd,"",1-10,plansbiz.net
malaysia,"",jungheinrich-lift-truck-malaysia-sdn-bhd,machinery,linkedin.com/company/jungheinrich-lift-truck-malaysia-sdn-bhd,"",jungheinrich lift truck malaysia sdn bhd,"",51-200,jungheinrich.com.my
malaysia,"",persatuan-belia-islam-nasional,"",linkedin.com/company/persatuan-belia-islam-nasional,bangi,persatuan belia islam nasional,selangor,1-10,""
malaysia,2001,arrowmedia-sdn-bhd,construction,linkedin.com/company/arrowmedia-sdn-bhd,shah alam,arrowmedia sdn bhd,selangor,11-50,""
malaysia,2009,my-qq-shop,retail,linkedin.com/company/my-qq-shop,"",my qq shop,"",11-50,myqqshop.com
malaysia,2009,jaya-setia-sdn-bhd,computer software,linkedin.com/company/jaya-setia-sdn-bhd,puchong batu dua belas,jaya setia sdn bhd,selangor,1-10,""
malaysia,2011,elc-english-language-company-m-sdn-bhd,education management,linkedin.com/company/elc-english-language-company-m-sdn-bhd,kuala lumpur,elc english language company (m) sdn bhd,kuala lumpur,11-50,englishlanguagecompany.com.my
malaysia,2008,reg-dot-asia,information technology and services,linkedin.com/company/reg-dot-asia,"",reg.asia,kuala lumpur,11-50,reg.asia
malaysia,2012,yonyou-malaysia-sdn-bhd,computer software,linkedin.com/company/yonyou-malaysia-sdn-bhd,"",yonyou (malaysia) sdn bhd,kuala lumpur,11-50,yonyou.com.my
malaysia,2008,virtue-technology-sdn-bhd,electrical/electronic manufacturing,linkedin.com/company/virtue-technology-sdn-bhd,bukit mertajam,virtue technology sdn. bhd.,penang,11-50,virtue-technology.asia
malaysia,2012,new-life-global-edu,education management,linkedin.com/company/new-life-global-edu,petaling jaya,mashoor consult,selangor,1-10,mashoor.org
malaysia,"",mirage-works,animation,linkedin.com/company/mirage-works,"",mirage works,"",1-10,mirage-works.com
malaysia,2009,numit,design,linkedin.com/company/numit,seri kembangan,numit,selangor,1-10,maccom-numit.blogspot.com
malaysia,2006,asia-media-sdn-bhd,marketing and advertising,linkedin.com/company/asia-media-sdn-bhd,"",asia media sdn bhd,selangor,51-200,asiamedia.net.my
malaysia,"",majidah-design-sdn-bhd-,design,linkedin.com/company/majidah-design-sdn-bhd-,kuala lumpur,majidah design sdn. bhd.,kuala lumpur,1-10,""
malaysia,2012,zip-borneo,entertainment,linkedin.com/company/zip-borneo,kota kinabalu,zip borneo,sabah,1-10,zipborneo.com
malaysia,2014,icife,education management,linkedin.com/company/icife,"",international council of islamic finance educators,kuala lumpur,11-50,icife.net
malaysia,2008,nexusintschoolmy,education management,linkedin.com/company/nexusintschoolmy,"",nexus international school malaysia,putrajaya,11-50,""
malaysia,1999,syarikat-air-terengganu-satu-sdn-bhd,utilities,linkedin.com/company/syarikat-air-terengganu-satu-sdn-bhd,kuala terengganu,syarikat air terengganu (satu) sdn. bhd.,terengganu,10001+,satuwater.com.my
malaysia,2017,uncle-ali-the-fishmonger,food & beverages,linkedin.com/company/uncle-ali-the-fishmonger,shah alam,uncle ali the fishmonger,selangor,1-10,""
malaysia,2019,formatasia,media production,linkedin.com/company/formatasia,"",format asia,kuala lumpur,11-50,""
malaysia,2019,seventh-solution,information technology and services,linkedin.com/company/seventh-solution,"",seventh solution,kuala lumpur,1-10,seventhsolution.net
malaysia,1999,maa,insurance,linkedin.com/company/maa,"",maa group berhad,"",1001-5000,maa.my
malaysia,1993,valtech-enterprise,utilities,linkedin.com/company/valtech-enterprise,seberang jaya,valtech enterprise,penang,1-10,valtech-group.com
malaysia,"",suruhanjaya-tenaga,government administration,linkedin.com/company/suruhanjaya-tenaga,"",suruhanjaya tenaga,"",11-50,st.gov.my
malaysia,"",on-time-worldwiede-logistics-sdn-bhd,logistics and supply chain,linkedin.com/company/on-time-worldwiede-logistics-sdn-bhd,"",on time worldwiede logistics sdn bhd,"",51-200,ontime-malaysia.com.my
malaysia,"",grid-lab-solution,"",linkedin.com/company/grid-lab-solution,cyberjaya,grid lab solution,selangor,1-10,""
malaysia,"",edlin-ghazaly-&-associates,law practice,linkedin.com/company/edlin-ghazaly-&-associates,"",edlin ghazaly & associates,"",11-50,edlinghazaly.com.my
malaysia,"",sunway-business-systems,information technology and services,linkedin.com/company/sunway-business-systems,subang jaya,sunway business systems sdn bhd,selangor,11-50,si-asia.com.my
malaysia,1995,beaubellegroup,cosmetics,linkedin.com/company/beaubellegroup,petaling jaya,beaubelle group,selangor,11-50,""
malaysia,2017,digital-johor,information technology and services,linkedin.com/company/digital-johor,"",digital johor sdn bhd,johor,11-50,dijohor.com.my
malaysia,2011,affinity-offshore,design,linkedin.com/company/affinity-offshore,"",affinity offshore,"",1-10,affinityoffshore.com
malaysia,1881,nipponpaint,chemicals,linkedin.com/company/nipponpaint,shah alam,nippon paint malaysia,selangor,1001-5000,nipponpaint.com.my
malaysia,"",electrocorr-engineering-sdn-bhd-,mechanical or industrial engineering,linkedin.com/company/electrocorr-engineering-sdn-bhd-,"",electrocorr engineering sdn. bhd.,"",11-50,""
malaysia,2011,enfinitiacademy,performing arts,linkedin.com/company/enfinitiacademy,petaling jaya,enfiniti academy,selangor,11-50,enfinitiacademy.com
malaysia,2020,idealogic-lab,marketing and advertising,linkedin.com/company/idealogic-lab,petaling jaya,idealogic,selangor,1-10,""
malaysia,1987,ssf-sdn-bhd,furniture,linkedin.com/company/ssf-sdn-bhd,"",ssf sdn bhd,selangor,11-50,""
malaysia,2009,avernoble,professional training & coaching,linkedin.com/company/avernoble,subang jaya,avernoble,selangor,1-10,avernoble.com
malaysia,"",dindings-consolidated-sdn-bhd-,building materials,linkedin.com/company/dindings-consolidated-sdn-bhd-,kuala lumpur,dindings consolidated sdn. bhd.,kuala lumpur,1-10,""
malaysia,2017,kbidirect,retail,linkedin.com/company/kbidirect,"",kbi direct,kuala lumpur,1-10,kbidirect.com
malaysia,2014,knowledge-dimension---your-success-partner,professional training & coaching,linkedin.com/company/knowledge-dimension---your-success-partner,petaling jaya,knowledge dimension - your success partner,selangor,1-10,knowledgedimension.com
malaysia,2010,peoplespace-sdn-bhd,human resources,linkedin.com/company/peoplespace-sdn-bhd,kuala lumpur,peoplespace sdn bhd,kuala lumpur,11-50,peoplespace.com.my
malaysia,"",daxon-technology-sdn-bhd-,warehousing,linkedin.com/company/daxon-technology-sdn-bhd-,"",daxon technology sdn. bhd.,"",1-10,""
malaysia,"",institut-teknologi-perak-sdn-bhd,higher education,linkedin.com/company/institut-teknologi-perak-sdn-bhd,ipoh,institut teknologi perak sdn bhd,perak,11-50,itp.edu.my
malaysia,"",wincom-it-solutions-sdn-bhd,computer & network security,linkedin.com/company/wincom-it-solutions-sdn-bhd,"",wincom it solutions sdn bhd,"",1-10,erpsystemmalaysia.com
malaysia,"",australaysia-resources-&-minerals-berhad,mining & metals,linkedin.com/company/australaysia-resources-&-minerals-berhad,kuala lumpur,australaysia resources & minerals berhad,kuala lumpur,11-50,australaysia.com
malaysia,"",rinapropertiesasia,"",linkedin.com/company/rinapropertiesasia,cheras,rina properties asia sdn bhd,selangor,201-500,""
malaysia,2002,mindt-training-certification-sdn-bhd,education management,linkedin.com/company/mindt-training-certification-sdn-bhd,"",mindt training & certification sdn bhd,kuala lumpur,11-50,mindt.com.my
malaysia,"",pro-skills-academy,management consulting,linkedin.com/company/pro-skills-academy,jelapang,pro skills academy,perak,1-10,proskills.academy
malaysia,"",reel-services-sdn-bhd,computer software,linkedin.com/company/reel-services-sdn-bhd,"",reel services sdn bhd,"",1-10,reelsvc.com
malaysia,"",sinar-mentari-technology-sdn-bhd,consumer services,linkedin.com/company/sinar-mentari-technology-sdn-bhd,sentul,sinar mentari technology sdn bhd,kuala lumpur,51-200,smtsb.com
malaysia,"",dacsee,transportation/trucking/railroad,linkedin.com/company/dacsee,"",dacsee,selangor,201-500,dacsee.com
malaysia,2004,steel-hawk-engineering-sdn-bhd,oil & energy,linkedin.com/company/steel-hawk-engineering-sdn-bhd,petaling jaya,steel hawk engineering sdn bhd,selangor,51-200,steelhawk.com.my
malaysia,2013,imperium-fashion-sdn-bhd,retail,linkedin.com/company/imperium-fashion-sdn-bhd,seri kembangan,imperium,selangor,1-10,megane.com.my
malaysia,2009,bizfield-management-&-tours-sdn-bhd,events services,linkedin.com/company/bizfield-management-&-tours-sdn-bhd,"",bizfield management & tours sdn bhd,kuala lumpur,1-10,bizfield.biz
malaysia,"",autoair-holdings-bhd-aut-,automotive,linkedin.com/company/autoair-holdings-bhd-aut-,petaling jaya,autoair holdings bhd (aut),selangor,11-50,autoairgroup.com
malaysia,"",accuwest-sdn-bhd,electrical/electronic manufacturing,linkedin.com/company/accuwest-sdn-bhd,kuala lumpur,accuwest sdn bhd,kuala lumpur,1-10,accuwest.biz
malaysia,1999,k.u.s-holdings-s-pte-ltd-hq-,building materials,linkedin.com/company/k.u.s-holdings-s-pte-ltd-hq-,seri kembangan,k.u.s holdings (s) pte ltd,selangor,51-200,kusgrp.com
malaysia,"",kolej-megatech-sdn-bhd,higher education,linkedin.com/company/kolej-megatech-sdn-bhd,"",kolej megatech sdn bhd,"",11-50,megatech.edu.my
malaysia,"",polyethylene-malaysia-sdn-bhd,chemicals,linkedin.com/company/polyethylene-malaysia-sdn-bhd,cheras,polyethylene malaysia sdn bhd,selangor,11-50,etilinas.com.my
malaysia,"",mibn-bhd,non-profit organization management,linkedin.com/company/mibn-bhd,"",mibn bhd,"",1-10,mibn.com.my
malaysia,"",99-speed-mart-sdn-bhd,retail,linkedin.com/company/99-speed-mart-sdn-bhd,"",99 speed mart sdn bhd,"",11-50,99speedmart.com.my
malaysia,"",kub-berjaya-enviro-sdn-bhd,renewables & environment,linkedin.com/company/kub-berjaya-enviro-sdn-bhd,"",kub-berjaya enviro sdn bhd,"",11-50,kbenviro.com.my
malaysia,2012,zaq,internet,linkedin.com/company/zaq,kuala lumpur,zaq,kuala lumpur,1-10,zaqapp.com
malaysia,2006,cilantro-culinary-academy,higher education,linkedin.com/company/cilantro-culinary-academy,subang jaya,cilantro culinary academy,selangor,11-50,cilantro.edu.my
malaysia,2016,msaevent,events services,linkedin.com/company/msaevent,"",mma sports asia sdn bhd (msa event),kuala lumpur,1-10,msaevent.com
malaysia,2016,taiseilamickmy,printing,linkedin.com/company/taiseilamickmy,kajang,malaysia packaging industry berhad,selangor,201-500,maypak.com
malaysia,"",kee-fatt-industries-sdn-bhd-,consumer goods,linkedin.com/company/kee-fatt-industries-sdn-bhd-,kulai,kee fatt industries sdn. bhd.,johor,11-50,keefatt.com
malaysia,1985,nch-global-sdn-bhd,plastics,linkedin.com/company/nch-global-sdn-bhd,"",nch global sdn bhd,penang,1-10,casket-handle.com
malaysia,1975,mattamalaysia,"leisure, travel & tourism",linkedin.com/company/mattamalaysia,kuala lumpur,malaysian association of tour and travel agents (matta),kuala lumpur,11-50,matta.org.my
malaysia,"",kadar-kemas-sdn-bhd,real estate,linkedin.com/company/kadar-kemas-sdn-bhd,kuala lumpur,kadar kemas sdn bhd,kuala lumpur,1-10,""
malaysia,2018,sweatfitt,apparel & fashion,linkedin.com/company/sweatfitt,batu pahat,sweatfitt,johor,11-50,leon.com
malaysia,2011,springbok-ai-robotic-process-automation,information technology and services,linkedin.com/company/springbok-ai-robotic-process-automation,cyberjaya,springbok ai robotic process automation,selangor,1-10,springbokconsultingsb.com
malaysia,2005,adazagroupofcompanies,"",linkedin.com/company/adazagroupofcompanies,bandar baru bangi,adaza group of companies,selangor,11-50,adazagroup.com.my
malaysia,"",gan-&-zul,"",linkedin.com/company/gan-&-zul,"",gan & zul,"",51-200,ganzul.com
malaysia,"",mymydin-sdn-bhd,chemicals,linkedin.com/company/mymydin-sdn-bhd,"",mymydin sdn bhd,selangor,1-10,""
malaysia,"",gtc_2,accounting,linkedin.com/company/gtc_2,"",gtc,kuala lumpur,1-10,my-gtc.com
malaysia,2011,yihang-international-travel-&-transportation-agency,"leisure, travel & tourism",linkedin.com/company/yihang-international-travel-&-transportation-agency,klang,yihang - transportation malaysia,selangor,11-50,""
malaysia,1974,gapima-sdn-bhd,logistics and supply chain,linkedin.com/company/gapima-sdn-bhd,shah alam,gapima sdn bhd,selangor,51-200,gapima.com.my
malaysia,2012,zemos-design,marketing and advertising,linkedin.com/company/zemos-design,klang,zemos design,selangor,1-10,zwebdesign.com.my
malaysia,1977,sungei-wang-group-sdn-bhd,real estate,linkedin.com/company/sungei-wang-group-sdn-bhd,kuala lumpur,sungei wang group sdn bhd,kuala lumpur,51-200,sungeiwang.com.my
malaysia,2015,genexus-advisory,financial services,linkedin.com/company/genexus-advisory,petaling jaya,genexus advisory,selangor,11-50,genexus.com.my
malaysia,2009,loudspeakerktv,entertainment,linkedin.com/company/loudspeakerktv,"",loud speaker family karaoke,kuala lumpur,201-500,loudspeakerktv.my
malaysia,2018,appplanetpro,information technology and services,linkedin.com/company/appplanetpro,setapak,app planet pro solution,kuala lumpur,1-10,appplanetpro.com
malaysia,"",electcoms-wireless-sdn-bhd,telecommunications,linkedin.com/company/electcoms-wireless-sdn-bhd,"",electcoms wireless sdn bhd,"",11-50,electcoms.com.my
malaysia,2015,amazin-graze,food & beverages,linkedin.com/company/amazin-graze,sentul,amazin'graze,kuala lumpur,11-50,amazingraze.co
malaysia,"",solaris-power-sdn-bhd,"",linkedin.com/company/solaris-power-sdn-bhd,"",solaris power sdn bhd,"",11-50,solarispower.com.my
malaysia,"",t-a-g-marine-sdn-bhd,maritime,linkedin.com/company/t-a-g-marine-sdn-bhd,"",t.a.g marine sdn bhd,"",11-50,tag-marine.com
malaysia,2020,inventrix-global-solution,information technology and services,linkedin.com/company/inventrix-global-solution,"",inventrix network sdn bhd,kuala lumpur,11-50,inventrix.asia
malaysia,1994,financialcrimeriskandcompliance,financial services,linkedin.com/company/financialcrimeriskandcompliance,kuala lumpur,the anti money laundering network,kuala lumpur,11-50,antimoneylaundering.net
malaysia,"",crystal-group-aluminium-extrusion-s-b,"",linkedin.com/company/crystal-group-aluminium-extrusion-s-b,"",crystal group aluminium extrusion s/b,"",1-10,crystalgroup.com.my
