country,founded,id,industry,linkedin_url,locality,name,region,size,website
new zealand,1993,the-parenting-place,non-profit organization management,linkedin.com/company/the-parenting-place,auckland,the parenting place,auckland,51-200,theparentingplace.com
new zealand,2015,codezoneltd,computer software,linkedin.com/company/codezoneltd,otorohanga,code zone ltd,waikato,1-10,code.zone
new zealand,2008,ausesa,computer software,linkedin.com/company/ausesa,auckland,software engineering students association (uoa),auckland,11-50,sesa.org.nz
new zealand,1931,the-association-of-new-zealand-advertisers-anza-,marketing and advertising,linkedin.com/company/the-association-of-new-zealand-advertisers-anza-,"",the association of new zealand advertisers (anza),"",1-10,anza.co.nz
new zealand,2013,riot-foods-limited,food production,linkedin.com/company/riot-foods-limited,east tamaki,riot foods,auckland,11-50,riotfoods.com
new zealand,2007,madigan-freight-services-ltd,logistics and supply chain,linkedin.com/company/madigan-freight-services-ltd,mount roskill,madigan freight services ltd,auckland,1-10,madigan.co.nz
new zealand,1990,redfern-freight-express-ltd,transportation/trucking/railroad,linkedin.com/company/redfern-freight-express-ltd,haruru,redfern freight express ltd,northland,11-50,redfern.co.nz
new zealand,2017,cultural-connections-nz-,market research,linkedin.com/company/cultural-connections-nz-,"",cultural connections (nz),auckland,1-10,culturalconnections.co.nz
new zealand,2010,precision-cleaning-services-ltd,facilities services,linkedin.com/company/precision-cleaning-services-ltd,auckland,precision cleaning services ltd,auckland,11-50,precisioncleans.co.nz
new zealand,"",ruahine-kindergartens,"",linkedin.com/company/ruahine-kindergartens,"",ruahine kindergartens,"",11-50,""
new zealand,"",allscots-associates-limited,e-learning,linkedin.com/company/allscots-associates-limited,"",allscots associates limited,"",1-10,alancurtis.co.nz
new zealand,2000,mhivc,music,linkedin.com/company/mhivc,grey lynn,michael hill international violin competition,auckland,1-10,violincompetition.co.nz
new zealand,"",pixelz-ltd,"",linkedin.com/company/pixelz-ltd,"",pixelz ltd,"",1-10,pixelzp.co.nz
new zealand,1997,quantum-accounting-business-solutions-ltd,accounting,linkedin.com/company/quantum-accounting-business-solutions-ltd,motueka,quantum accounting & business solutions ltd,tasman,11-50,quantumnz.co.nz
new zealand,2008,vocus-new-zealand,telecommunications,linkedin.com/company/vocus-new-zealand,"",vocus new zealand,auckland,501-1000,vocusgroup.co.nz
new zealand,"",ppl-plastic-solutions,plastics,linkedin.com/company/ppl-plastic-solutions,hamilton,ppl plastic solutions,waikato,11-50,pplplastics.co.nz
new zealand,"",north-harbour-law,"",linkedin.com/company/north-harbour-law,"",north harbour law,"",11-50,nhlaw.co.nz
new zealand,"",new-zealander-of-the-year-awards,civic & social organization,linkedin.com/company/new-zealander-of-the-year-awards,christchurch,new zealander of the year awards,canterbury,1-10,nzawards.org.nz
new zealand,2006,themodelworkshop,architecture & planning,linkedin.com/company/themodelworkshop,auckland,the model workshop,auckland,51-200,themodelworkshop.com
new zealand,"",florida-construction-ltd,construction,linkedin.com/company/florida-construction-ltd,"",florida construction ltd,"",11-50,floridaconstruction.com.au
new zealand,"",hitchcocks-real-estate-limited,real estate,linkedin.com/company/hitchcocks-real-estate-limited,parnell,hitchcocks real estate limited,auckland,1-10,hitchcocks.co.nz
new zealand,2014,varidesk-nz,"health, wellness and fitness",linkedin.com/company/varidesk-nz,"",varidesk nz,"",1-10,varidesk.co.nz
new zealand,"",kahurangi-estate-ltd-,wine and spirits,linkedin.com/company/kahurangi-estate-ltd-,upper moutere,kahurangi estate ltd.,tasman,11-50,kahurangiwine.com
new zealand,"",taupo-district-council,government administration,linkedin.com/company/taupo-district-council,taupo,taupo district council,waikato,201-500,taupo.govt.nz
new zealand,2013,model-iq,investment banking,linkedin.com/company/model-iq,"",model iq,auckland,1-10,modeliq.co.nz
new zealand,"",richie-properties-limited,real estate,linkedin.com/company/richie-properties-limited,auckland,richie properties limited,auckland,1-10,""
new zealand,1979,nzpics-inc.,education management,linkedin.com/company/nzpics-inc.,penrose,nzpics inc.,auckland,1-10,nzpics.org.nz
new zealand,"",alliance-franรงaise-auckland,higher education,linkedin.com/company/alliance-franรงaise-auckland,grey lynn,alliance française auckland,auckland,1-10,alliance-francaise.co.nz
new zealand,2001,awaroa-partners,public relations and communications,linkedin.com/company/awaroa-partners,"",awaroa partners,wellington,1-10,awaroa.com
new zealand,"",msl-fortress,building materials,linkedin.com/company/msl-fortress,"",msl fortress,"",11-50,fortress.kiwi
new zealand,2014,cycle-blend-limited,events services,linkedin.com/company/cycle-blend-limited,"",cycle blend limited,auckland,1-10,cycleblend.co.nz
new zealand,2015,progress-people,staffing and recruiting,linkedin.com/company/progress-people,christchurch,progress people,canterbury,1-10,progresspeople.co
new zealand,2008,divine-logistics-ltd,logistics and supply chain,linkedin.com/company/divine-logistics-ltd,east tamaki,divine logistics ltd,auckland,1-10,divinelogistics.co.nz
new zealand,2009,mroffice,market research,linkedin.com/company/mroffice,auckland,mroffice limited,auckland,1-10,overview.io
new zealand,2008,mackenzie-civil,civil engineering,linkedin.com/company/mackenzie-civil,auckland,mackenzie civil,auckland,11-50,mackenziecivil.co.nz
new zealand,"",kinetic-electrical,electrical/electronic manufacturing,linkedin.com/company/kinetic-electrical,silverdale,kinetic electrical,auckland,51-200,kinetic-electric.co.nz
new zealand,2008,goggles-on-,human resources,linkedin.com/company/goggles-on-,new plymouth,goggles on!,taranaki,1-10,goggleson.co.nz
new zealand,"",comconsult-research-ltd.,e-learning,linkedin.com/company/comconsult-research-ltd.,"",comconsult research ltd.,"",1-10,""
new zealand,2009,aspiring-adventures,"leisure, travel & tourism",linkedin.com/company/aspiring-adventures,mosgiel,aspiring adventures,otago,11-50,aspiringadventures.com
new zealand,1990,nanckivellcairn,civil engineering,linkedin.com/company/nanckivellcairn,"",nancekivell cairn ltd,auckland,11-50,ncl.co.nz
new zealand,2014,dot-loves-data,information technology and services,linkedin.com/company/dot-loves-data,te aro,dot loves data,wellington,11-50,dotlovesdata.com
new zealand,2015,onside-health-and-safety,farming,linkedin.com/company/onside-health-and-safety,christchurch,onside: technology,canterbury,11-50,onside.co.nz
new zealand,2002,taranaki-bio-extracts,food production,linkedin.com/company/taranaki-bio-extracts,hawera,taranaki bio extracts,auckland,11-50,taranakibioextracts.co.nz
new zealand,2014,my-exercise,"health, wellness and fitness",linkedin.com/company/my-exercise,"",my exercise,auckland,1-10,myexercise.co.nz
new zealand,2014,threefold-group,financial services,linkedin.com/company/threefold-group,takapuna,threefold group,auckland,11-50,threefold.co.nz
new zealand,2017,thebigpicturenz,management consulting,linkedin.com/company/thebigpicturenz,wellington,the big picture nz,wellington,1-10,thebigpicture.nz
new zealand,2011,hilton-queenstown-resort-spa-and-doubletree-by-hilton-queenstown,hospitality,linkedin.com/company/hilton-queenstown-resort-spa-and-doubletree-by-hilton-queenstown,queenstown,hilton queenstown resort & spa and doubletree by hilton queenstown,otago,201-500,""
new zealand,"",ekocabs-eko-switch-ev-solutions-limited,transportation/trucking/railroad,linkedin.com/company/ekocabs-eko-switch-ev-solutions-limited,te aro,ekocabs (eko switch ev solutions limited),wellington,11-50,ekocabs.co.nz
new zealand,2012,auckland-evangelical-church,religious institutions,linkedin.com/company/auckland-evangelical-church,"",auckland evangelical church,auckland,1-10,aucklandev.co.nz
new zealand,2010,max-i-t-solutions,information technology and services,linkedin.com/company/max-i-t-solutions,auckland,max i.t solutions,auckland,1-10,""
new zealand,"",jesco-hydraulics-limited,mechanical or industrial engineering,linkedin.com/company/jesco-hydraulics-limited,"",jesco hydraulics limited,"",11-50,jesco.co.nz
new zealand,1996,architectural-metalformers-limited,construction,linkedin.com/company/architectural-metalformers-limited,takanini,architectural metalformers limited,auckland,11-50,archform.co.nz
new zealand,"",the-logic-studio-ltd,information technology and services,linkedin.com/company/the-logic-studio-ltd,dunedin,the logic studio ltd,otago,1-10,logicstudio.co.nz
new zealand,"",real-consulting-limited,management consulting,linkedin.com/company/real-consulting-limited,auckland,real consulting limited,auckland,1-10,realconsulting.co.nz
new zealand,1952,nzcfs,translation and localization,linkedin.com/company/nzcfs,"",new zealand china friendship society 新西兰中国友好协会,auckland,1001-5000,nzcfs.org
new zealand,2016,gravity-entertainment-ireland,marketing and advertising,linkedin.com/company/gravity-entertainment-ireland,"",gravity entertainment,"",1-10,gravityentertainment.ie
new zealand,1985,hsm-engineering-nz-limited,mining & metals,linkedin.com/company/hsm-engineering-nz-limited,"",hsm engineering nz limited,auckland,11-50,hsmeng.co.nz
new zealand,"",nationwide-eftpos-rentals-ltd,business supplies and equipment,linkedin.com/company/nationwide-eftpos-rentals-ltd,manukau city,nationwide eftpos rentals ltd,auckland,1-10,nzeftpos.co.nz
new zealand,"",parker-duignan-consulting,research,linkedin.com/company/parker-duignan-consulting,"",parker duignan consulting,"",1-10,parkerduignan.com
new zealand,"",cs-brokers-limited,import and export,linkedin.com/company/cs-brokers-limited,auckland,cs brokers limited,auckland,11-50,csbrokers.co.nz
new zealand,"",christ's-college-canterbury,philanthropy,linkedin.com/company/christ's-college-canterbury,christchurch,"christ's college, canterbury",canterbury,51-200,christscollege.com
new zealand,"",rooms-design,design,linkedin.com/company/rooms-design,"",rooms design,"",1-10,roomsdesign.co.nz
new zealand,2014,online-marketing-group-omg-,marketing and advertising,linkedin.com/company/online-marketing-group-omg-,auckland,online marketing group (omg),auckland,1-10,onlinemarketinggroup.co.nz
new zealand,1990,auckland-live,entertainment,linkedin.com/company/auckland-live,"",auckland live,auckland,201-500,aucklandlive.co.nz
new zealand,"",marley-consulting-digital,marketing and advertising,linkedin.com/company/marley-consulting-digital,"",marley consulting,auckland,1-10,marleyconsulting.co.nz
new zealand,2007,real-it-ltd,information technology and services,linkedin.com/company/real-it-ltd,avondale,real it,auckland,11-50,realit.co.nz
new zealand,2005,metocean-solutions,environmental services,linkedin.com/company/metocean-solutions,new plymouth,metocean solutions ltd,taranaki,11-50,metocean.co.nz
new zealand,1947,bendon,apparel & fashion,linkedin.com/company/bendon,mangere,bendon group,auckland,201-500,bendongroup.com
new zealand,2017,accelerateworld,management consulting,linkedin.com/company/accelerateworld,"",accelerate,auckland,11-50,accelerate.world
new zealand,"",nz-bakels-limited,food production,linkedin.com/company/nz-bakels-limited,auckland,nz bakels limited,auckland,201-500,nzbakels.co.nz
new zealand,2004,e-merge-data-solutions,information technology and services,linkedin.com/company/e-merge-data-solutions,penrose,e-merge data solutions,auckland,11-50,e-mergedata.com
new zealand,"",kiwicare-preschool,"",linkedin.com/company/kiwicare-preschool,"",kiwicare preschool,"",51-200,kiwicarepreschool.co.nz
new zealand,1991,cbd-windows,building materials,linkedin.com/company/cbd-windows,"",cbd windows & doors,auckland,11-50,cbdwindows.co.nz
new zealand,"",artistic-endeavours,music,linkedin.com/company/artistic-endeavours,cambridge,artistic endeavours,waikato,1-10,artisticendeavours.ca
new zealand,"",orbis-productions-limited,"",linkedin.com/company/orbis-productions-limited,"",orbis productions limited,"",1-10,orbisproductions.com
new zealand,"",mccullagh-coaching,professional training & coaching,linkedin.com/company/mccullagh-coaching,new plymouth,mccullagh coaching,taranaki,1-10,mccullaghcoaching.co.nz
new zealand,"",harbour-cancer-centre,hospital & health care,linkedin.com/company/harbour-cancer-centre,auckland,harbour cancer centre,auckland,11-50,harbourcancer.co.nz
new zealand,1982,trends-publishing,publishing,linkedin.com/company/trends-publishing,ellerslie,trends media group international,auckland,51-200,trendsideas.com
new zealand,2017,happigrouplimited,education management,linkedin.com/company/happigrouplimited,christchurch,happi group limited,canterbury,11-50,happi.co.nz
new zealand,2017,gentsnz,cosmetics,linkedin.com/company/gentsnz,queenstown,gents barber shop + supply co,otago,1-10,gents.co.nz
new zealand,2020,pharos-company,information technology and services,linkedin.com/company/pharos-company,hamilton,pharos company,waikato,1-10,""
new zealand,2011,the-fnr-group,construction,linkedin.com/company/the-fnr-group,kaitaia,the fnr group,northland,51-200,fnrgroup.nz
new zealand,2010,sleepdrops-international-limited,"health, wellness and fitness",linkedin.com/company/sleepdrops-international-limited,"",sleepdrops international limited,auckland,1-10,sleepdrops.co.nz
new zealand,"",saiko-management,"",linkedin.com/company/saiko-management,"",saiko management,"",11-50,saikomanagement.com
new zealand,"",altiora-associates,management consulting,linkedin.com/company/altiora-associates,"",altiora associates,"",1-10,altiora.co.nz
new zealand,"",nzecommerce,information technology and services,linkedin.com/company/nzecommerce,north shore,nzec consultancy - project management & accountancy solutions,auckland,1-10,nzecommerce.nz
new zealand,1996,accent-group-nz-limited,executive office,linkedin.com/company/accent-group-nz-limited,wellsford,accent group nz limited,auckland,11-50,accentofficefurniture.co.nz
new zealand,1998,dynamic-inspection-limited,electrical/electronic manufacturing,linkedin.com/company/dynamic-inspection-limited,cambridge,dynamic inspection limited,waikato,11-50,""
new zealand,2017,nziwr,"health, wellness and fitness",linkedin.com/company/nziwr,christchurch,new zealand institute of wellbeing & resilience,canterbury,1-10,nziwr.co.nz
new zealand,"",rebecca-mills-company,"",linkedin.com/company/rebecca-mills-company,auckland,r.g mills + co,auckland,1-10,""
new zealand,1987,the-omnia-group-limited,human resources,linkedin.com/company/the-omnia-group-limited,hamilton,the omnia group limited,waikato,1-10,omnia.co.nz
new zealand,1984,tilsley-engineering-ltd,civil engineering,linkedin.com/company/tilsley-engineering-ltd,"",tilsley engineering ltd,auckland,11-50,tilsleyengineering.co.nz
new zealand,2017,propellerhead-consulting,information technology and services,linkedin.com/company/propellerhead-consulting,north shore,propellerhead consulting,auckland,1-10,""
new zealand,"",active-asia-limited,"leisure, travel & tourism",linkedin.com/company/active-asia-limited,"",active asia limited,"",51-200,activeasia.co.nz
new zealand,1996,digipoll-ltd,market research,linkedin.com/company/digipoll-ltd,hamilton,digipoll ltd,waikato,51-200,digipoll.com
new zealand,1934,fisher-&-paykel,consumer goods,linkedin.com/company/fisher-&-paykel,east tamaki,fisher & paykel appliances,auckland,1001-5000,fisherpaykel.com
new zealand,2010,96black-ltd,internet,linkedin.com/company/96black-ltd,grey lynn,96black ltd,auckland,11-50,96black.co.nz
new zealand,1982,tenants-protection-association-christchurch-inc,individual & family services,linkedin.com/company/tenants-protection-association-christchurch-inc,christchurch,tenants protection association (christchurch) inc,canterbury,1-10,tpa.org.nz
new zealand,2016,manifest-nz,media production,linkedin.com/company/manifest-nz,auckland,manifest • creative content agency,auckland,1-10,manifest.co.nz
new zealand,2018,childcare-hub,management consulting,linkedin.com/company/childcare-hub,massey,childcare hub,auckland,51-200,childcarehub.co.nz
new zealand,"",bryce-traffic-solutions-ltd,"",linkedin.com/company/bryce-traffic-solutions-ltd,"",bryce traffic solutions ltd,"",11-50,brycetraffic.co.nz
new zealand,"",nova-energy,utilities,linkedin.com/company/nova-energy,wellington,nova energy,wellington,201-500,novaenergy.co.nz
new zealand,2013,wolf-productions,media production,linkedin.com/company/wolf-productions,grey lynn,wolf productions,auckland,1-10,wolfproductions.co.nz
new zealand,1989,aspiring-language-institute,education management,linkedin.com/company/aspiring-language-institute,"",aspiring language institute,auckland,11-50,aspiring.ac.nz
new zealand,"",tbi-assist,professional training & coaching,linkedin.com/company/tbi-assist,"",tbi assist,"",1-10,""
new zealand,"",the-house-inspector,construction,linkedin.com/company/the-house-inspector,tauranga,the house inspector,bay of plenty,1-10,thehouseinspector.co.nz
new zealand,1999,haemata,education management,linkedin.com/company/haemata,whakatane,haemata ltd,bay of plenty,1-10,haemata.co.nz
new zealand,"",castlecliff-hotel-limited,textiles,linkedin.com/company/castlecliff-hotel-limited,wanganui,castlecliff hotel limited,manawatu-wanganui,1-10,""
new zealand,2007,terotek-nz-limited,management consulting,linkedin.com/company/terotek-nz-limited,"",terotek (nz) limited,auckland,1-10,terotek.co.nz
new zealand,"",northern-forest-products-ltd,"",linkedin.com/company/northern-forest-products-ltd,"",northern forest products ltd,"",1-10,nfp.co.nz
new zealand,2006,sherson-willis,public relations and communications,linkedin.com/company/sherson-willis,"",sherson willis,auckland,1-10,shersonwillis.com
new zealand,2017,kestreleds,mechanical or industrial engineering,linkedin.com/company/kestreleds,hastings,kestreleds ltd,hawke's bay,1-10,kestreleds.com
new zealand,"",peoplecentric-associates,human resources,linkedin.com/company/peoplecentric-associates,auckland,peoplecentric associates,auckland,11-50,peoplecentric.co.nz
new zealand,"",asmuss-water-systems-ltd,construction,linkedin.com/company/asmuss-water-systems-ltd,"",asmuss water systems ltd,auckland,51-200,asmusswater.co.nz
new zealand,"",merivale-retirement-village,hospital & health care,linkedin.com/company/merivale-retirement-village,christchurch,merivale retirement village,canterbury,11-50,merivalevillage.co.nz
new zealand,1986,flotech-services-ltd,renewables & environment,linkedin.com/company/flotech-services-ltd,manukau,flotech services ltd,auckland,51-200,flotech.com
new zealand,"",pcl-adhesives-limited,construction,linkedin.com/company/pcl-adhesives-limited,"",pcl adhesives limited,"",1-10,pcladhesives.co.nz
new zealand,2002,netresult-mobility-ltd,information technology and services,linkedin.com/company/netresult-mobility-ltd,christchurch,netresult mobility ltd,canterbury,1-10,netresultmobility.com
new zealand,"",roll-background-ltd,entertainment,linkedin.com/company/roll-background-ltd,"",roll background ltd,"",1-10,rollbackground.com
new zealand,"",vistalite,mining & metals,linkedin.com/company/vistalite,riverlands,vistalite,marlborough,11-50,vistalite.co.nz
new zealand,"",harveys---topp-realtors,real estate,linkedin.com/company/harveys---topp-realtors,"",harveys - topp realtors,"",11-50,topprealtors.co.nz
new zealand,"",sanderson-winery-ltd,wine and spirits,linkedin.com/company/sanderson-winery-ltd,"",sanderson winery ltd,"",1-10,sandersonwines.co.nz
new zealand,2018,motiv-industries-ltd,consumer electronics,linkedin.com/company/motiv-industries-ltd,"",motiv industries ltd,auckland,1-10,motiv.co.nz
new zealand,1990,research-new-zealand,market research,linkedin.com/company/research-new-zealand,"",research new zealand,"",11-50,researchnz.com
new zealand,2003,transcriptionz,outsourcing/offshoring,linkedin.com/company/transcriptionz,tauranga,transcriptionz workflow solutions,bay of plenty,51-200,transcriptionz.com
new zealand,"",smales-farm-management,commercial real estate,linkedin.com/company/smales-farm-management,"",smales farm management,auckland,11-50,smalesfarm.co.nz
new zealand,2015,brainiwi,professional training & coaching,linkedin.com/company/brainiwi,auckland,brainiwi education,auckland,1-10,brainiwi.com
new zealand,1892,bulleyment-fortune-architects-ltd,architecture & planning,linkedin.com/company/bulleyment-fortune-architects-ltd,wellington,bulleyment fortune architects ltd,wellington,1-10,bulleymentfortune.co.nz
new zealand,1991,ray-mayne-hose-fittings-ltd,farming,linkedin.com/company/ray-mayne-hose-fittings-ltd,ashburton,ray mayne hose & fittings ltd,canterbury,11-50,raymayne.co.nz
new zealand,"",kids-in-cars,"",linkedin.com/company/kids-in-cars,"",kids in cars,"",11-50,kic.org.nz
new zealand,"",image-design-and-build-limited,construction,linkedin.com/company/image-design-and-build-limited,sydenham,image design and build limited,canterbury,11-50,imagedesignandbuild.co.nz
new zealand,2006,function-staff,hospitality,linkedin.com/company/function-staff,"",function staff,auckland,201-500,functionstaff.co.nz
new zealand,1987,aimecs-engineering-ltd,mechanical or industrial engineering,linkedin.com/company/aimecs-engineering-ltd,avondale,aimecs engineering ltd,auckland,11-50,aimecs.co.nz
new zealand,1975,monaghan-plastics,plastics,linkedin.com/company/monaghan-plastics,onehunga,monaghan plastics,auckland,11-50,monaghanplastics.co.nz
new zealand,2003,emsisoft,computer & network security,linkedin.com/company/emsisoft,"",emsisoft,nelson,11-50,emsisoft.com
new zealand,2019,productivity-people-limited,management consulting,linkedin.com/company/productivity-people-limited,whakatane,productivity people limited,bay of plenty,1-10,productivitypeople.co.nz
new zealand,2016,halter-limited,industrial automation,linkedin.com/company/halter-limited,"",halter,"",11-50,halter.co.nz
new zealand,1996,nawicnz,construction,linkedin.com/company/nawicnz,auckland,national association of women in construction nz - nawic,auckland,501-1000,nawic.org.nz
new zealand,1973,motel-association-of-new-zealand,"leisure, travel & tourism",linkedin.com/company/motel-association-of-new-zealand,"",motel association of new zealand,wellington,1-10,nzmotels.co.nz
new zealand,1984,mercy-radiology,hospital & health care,linkedin.com/company/mercy-radiology,"",mercy radiology,auckland,51-200,radiology.co.nz
new zealand,"",golden-bay-high-school,education management,linkedin.com/company/golden-bay-high-school,"",golden bay high school,"",51-200,gbh.school.nz
new zealand,"",glenbrook-machinery,industrial automation,linkedin.com/company/glenbrook-machinery,"",glenbrook machinery,"",1-10,glenbrook.co.nz
new zealand,2009,marsden-group-and-associates,hospitality,linkedin.com/company/marsden-group-and-associates,"",marsden group and associates,auckland,51-200,marsdengroup.co.nz
new zealand,"",heritage-roses-auckland,public relations and communications,linkedin.com/company/heritage-roses-auckland,"",heritage roses auckland,"",1-10,heritageroses.org.nz
new zealand,2016,garrison-bridge-superannuation-scheme,investment management,linkedin.com/company/garrison-bridge-superannuation-scheme,"",garrison bridge superannuation scheme,wellington,1-10,garrisonbridge.co.nz
new zealand,2014,civtec-ltd,civil engineering,linkedin.com/company/civtec-ltd,horotiu,civtec ltd,waikato,51-200,civtec.co.nz
new zealand,"",alpha-precision-technologies-nz-ltd,mechanical or industrial engineering,linkedin.com/company/alpha-precision-technologies-nz-ltd,hamilton,alpha precision technologies nz ltd,waikato,1-10,alphatechnologies.co.nz
new zealand,"",good-chow-nz-limited,food production,linkedin.com/company/good-chow-nz-limited,napier,good chow nz limited,hawke's bay,1-10,goodchownz.com
new zealand,2006,lightingsolutions,electrical/electronic manufacturing,linkedin.com/company/lightingsolutions,"",lighting solutions,auckland,1-10,lightingsolutions.co.nz
new zealand,"",international-waste-ltd,"",linkedin.com/company/international-waste-ltd,"",international waste ltd,"",11-50,""
new zealand,1987,anglesea-clinic-urgent-care,medical practice,linkedin.com/company/anglesea-clinic-urgent-care,hamilton,anglesea clinic urgent care,waikato,11-50,angleseaclinic.co.nz
new zealand,2014,lawlor-&-associates-limited,human resources,linkedin.com/company/lawlor-&-associates-limited,"",nz immigration specialists,auckland,1-10,nzimmigrationspecialists.co.nz
new zealand,2007,tourismproperties,real estate,linkedin.com/company/tourismproperties,auckland,tourism properties .com - tourism & hospitality business brokers,auckland,11-50,tourismproperties.co.nz
new zealand,"",claymark-limited,paper & forest products,linkedin.com/company/claymark-limited,rotorua,claymark limited,bay of plenty,11-50,claymark.com
new zealand,2010,3sixtynz-ltd-,information technology and services,linkedin.com/company/3sixtynz-ltd-,"",3sixtynz ltd.,"",51-200,3sixtynz.com
new zealand,2014,warn-international,professional training & coaching,linkedin.com/company/warn-international,auckland,warn international limited,auckland,1-10,warninternational.com
new zealand,"",geoff-hedley-photography-ltd,photography,linkedin.com/company/geoff-hedley-photography-ltd,newmarket,geoff hedley photography ltd,auckland,1-10,hedleyphoto.co.nz
new zealand,"",lep-engineering-plastics-limited,plastics,linkedin.com/company/lep-engineering-plastics-limited,auckland,lep engineering plastics limited,auckland,51-200,lep.net.nz
new zealand,2006,gladeye,internet,linkedin.com/company/gladeye,parnell,gladeye,auckland,11-50,gladeye.com
new zealand,"",eye-investigations,"",linkedin.com/company/eye-investigations,"",eye investigations,"",1-10,eyeinvestigations.co.nz
new zealand,"",commonsense-concepts-limited,insurance,linkedin.com/company/commonsense-concepts-limited,"",commonsense concepts limited,"",1-10,commonsense.co.nz
new zealand,"",roadguruco,"leisure, travel & tourism",linkedin.com/company/roadguruco,christchurch,road guru,canterbury,1-10,roadguru.co
new zealand,"",revolver-espresso,food production,linkedin.com/company/revolver-espresso,rotorua,revolver espresso,bay of plenty,11-50,revolverespresso.co.nz
new zealand,"",kiwiherb,"health, wellness and fitness",linkedin.com/company/kiwiherb,avondale,kiwiherb (phytomed medicinal herbs),auckland,11-50,kiwiherb.com
new zealand,2017,dolus,computer software,linkedin.com/company/dolus,parnell,dolus labs,auckland,1-10,dolus.ai
new zealand,"",paraparaumu-school,"",linkedin.com/company/paraparaumu-school,"",paraparaumu school,"",11-50,paraparaumu.school.nz
new zealand,2006,crown-brands-ltd,consumer goods,linkedin.com/company/crown-brands-ltd,"",crown brands ltd,northland,11-50,crownbrands.co.nz
new zealand,"",darkwing-corporation,information technology and services,linkedin.com/company/darkwing-corporation,"",darkwing corporation,"",11-50,darkwing.co.nz
new zealand,1999,rodgers-&-co-ltd,accounting,linkedin.com/company/rodgers-&-co-ltd,christchurch,rodgers & co. ltd chartered accountants,canterbury,11-50,rodgers.net.nz
new zealand,2020,ollieandjames,apparel & fashion,linkedin.com/company/ollieandjames,grey lynn,ollie & james,auckland,1-10,ollieandjames.com
new zealand,2010,environmental-risk-management-authority-new-zealand,chemicals,linkedin.com/company/environmental-risk-management-authority-new-zealand,"",environmental risk management authority new zealand,"",51-200,ermanz.govt.nz
new zealand,2015,part-time-professionals,outsourcing/offshoring,linkedin.com/company/part-time-professionals,porirua,part time professionals,wellington,1-10,parttimeprofessionals.co.nz
new zealand,"",snakeskin-ltd,legal services,linkedin.com/company/snakeskin-ltd,"",snakeskin ltd,auckland,1-10,snakeskin.co.nz
new zealand,"",firepro-systems-limited,"",linkedin.com/company/firepro-systems-limited,"",firepro systems limited,nelson,1-10,""
new zealand,2001,mardeco-international-ltd.,wholesale,linkedin.com/company/mardeco-international-ltd.,whangaparaoa,mardeco international ltd.,auckland,1-10,mardeco.co.nz
new zealand,2001,firstretailgroup,management consulting,linkedin.com/company/firstretailgroup,"",first retail group ltd,wellington,1-10,firstretailgroup.com
new zealand,1984,jenlogix,computer hardware,linkedin.com/company/jenlogix,"",jenlogix,auckland,1-10,jenlogix.co.nz
new zealand,2016,sapientia-consulting-ltd,professional training & coaching,linkedin.com/company/sapientia-consulting-ltd,christchurch,sapientia consulting ltd.,canterbury,1-10,sapientia.co.nz
new zealand,"",centurion-print-limited,management consulting,linkedin.com/company/centurion-print-limited,"",centurion print limited,"",11-50,centurion.co.nz
new zealand,"",ieretail,management consulting,linkedin.com/company/ieretail,auckland,ieretail,auckland,11-50,ieretail.com
new zealand,2017,nano-clear-wellington,construction,linkedin.com/company/nano-clear-wellington,paraparaumu,nano-clear wellington,wellington,1-10,""
new zealand,"",rockgas-taranaki,oil & energy,linkedin.com/company/rockgas-taranaki,new plymouth,rockgas taranaki,taranaki,1-10,rockgas-taranaki.co.nz
new zealand,"",cebelio,plastics,linkedin.com/company/cebelio,christchurch,cebelio,canterbury,1-10,cebelio.co.nz
new zealand,"",seipp-construction-ltd,civil engineering,linkedin.com/company/seipp-construction-ltd,christchurch,seipp construction ltd,canterbury,1-10,""
new zealand,1965,lunds-joinery,construction,linkedin.com/company/lunds-joinery,timaru,lunds joinery,canterbury,11-50,lundsjoinery.co.nz
new zealand,2015,plugn-drive-nz,automotive,linkedin.com/company/plugn-drive-nz,"",plugn drive nz,auckland,1-10,plugndrivenz.com
new zealand,"",seal-a-fridge-hamilton0,electrical/electronic manufacturing,linkedin.com/company/seal-a-fridge-hamilton0,"",seal a fridge (hamilton0,"",1-10,""
new zealand,1989,cognition-ltd,professional training & coaching,linkedin.com/company/cognition-ltd,"",cognition education ltd,auckland,51-200,cognitioneducation.com
new zealand,"",royal-new-zealand-air-force-1,military,linkedin.com/company/royal-new-zealand-air-force-1,wellington,royal new zealand air force,wellington,1001-5000,airforce.mil.nz
new zealand,2015,feenix-communications,telecommunications,linkedin.com/company/feenix-communications,"",feenix communications,auckland,11-50,feenix.co.nz
new zealand,"",kilbirnie-school,"",linkedin.com/company/kilbirnie-school,"",kilbirnie school,"",11-50,kilbirnie.school.nz
new zealand,1991,pizza-club-nz,food & beverages,linkedin.com/company/pizza-club-nz,east tamaki,pizza club,auckland,201-500,pizzaclub.co.nz
new zealand,2016,valente-vision-limited,professional training & coaching,linkedin.com/company/valente-vision-limited,"",valente vision limited,"",1-10,valentevision.com
new zealand,2016,black-pineapple-co,hospitality,linkedin.com/company/black-pineapple-co,"",black pineapple co.,auckland,1-10,blackpineapple.co.nz
new zealand,"",hungry-creek-art-and-craft-school,higher education,linkedin.com/company/hungry-creek-art-and-craft-school,"",hungry creek art and craft school,"",11-50,hungrycreek.ac.nz
new zealand,"",west-city-christian-centre,information technology and services,linkedin.com/company/west-city-christian-centre,"",west city christian centre,"",11-50,westcity.co.nz
new zealand,1999,waikato-bearings-ltd,mechanical or industrial engineering,linkedin.com/company/waikato-bearings-ltd,hamilton,waikato bearings ltd (skf authorised distributor),waikato,1-10,waikatobearings.co.nz
new zealand,2017,social-capital-research-training,research,linkedin.com/company/social-capital-research-training,dunedin,social capital research & training,otago,1-10,socialcapitalresearch.com
new zealand,1959,permathene-limited,environmental services,linkedin.com/company/permathene-limited,avondale,permathene ltd,auckland,11-50,permathene.co.nz
new zealand,2005,ford-sumner-lawyers,law practice,linkedin.com/company/ford-sumner-lawyers,wellington,ford sumner,wellington,11-50,fs-lawyers.com
new zealand,1965,rentokil-pest-control-new-zealand,facilities services,linkedin.com/company/rentokil-pest-control-new-zealand,"",rentokil pest control new zealand,auckland,501-1000,rentokil.co.nz
new zealand,"",porirua-chamber-of-commerce,information services,linkedin.com/company/porirua-chamber-of-commerce,porirua,porirua chamber of commerce,wellington,1-10,poriruachamber.co.nz
new zealand,2015,the-clubhouse-sports-marketing,sports,linkedin.com/company/the-clubhouse-sports-marketing,auckland,the clubhouse ltd - sports marketing,auckland,1-10,theclubhouse.kiwi
new zealand,1917,presbyterian-support-southland,individual & family services,linkedin.com/company/presbyterian-support-southland,invercargill,presbyterian support southland,southland,201-500,pss.org.nz
new zealand,2015,got-a-trade-got-it-made-,education management,linkedin.com/company/got-a-trade-got-it-made-,"",got a trade? got it made!,wellington,1-10,gotatrade.co.nz
new zealand,2002,cressida-capital-limited,financial services,linkedin.com/company/cressida-capital-limited,auckland,cressida capital limited,auckland,1-10,cressida.co.nz
new zealand,2017,pacificsolar,renewables & environment,linkedin.com/company/pacificsolar,"",pacific solar,nelson,1-10,pacificsolar.nz
new zealand,1996,active-south-america,"leisure, travel & tourism",linkedin.com/company/active-south-america,queenstown,active adventures south america,otago,1-10,""
new zealand,"",john-everiss-contractors-ltd,construction,linkedin.com/company/john-everiss-contractors-ltd,porirua,john everiss contractors ltd,wellington,1-10,everiss.nz
new zealand,"",astute-accounting-services-ltd,accounting,linkedin.com/company/astute-accounting-services-ltd,hamilton,astute accounting services ltd,waikato,11-50,astuteaccounting.co.nz
new zealand,"",trenz-nz,"leisure, travel & tourism",linkedin.com/company/trenz-nz,wellington,trenz,wellington,1-10,trenz.co.nz
new zealand,2018,2pir-consulting-limited,construction,linkedin.com/company/2pir-consulting-limited,auckland,2pir consulting limited,auckland,1-10,2pir.co.nz
new zealand,2016,blockxdai,capital markets,linkedin.com/company/blockxdai,auckland,blockx,auckland,1-10,blockx.co.nz
new zealand,"",highview-stud,"",linkedin.com/company/highview-stud,"",highview stud,"",1-10,highview.co.nz
new zealand,2005,integrationworks,information technology and services,linkedin.com/company/integrationworks,wellington,integrationworks - the integration experts.,wellington,51-200,integration.works
new zealand,2015,acuity-partners-limited,information technology and services,linkedin.com/company/acuity-partners-limited,"",acuity partners limited,wellington,1-10,acuity.co.nz
new zealand,"",redcliff-nz-ltd,apparel & fashion,linkedin.com/company/redcliff-nz-ltd,"",redcliff nz ltd,"",1-10,redcliff.co.nz
new zealand,"",hy-accountants,accounting,linkedin.com/company/hy-accountants,"",hy accountants,"",1-10,hyaccountants.co.nz
new zealand,1994,autogrow.,farming,linkedin.com/company/autogrow.,mairangi bay,autogrow systems ltd,auckland,11-50,autogrow.com
new zealand,2012,interlodal-ltd,information technology and services,linkedin.com/company/interlodal-ltd,tauranga,interlodal ltd,gisborne,1-10,interlodal.com
new zealand,1982,jakaar-industries-limited,building materials,linkedin.com/company/jakaar-industries-limited,east tamaki,jakaar industries limited,auckland,11-50,jakaar.co.nz
new zealand,2006,enable-it_2,information technology and services,linkedin.com/company/enable-it_2,takapuna,enable it,auckland,1-10,enableit.co.nz
new zealand,"",waratah-nz-limited,mechanical or industrial engineering,linkedin.com/company/waratah-nz-limited,auckland,waratah nz limited,auckland,11-50,waratah.net
new zealand,1999,tommyswellington,real estate,linkedin.com/company/tommyswellington,te aro,tommy's real estate,wellington,51-200,tommys.co.nz
new zealand,"",greenmount-manufacturing-ltd,furniture,linkedin.com/company/greenmount-manufacturing-ltd,east tamaki,greenmount manufacturing ltd,auckland,51-200,greenmount.co.nz
new zealand,"",tooline,"",linkedin.com/company/tooline,"",tooline,"",11-50,tooline.co.nz
new zealand,"",esplastics,plastics,linkedin.com/company/esplastics,"",esplastics,"",11-50,""
new zealand,2014,arbennz,information services,linkedin.com/company/arbennz,wellington,arben,wellington,1-10,arben.co.nz
new zealand,2018,leadchangenz,human resources,linkedin.com/company/leadchangenz,auckland,lead.change,auckland,1-10,""
new zealand,2015,escapade-nz,entertainment,linkedin.com/company/escapade-nz,auckland,escapade nz,auckland,1-10,escapadenz.co.nz
new zealand,"",ohomairangi-trust-early-intervention-service,"",linkedin.com/company/ohomairangi-trust-early-intervention-service,"",ohomairangi trust early intervention service,"",11-50,ohomairangi.co.nz
new zealand,2008,fatigue-risk-management-solutions,human resources,linkedin.com/company/fatigue-risk-management-solutions,auckland,fatigue management solutions ltd,auckland,1-10,frms.co.nz
new zealand,2014,lune-digital-limited,consumer electronics,linkedin.com/company/lune-digital-limited,waitakere,lune digital limited,auckland,1-10,lune-digital.com
new zealand,2013,lloyd-hartley-architects-ltd-,architecture & planning,linkedin.com/company/lloyd-hartley-architects-ltd-,auckland,lloyd hartley architects ltd.,auckland,1-10,lloydhartley.com
new zealand,"",hostperl,information technology and services,linkedin.com/company/hostperl,papatoetoe,hostperl,auckland,1-10,hostperl.com
new zealand,2002,dynamic-solutions-limited,information technology and services,linkedin.com/company/dynamic-solutions-limited,pakuranga,dynamic solutions limited,auckland,1-10,dynamic-solutions.co.nz
new zealand,2005,garden-city-florist-christchurch,retail,linkedin.com/company/garden-city-florist-christchurch,christchurch,garden city florist christchurch,canterbury,1-10,gardencityflorist.co.nz
new zealand,2012,itroom,information technology and services,linkedin.com/company/itroom,"",itroom,wellington,1-10,itroom.co.nz
new zealand,2016,bureau-workspaces,facilities services,linkedin.com/company/bureau-workspaces,"",bureau workspaces,wellington,1-10,bureauworkspaces.com
new zealand,1998,withers-tsang,accounting,linkedin.com/company/withers-tsang,"",withers tsang,auckland,11-50,wt.co.nz
new zealand,2013,w2-shared-services-ltd,education management,linkedin.com/company/w2-shared-services-ltd,lower hutt,w2 shared services ltd,wellington,11-50,w2sharedservices.ac.nz
new zealand,2006,mohawk-media,online media,linkedin.com/company/mohawk-media,"",mohawk media,"",1-10,mohawkmedia.co.nz
new zealand,2014,gmd-consultants-ltd,environmental services,linkedin.com/company/gmd-consultants-ltd,"",gmd consultants ltd,"",1-10,gmdconsultants.co.nz
new zealand,2005,island-child-charitable-trust-new-zealand,non-profit organization management,linkedin.com/company/island-child-charitable-trust-new-zealand,auckland,island child charitable trust new zealand (icct),auckland,1-10,islandchild.org.nz
new zealand,2001,everlink-ltd,business supplies and equipment,linkedin.com/company/everlink-ltd,tauranga,everlink ltd,bay of plenty,11-50,everlink.co.nz
new zealand,"",sustainable-initiatives-fund-trust,financial services,linkedin.com/company/sustainable-initiatives-fund-trust,christchurch,sustainable initiatives fund trust,canterbury,1-10,sift.net.nz
new zealand,2016,design-by-cheyney,design,linkedin.com/company/design-by-cheyney,auckland,design by cheyney,auckland,1-10,designbycheyney.com
new zealand,2004,it-support-ltd,information technology and services,linkedin.com/company/it-support-ltd,auckland,it support ltd,auckland,1-10,itsupport.net.nz
new zealand,1984,tight-lines-ltd,wholesale,linkedin.com/company/tight-lines-ltd,napier,tight lines ltd,hawke's bay,11-50,""
new zealand,"",stemcell-marketing-limited,"health, wellness and fitness",linkedin.com/company/stemcell-marketing-limited,"",stemcell marketing limited,"",1-10,""
new zealand,2007,snapcomms,computer software,linkedin.com/company/snapcomms,takapuna,snapcomms,auckland,51-200,snapcomms.com
new zealand,1997,breen-plumbing-ltd,construction,linkedin.com/company/breen-plumbing-ltd,timaru,breen plumbing ltd,marlborough,11-50,breenplumbing.co.nz
new zealand,2014,certifi-ltd,computer software,linkedin.com/company/certifi-ltd,albany,certifi ltd,auckland,1-10,certifi.co.nz
new zealand,2015,the-helpful-brand,e-learning,linkedin.com/company/the-helpful-brand,upper hutt,the helpful brand,wellington,1-10,thehelpfulbrand.com
new zealand,1997,leadership-solutions-limited,management consulting,linkedin.com/company/leadership-solutions-limited,"",leadership solutions limited,auckland,1-10,leadershipsolutions.co.nz
new zealand,1990,tri-star-international,logistics and supply chain,linkedin.com/company/tri-star-international,"",tri-star international,"",1-10,""
new zealand,2016,mcdermott-financial-solutions-limited,financial services,linkedin.com/company/mcdermott-financial-solutions-limited,tauranga,mcdermott financial solutions limited,bay of plenty,1-10,mcdfs.co.nz
new zealand,1997,opmetrix,computer software,linkedin.com/company/opmetrix,christchurch,opmetrix,canterbury,11-50,opmetrix.com
new zealand,"",pacifica-seafoods,food & beverages,linkedin.com/company/pacifica-seafoods,christchurch,pacifica seafoods,canterbury,51-200,pacifica.co.nz
new zealand,"",callister-&-associates,research,linkedin.com/company/callister-&-associates,"",callister & associates,"",11-50,callister.co.nz
new zealand,"",living-style-furniture,furniture,linkedin.com/company/living-style-furniture,"",living style furniture,"",11-50,livingstyle.co.nz
new zealand,2017,layla-kaisi-collection,apparel & fashion,linkedin.com/company/layla-kaisi-collection,"",layla kaisi collection,auckland,1-10,laylakaisicollection.co.nz
new zealand,"",pro-ma-systems-nz-ltd,wholesale,linkedin.com/company/pro-ma-systems-nz-ltd,"",pro-ma systems (nz) ltd,"",201-500,pro-masystems.co.nz
new zealand,2016,bernadettejudd,marketing and advertising,linkedin.com/company/bernadettejudd,new plymouth,bernadette judd,taranaki,1-10,bernadettejudd.com
new zealand,2017,theforkliftassociation,non-profit organization management,linkedin.com/company/theforkliftassociation,auckland,the forklift association (tfa.org.nz),auckland,1-10,tfa.org.nz
new zealand,2010,stop-smoking-now,"health, wellness and fitness",linkedin.com/company/stop-smoking-now,"",stop smoking now,"",1-10,stopsmokingnow.co.nz
new zealand,2007,promessa-property-group-limited,real estate,linkedin.com/company/promessa-property-group-limited,auckland,promessa property group limited,auckland,1-10,promessa.co.nz
new zealand,2001,complete-security-solutions,security and investigations,linkedin.com/company/complete-security-solutions,hamilton,complete security solutions,waikato,1-10,completesecuritysolutions.co.nz
new zealand,2014,easy-flow-drainage,construction,linkedin.com/company/easy-flow-drainage,christchurch,easyflow drainage,canterbury,1-10,easyflowdrainage.co.nz
new zealand,1990,jo-head-photography,photography,linkedin.com/company/jo-head-photography,auckland,jo head photography,auckland,1-10,johead.co.nz
new zealand,"",capri-cnsultants-limited,management consulting,linkedin.com/company/capri-cnsultants-limited,"",capri cnsultants limited,"",1-10,wincapri.com
new zealand,2015,shoplex,internet,linkedin.com/company/shoplex,"",shoplex,"",1-10,candlecrave.co.nz
new zealand,1994,worldnet-services-ltd,internet,linkedin.com/company/worldnet-services-ltd,"",worldnet services ltd,auckland,11-50,worldnet.co.nz
new zealand,2011,options-counselling,"health, wellness and fitness",linkedin.com/company/options-counselling,tauranga,options counselling,bay of plenty,1-10,optionscounselling.co.nz
new zealand,2018,rugby-bricks,sports,linkedin.com/company/rugby-bricks,dunedin,rugby bricks,otago,1-10,rugbybricks.com
new zealand,"",casa-modular,"",linkedin.com/company/casa-modular,"",casa modular,"",1-10,casa.co.nz
new zealand,2010,littlewolf-company-ltd,hospitality,linkedin.com/company/littlewolf-company-ltd,"",littlewolf company ltd,auckland,11-50,littlewolf.co.nz
new zealand,2012,seo-success-melbourne,marketing and advertising,linkedin.com/company/seo-success-melbourne,"",seo success melbourne,wellington,1-10,seosuccessmelbourne.com
new zealand,"",finelawn-ltd-nz,farming,linkedin.com/company/finelawn-ltd-nz,"",finelawn ltd nz,"",11-50,finelawn.co.nz
new zealand,2003,leisure-management-solutions-ltd,"health, wellness and fitness",linkedin.com/company/leisure-management-solutions-ltd,grey lynn,leisure management solutions ltd,auckland,1-10,lmsnz.com
new zealand,"",ronhill-new-zealand,sporting goods,linkedin.com/company/ronhill-new-zealand,huapai,ronhill new zealand,auckland,1-10,ronhill.co.nz
new zealand,1991,boulcott-street-bistro,restaurants,linkedin.com/company/boulcott-street-bistro,wellington,boulcott street bistro,wellington,11-50,boulcottstreetbistro.co.nz
new zealand,"",interiordezine.com,publishing,linkedin.com/company/interiordezine.com,christchurch,interiordezine.com,canterbury,1-10,interiordezine.com
new zealand,"",new-zealand-space-agency,aviation & aerospace,linkedin.com/company/new-zealand-space-agency,new plymouth,new zealand space agency,taranaki,1-10,nzspaceagency.co.nz
new zealand,2017,mata-digital,marketing and advertising,linkedin.com/company/mata-digital,matamata,mata digital,waikato,1-10,matadigital.nz
new zealand,2017,mediamelt,media production,linkedin.com/company/mediamelt,dunedin,media melt,otago,1-10,mediamelt.co.nz
new zealand,2016,clockworx-limited,accounting,linkedin.com/company/clockworx-limited,parnell,clockworx limited,auckland,1-10,clockworx.nz
new zealand,2009,delve-research-&-strategy,market research,linkedin.com/company/delve-research-&-strategy,tauranga,delve research & strategy,bay of plenty,1-10,delveresearch.co.nz
new zealand,"",iisri,information services,linkedin.com/company/iisri,"",iisri,auckland,11-50,iisri.com
new zealand,1991,artists-alliance,non-profit organization management,linkedin.com/company/artists-alliance,newton,artists alliance,auckland,1-10,artistsalliance.org.nz
new zealand,2014,lavabox,marketing and advertising,linkedin.com/company/lavabox,"",lavabox,auckland,11-50,lavabox.co.nz
new zealand,2009,elite-international-school-of-beauty-and-spa-therapy,furniture,linkedin.com/company/elite-international-school-of-beauty-and-spa-therapy,carterton,wood shenanigans,wellington,1-10,woodshenanigans.com
new zealand,"",dyndec-limited,construction,linkedin.com/company/dyndec-limited,"",dyndec limited,"",1-10,dyndec.co.nz
new zealand,"",koe-kak.com-ltd,information technology and services,linkedin.com/company/koe-kak.com-ltd,"",euroex ltd,"",1-10,seeinside.co.nz
new zealand,"",d'image-photography,photography,linkedin.com/company/d'image-photography,titirangi,d'image photography,auckland,1-10,dimage.co.nz
new zealand,"",adventistnnz,religious institutions,linkedin.com/company/adventistnnz,auckland,north new zealand conference of the seventh-day adventist church,auckland,501-1000,""
new zealand,"",manawatu-aerial-photo-services,"",linkedin.com/company/manawatu-aerial-photo-services,"",manawatu aerial photo services,"",1-10,forestrymaps.co.nz
new zealand,"",matisse,"",linkedin.com/company/matisse,"",matisse,"",51-200,matisse.co.nz
new zealand,2009,mani-matters-chartered-accountants-&-business-advisors,accounting,linkedin.com/company/mani-matters-chartered-accountants-&-business-advisors,papatoetoe,mani matters chartered accountants & business advisors - auckland - new zealand,auckland,1-10,manimatters.co.nz
new zealand,2016,northscape-creative-outdoor-spaces,construction,linkedin.com/company/northscape-creative-outdoor-spaces,kaitaia,northscape,northland,11-50,northscape.co.nz
new zealand,2017,adtrek,marketing and advertising,linkedin.com/company/adtrek,"",adtrek,auckland,1-10,adtrek.media
new zealand,1963,beattys,mechanical or industrial engineering,linkedin.com/company/beattys,auckland,beattys driveline technologies ltd,auckland,11-50,beattys.co.nz
new zealand,"",taupo-motorsport-park-ltd,automotive,linkedin.com/company/taupo-motorsport-park-ltd,ashburton,taupo motorsport park ltd,canterbury,11-50,tauporacetrack.co.nz
new zealand,"",kmasocial,marketing and advertising,linkedin.com/company/kmasocial,auckland,keeping madness alive,auckland,1-10,keepingmadnessalive.com
new zealand,2002,brantas-international-technology-ltd,information technology and services,linkedin.com/company/brantas-international-technology-ltd,albany,brantas international technology ltd,auckland,1-10,brantasinternational.com
new zealand,2008,elevated-furniture-concepts-limited,furniture,linkedin.com/company/elevated-furniture-concepts-limited,"",elevated furniture concepts limited,"",1-10,elevatedfurniture.co.nz
new zealand,"",fire-consultants,construction,linkedin.com/company/fire-consultants,"",fire consultants,"",1-10,fireconsultants.co.nz
new zealand,2018,hectoreggernz,construction,linkedin.com/company/hectoreggernz,cromwell,hector egger new zealand,otago,11-50,""
new zealand,"",nichol's-garden-group-ltd,individual & family services,linkedin.com/company/nichol's-garden-group-ltd,cromwell,nichol's garden group ltd,otago,11-50,nichols.co.nz
new zealand,2004,foxbane-consulting-ltd,management consulting,linkedin.com/company/foxbane-consulting-ltd,"",foxbane consulting ltd,"",1-10,foxbane.co.nz
new zealand,2010,bodyworkz-corporate-massage-ltd,"health, wellness and fitness",linkedin.com/company/bodyworkz-corporate-massage-ltd,"",bodyworkz corporate massage ltd,auckland,1-10,""
new zealand,2007,modern-painting-group,construction,linkedin.com/company/modern-painting-group,auckland,modern painting group,auckland,51-200,modernpainting.com.au
new zealand,2012,smartbusinessconsultancy,information technology and services,linkedin.com/company/smartbusinessconsultancy,wellington,"smart business consultancy nz ltd.,",wellington,1-10,""
new zealand,2007,healthy-communications,public relations and communications,linkedin.com/company/healthy-communications,"",healthy communications nz ltd,auckland,1-10,healthycomms.co.nz
new zealand,2016,rod-schubert-financial-advice,financial services,linkedin.com/company/rod-schubert-financial-advice,queenstown,rod schubert financial advice,otago,1-10,""
new zealand,"",reel-art-video-productions,media production,linkedin.com/company/reel-art-video-productions,"",reel art video productions,"",1-10,reelart.co.nz
new zealand,2014,topworx,information technology and services,linkedin.com/company/topworx,newmarket,topworx,auckland,11-50,topworx.co
new zealand,"",profuzion-consulting,management consulting,linkedin.com/company/profuzion-consulting,"",profuzion consulting,"",1-10,profuzion.biz
new zealand,1990,techlam-nz,building materials,linkedin.com/company/techlam-nz,levin,techlam nz,wellington,11-50,techlam.co.nz
new zealand,2010,the-aboutface-agency,marketing and advertising,linkedin.com/company/the-aboutface-agency,auckland,the aboutface agency,auckland,1-10,tafa.co.nz
new zealand,1991,fishingpro,sports,linkedin.com/company/fishingpro,whangarei,fishingpro,northland,1-10,fishingpro.co.nz
new zealand,"",eva-systems-ltd,marketing and advertising,linkedin.com/company/eva-systems-ltd,auckland,eva marketing systems ltd.,auckland,1-10,evasystems.co.nz
new zealand,"",rentals4you-limited,real estate,linkedin.com/company/rentals4you-limited,"",rentals4you limited,"",11-50,rentals4you.co.nz
new zealand,"",irbico-ltd-t-a-not-just-toys,retail,linkedin.com/company/irbico-ltd-t-a-not-just-toys,"",irbico ltd t/a not just toys,"",1-10,notjusttoys.co.nz
new zealand,1928,hutt-city-baptist-church,religious institutions,linkedin.com/company/hutt-city-baptist-church,lower hutt,hutt city baptist church,wellington,201-500,huttbaptist.org.nz
new zealand,"",adstaff-personnel-limited,human resources,linkedin.com/company/adstaff-personnel-limited,wiri,adstaff personnel limited,auckland,1-10,adstaff.co.nz
new zealand,1976,the-directus-group,food & beverages,linkedin.com/company/the-directus-group,"",the directus group,auckland,11-50,directus.co.nz
new zealand,"",gvn-ltd,internet,linkedin.com/company/gvn-ltd,"",gvn ltd,"",1-10,registratum.com
new zealand,2017,maslow-limited,staffing and recruiting,linkedin.com/company/maslow-limited,auckland,maslow limited,auckland,1-10,maslow.co.nz
new zealand,"",inspire-property-management-nz,real estate,linkedin.com/company/inspire-property-management-nz,auckland,inspire property management nz,auckland,1-10,""
new zealand,"",monstavision,broadcast media,linkedin.com/company/monstavision,mangere,monstavision,auckland,11-50,monstavision.com
new zealand,2016,translating-tech,e-learning,linkedin.com/company/translating-tech,lower hutt,translating tech limited,wellington,1-10,translatingtech.co.nz
new zealand,2013,gravityeventsnz,events services,linkedin.com/company/gravityeventsnz,"",gravity events,otago,11-50,gravityevents.co.nz
new zealand,"",marketing-association,marketing and advertising,linkedin.com/company/marketing-association,parnell,marketing association,auckland,11-50,marketing.org.nz
new zealand,2012,sofitel-auckland-viaduct-harbour,hospitality,linkedin.com/company/sofitel-auckland-viaduct-harbour,"",sofitel auckland viaduct harbour,auckland,51-200,sofitel-auckland.com
new zealand,"",papanui-high-school,education management,linkedin.com/company/papanui-high-school,"",papanui high school,"",51-200,""
new zealand,2012,quantum-aspects-limited,management consulting,linkedin.com/company/quantum-aspects-limited,christchurch,quantum aspects limited,canterbury,1-10,qaspects.com
new zealand,2014,predicthq,marketing and advertising,linkedin.com/company/predicthq,auckland,predicthq,auckland,51-200,predicthq.com
new zealand,2005,pelvic-health-physiotherapy,"health, wellness and fitness",linkedin.com/company/pelvic-health-physiotherapy,wellington,pelvic health physiotherapy,wellington,1-10,pelvicphysio.co.nz
new zealand,"",japanese-euro-auto-parts,automotive,linkedin.com/company/japanese-euro-auto-parts,"",japeuro auto parts,auckland,11-50,japeuroautoparts.co.nz
new zealand,2014,culture-by-design,management consulting,linkedin.com/company/culture-by-design,christchurch,culture by design,canterbury,1-10,culturebydesign.co.nz
new zealand,1996,adrenalin-group,broadcast media,linkedin.com/company/adrenalin-group,auckland,adrenalin group,auckland,1-10,adrenalingroup.com
new zealand,2014,zulin-new-zealand,construction,linkedin.com/company/zulin-new-zealand,manukau,zulin nz ltd,auckland,11-50,zulin.co.nz
new zealand,"",makana-confections,food production,linkedin.com/company/makana-confections,"",makana confections,"",11-50,makana.co.nz
new zealand,"",photo-plus-holdings-ltd,retail,linkedin.com/company/photo-plus-holdings-ltd,"",photo plus holdings ltd,"",1-10,photoplus.co.nz
new zealand,"",ticket-co,events services,linkedin.com/company/ticket-co,auckland,ticket & co - ticket and co,auckland,1-10,ticketandco.com
new zealand,1964,plumbing-world,retail,linkedin.com/company/plumbing-world,palmerston north,plumbing world,wellington,201-500,plumbingworld.co.nz
new zealand,"",etc.-photography-&-design,design,linkedin.com/company/etc.-photography-&-design,"",etc. photography & design,"",1-10,""
new zealand,2016,connectnztourism,"leisure, travel & tourism",linkedin.com/company/connectnztourism,"",connect nz tourism,auckland,1-10,connectnztourism.com
new zealand,"",new-zealand-formulary,information technology and services,linkedin.com/company/new-zealand-formulary,"",new zealand formulary,"",1-10,nzformulary.org
new zealand,"",new-zealand-artificial-limb-service,"health, wellness and fitness",linkedin.com/company/new-zealand-artificial-limb-service,wellington,new zealand artificial limb service,wellington,51-200,nzals.govt.nz
new zealand,2008,concrete-tool-importers-ltd,construction,linkedin.com/company/concrete-tool-importers-ltd,"",concrete tool importers ltd,nelson,11-50,concretetools.co.nz
new zealand,1917,motor-trade-association,executive office,linkedin.com/company/motor-trade-association,"",motor trade association,"",11-50,mta.org.nz
new zealand,1997,hair-to-train,apparel & fashion,linkedin.com/company/hair-to-train,tauranga,hair to train,bay of plenty,11-50,hairtotrain.co.nz
new zealand,"",omori-estate-limited,farming,linkedin.com/company/omori-estate-limited,"",omori estate limited,"",1-10,omoriestate.co.nz
new zealand,2014,enring,information technology and services,linkedin.com/company/enring,auckland,enring international,auckland,11-50,enring.co.nz
new zealand,"",the-compliance-company,financial services,linkedin.com/company/the-compliance-company,"",the compliance company,auckland,1-10,thecompliancecompany.co.nz
new zealand,"",pukete-school,education management,linkedin.com/company/pukete-school,"",pukete school,"",11-50,pukete.school.nz
new zealand,2001,wainuiomata-high-school-wgtn,education management,linkedin.com/company/wainuiomata-high-school-wgtn,lower hutt,wainuiomata high school,wellington,11-50,""
new zealand,"",skinimagingphotography,hospital & health care,linkedin.com/company/skinimagingphotography,mount maunganui,skinimagingphotography,bay of plenty,1-10,skinimaging.co.nz
new zealand,2016,llama-consulting-agency,management consulting,linkedin.com/company/llama-consulting-agency,methven,llama consulting agency,canterbury,1-10,llama.nz
new zealand,1999,steel-institute-of-performance,professional training & coaching,linkedin.com/company/steel-institute-of-performance,auckland,steel institute of performance,auckland,1-10,steel-ip.com
new zealand,1986,hospice-west-auckland,hospital & health care,linkedin.com/company/hospice-west-auckland,"",hospice west auckland,auckland,51-200,hwa.org.nz
new zealand,"",chapel-downs-school,"",linkedin.com/company/chapel-downs-school,"",chapel downs school,"",11-50,chapeldowns.school.nz
new zealand,2011,trek-global-backpacker,hospitality,linkedin.com/company/trek-global-backpacker,wellington,trek global backpacker,wellington,1-10,""
new zealand,2019,sojo-design-limited,design,linkedin.com/company/sojo-design-limited,"",sojo design limited,"",1-10,sojodesign.co.nz
new zealand,2007,blue-sky-global-trading-corp.,international trade and development,linkedin.com/company/blue-sky-global-trading-corp.,auckland,blue sky global trading corp.,auckland,1-10,blueskygt.com
new zealand,"",dmi-homestagers-ltd,design,linkedin.com/company/dmi-homestagers-ltd,"",dmi homestagers ltd,"",1-10,homestagers.co.nz
new zealand,2005,awarua-synergy,renewables & environment,linkedin.com/company/awarua-synergy,invercargill,awarua synergy,southland,11-50,awaruasynergy.co.nz
new zealand,2013,gtmaction,information technology and services,linkedin.com/company/gtmaction,"",gtm action,auckland,1-10,gtmaction.com
new zealand,2007,bay-audio_2,medical devices,linkedin.com/company/bay-audio_2,"",bay audio,"",51-200,abano.co.nz
new zealand,2017,compass-marine-services,maritime,linkedin.com/company/compass-marine-services,auckland,compass marine services,auckland,1-10,compassmarineservices.co.nz
new zealand,"",zest-group_2,computer software,linkedin.com/company/zest-group_2,"",zest group,"",1-10,zestgroup.com
new zealand,2008,coupons-4-kids,fund-raising,linkedin.com/company/coupons-4-kids,howick,coupons 4 kids,auckland,1-10,coupons4kids.co.nz
new zealand,"",whakaruruhau,individual & family services,linkedin.com/company/whakaruruhau,dunedin,whakaruruhau,otago,1-10,""
new zealand,"",kimihia-home-&-hospital,hospital & health care,linkedin.com/company/kimihia-home-&-hospital,"",kimihia home & hospital,"",11-50,kimihia.co.nz
new zealand,2013,farmgear-limited,machinery,linkedin.com/company/farmgear-limited,palmerston north,farmgear limited,wellington,11-50,farmgear.co.nz
new zealand,"",armitage-group-new-zealand,"",linkedin.com/company/armitage-group-new-zealand,"",armitage group new zealand,"",11-50,armitage.co.nz
new zealand,2002,red-paris,internet,linkedin.com/company/red-paris,christchurch,red paris,canterbury,1-10,redparis.co.nz
new zealand,2009,new-zealand-detector-dog-services-ltd,public safety,linkedin.com/company/new-zealand-detector-dog-services-ltd,"",new zealand detector dog services ltd,auckland,1-10,nzdetectordogs.co.nz
new zealand,1987,kiwi-discovery,"leisure, travel & tourism",linkedin.com/company/kiwi-discovery,queenstown,kiwi discovery,otago,11-50,kiwidiscovery.com
new zealand,2002,new-zealand-parole-board,judiciary,linkedin.com/company/new-zealand-parole-board,"",new zealand parole board,wellington,1-10,paroleboard.govt.nz
new zealand,2013,netlogix-new-zealand,logistics and supply chain,linkedin.com/company/netlogix-new-zealand,auckland,netlogix new zealand,auckland,11-50,netlogix.co.nz
new zealand,2004,auckland-mobile-scaffolding,construction,linkedin.com/company/auckland-mobile-scaffolding,east tamaki,auckland mobile scaffolding,auckland,1-10,aucklandscaffolding.co.nz
new zealand,1998,sub-5-private-security,security and investigations,linkedin.com/company/sub-5-private-security,christchurch,sub 5 private security,canterbury,51-200,sub5.co.nz
new zealand,2007,enko-group,building materials,linkedin.com/company/enko-group,kamo,enko group nz ltd,northland,1-10,enko.nz
new zealand,2015,jumping-fox-interactive-ltd,marketing and advertising,linkedin.com/company/jumping-fox-interactive-ltd,"",jumping fox interactive ltd,wellington,11-50,jumpingfox.co.nz
new zealand,2007,metrogreennz,consumer goods,linkedin.com/company/metrogreennz,timaru,metrogreen,marlborough,1-10,metrogreen.co.nz
new zealand,2007,admin-plus-business-centre-ltd,outsourcing/offshoring,linkedin.com/company/admin-plus-business-centre-ltd,napier,admin plus ltd,hawke's bay,11-50,adminplus.co.nz
new zealand,2017,health-function,"health, wellness and fitness",linkedin.com/company/health-function,nelson,health function,nelson,1-10,healthfunction.co.nz
new zealand,1955,ballance-agri-nutrients-ltd,chemicals,linkedin.com/company/ballance-agri-nutrients-ltd,tauranga,ballance agri-nutrients ltd,gisborne,1001-5000,""
new zealand,2004,clearwater-golf-club-ltd,recreational facilities and services,linkedin.com/company/clearwater-golf-club-ltd,christchurch,clearwater golf club ltd,canterbury,11-50,clearwatergolf.co.nz
new zealand,2018,matū,investment management,linkedin.com/company/matū,"",matū,auckland,1-10,matu.co.nz
new zealand,2007,badger-communications,marketing and advertising,linkedin.com/company/badger-communications,auckland,badger communications,auckland,11-50,badgercomms.co.nz
new zealand,"",burwood-school,education management,linkedin.com/company/burwood-school,"",burwood school,"",11-50,burwood.school.nz
new zealand,2012,confitex-underwear,apparel & fashion,linkedin.com/company/confitex-underwear,"",confitex,auckland,1-10,confitexunderwear.com
new zealand,2004,clarian-human-resources,human resources,linkedin.com/company/clarian-human-resources,"",clarian human resources,auckland,1-10,clarian.co.nz
new zealand,2000,bidvest-nz,food & beverages,linkedin.com/company/bidvest-nz,"",bidvest nz,"",5001-10000,bidvest.co.nz
new zealand,"",bracu-restaurant,restaurants,linkedin.com/company/bracu-restaurant,bombay,bracu restaurant,auckland,11-50,bracu.co.nz
new zealand,1993,devmark-trading-limited,textiles,linkedin.com/company/devmark-trading-limited,"",devmark trading limited,auckland,1-10,devmark.co.nz
new zealand,1980,signwriting-co-nz,marketing and advertising,linkedin.com/company/signwriting-co-nz,albany,signwriting.co.nz,auckland,11-50,signwriting.co.nz
new zealand,"",keepin-katz,"",linkedin.com/company/keepin-katz,"",keepin-katz,"",1-10,keepin-katz.co.nz
new zealand,2013,motif-agency,management consulting,linkedin.com/company/motif-agency,"",motif agency,wellington,1-10,motifagency.com
new zealand,2018,youthsaver-charitable-trust,non-profit organization management,linkedin.com/company/youthsaver-charitable-trust,auckland,youthsaver charitable trust,auckland,1-10,""
new zealand,"",7-day-deals,consumer services,linkedin.com/company/7-day-deals,"",7 day deals,"",1-10,7daydeals.co.nz
new zealand,"",wellington-marketing,marketing and advertising,linkedin.com/company/wellington-marketing,"",wellington marketing,wellington,1-10,wellingtonmarketinggroup.com
new zealand,1974,acc-new-zealand,insurance,linkedin.com/company/acc-new-zealand,wellington,acc new zealand,wellington,1001-5000,acc.co.nz
new zealand,1995,ep-education,education management,linkedin.com/company/ep-education,"",education personnel ltd,wellington,11-50,edperson.co.nz
new zealand,"",chesters-plumbing-supplies,"",linkedin.com/company/chesters-plumbing-supplies,"",chesters plumbing supplies,"",51-200,chesters.co.nz
new zealand,2014,code-tutor-education,publishing,linkedin.com/company/code-tutor-education,"",code tutor ® education,auckland,1-10,""
new zealand,2005,windhawk-helicopters,airlines/aviation,linkedin.com/company/windhawk-helicopters,blenheim,windhawk helicopters,marlborough,1-10,windhawkhelicopters.com
new zealand,2015,dbj-furniture,furniture,linkedin.com/company/dbj-furniture,"",dbj furniture limited,auckland,11-50,dbj.co.nz
new zealand,"",longbeach-holdings-ltd-,apparel & fashion,linkedin.com/company/longbeach-holdings-ltd-,christchurch,longbeach holdings ltd.,canterbury,51-200,longbeach.co.nz
new zealand,2014,so-beau-baby,retail,linkedin.com/company/so-beau-baby,auckland,so beau baby,auckland,1-10,sobeaubaby.com
new zealand,"",royal-institute-of-naval-architects-new-zealand-division,maritime,linkedin.com/company/royal-institute-of-naval-architects-new-zealand-division,auckland,royal institution of naval architects - nz,auckland,11-50,rina.org.nz
new zealand,1988,rātā-foundation,philanthropy,linkedin.com/company/rātā-foundation,"",rātā foundation,canterbury,11-50,ratafoundation.org.nz
new zealand,2004,consulting-dietitians,hospital & health care,linkedin.com/company/consulting-dietitians,auckland,consulting dietitians,auckland,11-50,dietitian.co.nz
new zealand,1972,outlineaotearoa,civic & social organization,linkedin.com/company/outlineaotearoa,auckland,outline,auckland,1-10,outline.org.nz
new zealand,"",davin-industries-limited,mechanical or industrial engineering,linkedin.com/company/davin-industries-limited,"",davin industries limited,"",11-50,davin.co.nz
new zealand,"",te-kura-kaupapa-maori-o-te-ara-rima,primary/secondary education,linkedin.com/company/te-kura-kaupapa-maori-o-te-ara-rima,hamilton,te kura kaupapa maori o te ara rima,waikato,51-200,teararima.school.nz
new zealand,2009,crrapac,professional training & coaching,linkedin.com/company/crrapac,"",crr apac,auckland,1-10,crrapac.com
new zealand,2008,australasian-driver-training-services-ltd,transportation/trucking/railroad,linkedin.com/company/australasian-driver-training-services-ltd,"",australasian driver training services ltd,"",1-10,adts.co.nz
new zealand,2014,myrepublicnz,internet,linkedin.com/company/myrepublicnz,"",myrepublic nz,"",51-200,myrepublic.co.nz
new zealand,2011,annan-interiors-ltd,construction,linkedin.com/company/annan-interiors-ltd,east tamaki,annan interiors ltd,auckland,11-50,annaninteriors.co.nz
new zealand,2018,digital-accounting-new-zealand,accounting,linkedin.com/company/digital-accounting-new-zealand,gisborne,digital accounting new zealand,gisborne,1-10,digitalaccounting.nz
new zealand,2000,bookabach,information services,linkedin.com/company/bookabach,"",bookabach,"",1-10,bookabach.co.nz
new zealand,2014,samaki-consulting-ltd,information technology and services,linkedin.com/company/samaki-consulting-ltd,christchurch,samaki consulting ltd,canterbury,1-10,samaki.co.nz
new zealand,1987,home-ideas-auckland,building materials,linkedin.com/company/home-ideas-auckland,"",home ideas centre,auckland,11-50,homeideas.co.nz
