country,founded,id,industry,linkedin_url,locality,name,region,size,website
peru,"",frionox-sac,"",linkedin.com/company/frionox-sac,"",frionox sac,"",1-10,frionox.com
peru,"",vastion,entertainment,linkedin.com/company/vastion,"",vastion,lima,11-50,vastiongroup.com
peru,2006,ladrillos-fortes,building materials,linkedin.com/company/ladrillos-fortes,lima,ladrillos fortes,lima,201-500,ladrillosfortes.com
peru,"",colomural,executive office,linkedin.com/company/colomural,san isidro,colomural,lima,1-10,colomural.com.pe
peru,1996,carsudsac,transportation/trucking/railroad,linkedin.com/company/carsudsac,ate,cargueros sudamericanos s.a.c.,lima,51-200,carsudsac.com
peru,2015,enaccionpe,management consulting,linkedin.com/company/enaccionpe,lima,enacción,lima,1-10,enaccion.pe
peru,2016,usilventures,management consulting,linkedin.com/company/usilventures,"",usil ventures,lima,1-10,usilventures.com
peru,"",cámara-de-comercio-pyme-de-piura,civic & social organization,linkedin.com/company/cámara-de-comercio-pyme-de-piura,"",cámara de comercio pyme de piura,piura,1-10,cadmype.com
peru,2011,webtilia,marketing and advertising,linkedin.com/company/webtilia,lima,webtilia,lima,51-200,webtilia.com
peru,2016,tupac,design,linkedin.com/company/tupac,lima,tupac home design,lima,1-10,""
peru,2017,keruxteam,marketing and advertising,linkedin.com/company/keruxteam,lima,kerux,lima,1-10,kerux.com.pe
peru,2010,transmisor-s.a.c.,architecture & planning,linkedin.com/company/transmisor-s.a.c.,lima,transmisor s.a.c.,lima,1-10,transmisor.pe
peru,2020,huñuy,hospital & health care,linkedin.com/company/huñuy,lima,huñuy,lima,1-10,hunuy.com
peru,"",alfagl-oficial,information technology and services,linkedin.com/company/alfagl-oficial,lima,alfagl,lima,51-200,alfagllsc.com
peru,1995,peru-language-services,translation and localization,linkedin.com/company/peru-language-services,lima,intermusicpro - traduccion simultanea,lima,1-10,intermusicpro.com
peru,1965,adra-perú,non-profit organization management,linkedin.com/company/adra-perú,"",adra perú,lima,201-500,adra.org.pe
peru,2018,hnd-negocios-internacionales,marketing and advertising,linkedin.com/company/hnd-negocios-internacionales,lima,hnd negocios internacionales,lima,11-50,""
peru,"",mc-metco,construction,linkedin.com/company/mc-metco,lima,mc metco,lima,51-200,mc-metco.com
peru,"",trucks-and-motors-del-perú-sac,logistics and supply chain,linkedin.com/company/trucks-and-motors-del-perú-sac,chiclayo,trucks and motors del perú sac,lambayeque,201-500,tymsac.com
peru,2009,paradigma-peru-s-a-c,management consulting,linkedin.com/company/paradigma-peru-s-a-c,lima,paradigma peru s.a.c.,lima,1-10,paradigmaperu.com
peru,2017,inacoin,mechanical or industrial engineering,linkedin.com/company/inacoin,lima,inacoin sac,lima,11-50,inacoinperu.com
peru,2004,english-life-peru,education management,linkedin.com/company/english-life-peru,"",english life peru,lima,11-50,englishlifeperu.com
peru,2015,codecon-ingenieriayconstruccion,construction,linkedin.com/company/codecon-ingenieriayconstruccion,lima,wescon ingeniería y construcción,lima,51-200,wesconconstruccion.pe
peru,"",viralab-s-a-,"",linkedin.com/company/viralab-s-a-,"",viralab s.a.,"",11-50,viralabperu.com
peru,2019,summitvisuals,marketing and advertising,linkedin.com/company/summitvisuals,"",summit visuals,lima,1-10,summitvisuals.pe
peru,2014,detalles-de-corazon-flores-desayunos-y-regalos,retail,linkedin.com/company/detalles-de-corazon-flores-desayunos-y-regalos,lima,"detalles de corazon - flores, desayunos y regalos",lima,1-10,detallesdecorazon.pe
peru,"",tans-peru,airlines/aviation,linkedin.com/company/tans-peru,arequipa,tans peru,arequipa,11-50,tansperu.com.pe
peru,1990,polo-sons-international,food & beverages,linkedin.com/company/polo-sons-international,lima,polo & sons international,lima,501-1000,poloandsons.com
peru,2017,cdi-project,information technology and services,linkedin.com/company/cdi-project,"",cdi project,lima,11-50,cdiproject.com
peru,2008,tym-ingenieros-eirl,electrical/electronic manufacturing,linkedin.com/company/tym-ingenieros-eirl,lima,tym ingenieros eirl,lima,1-10,tym.com.pe
peru,1870,casa-rosselló,construction,linkedin.com/company/casa-rosselló,lima,casa rosselló,lima,51-200,rossello.com.pe
peru,2017,brands-solutions-perú,marketing and advertising,linkedin.com/company/brands-solutions-perú,lima,brand solutions perú,lima,11-50,""
peru,2010,perugbc,construction,linkedin.com/company/perugbc,lima,peru gbc (peru green building council),lima,1-10,perugbc.org.pe
peru,2017,lacastellanaproyectos,commercial real estate,linkedin.com/company/lacastellanaproyectos,chiclayo,la castellana - inmobiliaria,lambayeque,51-200,inmobiliarialacastellana.com
peru,"",jqa-ingenieros,mechanical or industrial engineering,linkedin.com/company/jqa-ingenieros,chincha alta,jqa ingenieros eirl,ica,1-10,jqaingenieros.com
peru,"",eotperu,electrical/electronic manufacturing,linkedin.com/company/eotperu,lima,energy automation technologies,lima,11-50,""
peru,1998,iasacorp-international,retail,linkedin.com/company/iasacorp-international,"",iasacorp international,"",1001-5000,iasacorp.com
peru,2016,gergobus,investment management,linkedin.com/company/gergobus,lima,gergobus,lima,1-10,gergobus.com
peru,"",eurolift-peru,machinery,linkedin.com/company/eurolift-peru,lima,eurolift perú,lima,51-200,ltperu.pe
peru,2012,empresa-digital-peruana,internet,linkedin.com/company/empresa-digital-peruana,lima,busportal,lima region,11-50,busportal.pe
peru,"",argentaperu,food & beverages,linkedin.com/company/argentaperu,barranco,argenta perú,lima,11-50,argentaperu.com
peru,2020,capitannetwork,marketing and advertising,linkedin.com/company/capitannetwork,la victoria,foqus,lima,1-10,""
peru,2017,senoridea,marketing and advertising,linkedin.com/company/senoridea,lima,sr. idea,lima,1-10,senoridea.com
peru,2008,grupo-cargo-business,logistics and supply chain,linkedin.com/company/grupo-cargo-business,lima,grupo cargo business,lima,51-200,""
peru,2016,mesia-consultores,architecture & planning,linkedin.com/company/mesia-consultores,lima,mesia consultores,lima,11-50,mesiaconsultores.com
peru,"",agroinca-ppx,"",linkedin.com/company/agroinca-ppx,"",agroinca ppx,"",51-200,agroinca.com
peru,2012,ganesha-consultores-sac,management consulting,linkedin.com/company/ganesha-consultores-sac,lima,ganesha consultores sac,lima,1-10,ganeshaperu.pe
peru,2017,contact-bpo,telecommunications,linkedin.com/company/contact-bpo,surquillo,contact bpo,lima,201-500,contactbpo.pe
peru,2016,mega-ingenieros-contratistas-generales-sac,construction,linkedin.com/company/mega-ingenieros-contratistas-generales-sac,"",mega ingenieros contratistas generales sac,"",11-50,megaingenieros.pe
peru,2019,papaya-lab,marketing and advertising,linkedin.com/company/papaya-lab,lima,papaya lab - agencia de marketing & prensa,lima,1-10,papayalab.pe
peru,2010,emni-sac,consumer electronics,linkedin.com/company/emni-sac,"",emni sac,lima,1-10,caskperu.net
peru,"",los-inkas-golf-club,sports,linkedin.com/company/los-inkas-golf-club,santiago de surco,los inkas golf club,lima,51-200,losinkasgolfclub.com
peru,2017,purax,biotechnology,linkedin.com/company/purax,lima,purax,lima,1-10,purax.solutions
peru,"",dm-hoteles,hospitality,linkedin.com/company/dm-hoteles,"",dm hoteles,lima,201-500,dmhoteles.pe
peru,1948,consorcio-carolina,gambling & casinos,linkedin.com/company/consorcio-carolina,"",consorcio carolina,"",1001-5000,carolinaperu.com
peru,"",servicios-petroleros-y-construcciones-sepcon-s-a-c,construction,linkedin.com/company/servicios-petroleros-y-construcciones-sepcon-s-a-c,"",servicios petroleros y construcciones sepcon s.a.c.,lima,501-1000,sepcon.net
peru,"",silsa,outsourcing/offshoring,linkedin.com/company/silsa,"",silsa,"",5001-10000,silsa.com.pe
peru,2019,novacloudlatam,information technology and services,linkedin.com/company/novacloudlatam,san isidro,nova cloud,lima,51-200,novacloud.pe
peru,"",adhestic-s-a-,information technology and services,linkedin.com/company/adhestic-s-a-,"",adhestic s.a.,"",11-50,adhestic.com
peru,2012,support-brigades-consultores,security and investigations,linkedin.com/company/support-brigades-consultores,santiago de surco,support brigades fire & safety s.a.c.,lima,11-50,supportbrigades.com
peru,2011,coaching-&-safety-consulting,human resources,linkedin.com/company/coaching-&-safety-consulting,lima,coaching & safety consulting,lima,1-10,coaching-safety.com
peru,2018,eq-laboratoriocreativo,entertainment,linkedin.com/company/eq-laboratoriocreativo,lima,eq laboratorio creativo,lima,1-10,""
peru,"",printcode-s.a.c,publishing,linkedin.com/company/printcode-s.a.c,comas,printcode s.a.c,lima,1-10,printcodeperu.com
peru,2011,electro-productos-peru-sac,industrial automation,linkedin.com/company/electro-productos-peru-sac,carabayllo,electro productos peru sac,lima,1-10,electroproductos.com
peru,2011,orbegourmet,food & beverages,linkedin.com/company/orbegourmet,lima,orbe gourmet,lima,51-200,orbegourmet.com
peru,"",manosmaestras,"",linkedin.com/company/manosmaestras,"",manosmaestras,"",11-50,manosmaestras.com
peru,2011,pasquel-consultores-s-a-c,construction,linkedin.com/company/pasquel-consultores-s-a-c,lima,pasquel consultores s.a.c,lima,1-10,""
peru,1995,el-jacal,hospitality,linkedin.com/company/el-jacal,huaraz,el jacal,ancash,1-10,eljacalhostel.com
peru,1981,estudiomuniz,legal services,linkedin.com/company/estudiomuniz,san isidro,"muñiz, ramírez, pérez-taiman & olaya, abogados",lima,201-500,munizlaw.com
peru,2010,universo-artesano,textiles,linkedin.com/company/universo-artesano,lima,universo artesano,lima,1-10,universoartesano.com
peru,2012,fundación-ballena-azul,philanthropy,linkedin.com/company/fundación-ballena-azul,lima,fundación ballena azul,lima region,1-10,fundaciónballenaazul.org
peru,2013,grupo-dimensiona-sac,construction,linkedin.com/company/grupo-dimensiona-sac,trujillo,grupo dimensiona,la libertad,11-50,grupodimensiona.com
peru,"",schettini-car,"",linkedin.com/company/schettini-car,"",schettini car,"",1-10,schettini.pe
peru,1993,apoyo-asociados,financial services,linkedin.com/company/apoyo-asociados,"",apoyo & asociados | fitch ratings,lima,11-50,aai.com.pe
peru,"",gracoat-perú-s.a.c,computer software,linkedin.com/company/gracoat-perú-s.a.c,"",gracoat perú s.a.c,lima,11-50,gracoatperu.com
peru,2010,sead-sac,management consulting,linkedin.com/company/sead-sac,"",sead sac,lima,11-50,sead.pe
peru,"",laptronic,individual & family services,linkedin.com/company/laptronic,la molina,laptronic,lima region,1-10,laptronic.pe
peru,2011,andina-inversiones-y-soluciones-sac,mining & metals,linkedin.com/company/andina-inversiones-y-soluciones-sac,arequipa,andina inversiones y soluciones sac,arequipa,1-10,andinais.com
peru,"",global-challenge,"",linkedin.com/company/global-challenge,"",global challenge,"",1-10,gchallenge.net
peru,2010,soluciones-enterprice,information technology and services,linkedin.com/company/soluciones-enterprice,lima,soluciones enterprice,lima,1-10,geoenterprice.com
peru,"",yipd-telecom,telecommunications,linkedin.com/company/yipd-telecom,santiago de surco,yipd telecom,lima,1-10,yipd.com.pe
peru,1985,rootsperu,farming,linkedin.com/company/rootsperu,lima,corporacion roots s.a.,lima,201-500,rootsperu.com
peru,1998,mayorca-eventos-sac,events services,linkedin.com/company/mayorca-eventos-sac,lima,mayorca eventos sac,lima,11-50,eventosmayorca.com
peru,"",hotel-la-posada-del-rey,hospitality,linkedin.com/company/hotel-la-posada-del-rey,"",hotel la posada del rey,"",11-50,laposadadelrey-peru.com
peru,2015,assessfor,farming,linkedin.com/company/assessfor,"",assessfor,ucayali,11-50,assessfor.com
peru,2002,estudio-paitan-abogados,legal services,linkedin.com/company/estudio-paitan-abogados,lima,paitan abogados,lima,1-10,estudiopaitan.com
peru,"",epcmaster-engineering-services-s-a-c-,"",linkedin.com/company/epcmaster-engineering-services-s-a-c-,"",epcmaster engineering services s.a.c.,"",11-50,epcmaster.com.pe
peru,1996,antartic-corp,food production,linkedin.com/company/antartic-corp,lima,antartic corp,lima,51-200,""
peru,"",mosaico-laboratorio-creativo,professional training & coaching,linkedin.com/company/mosaico-laboratorio-creativo,barranco,mosaico laboratorio creativo,lima,1-10,acelera-mosaico.org
peru,2012,lazzos-comerciales-sac,apparel & fashion,linkedin.com/company/lazzos-comerciales-sac,santiago de surco,lazzos comerciales sac,lima,51-200,lazzos.com.pe
peru,2017,heymome,marketing and advertising,linkedin.com/company/heymome,lima,hey mome,lima,1-10,heymome.com
peru,2016,wips-peru,automotive,linkedin.com/company/wips-peru,"",wips peru,"",1-10,wips.pe
peru,"",tecnofil-s-a-,import and export,linkedin.com/company/tecnofil-s-a-,independencia,tecnofil s.a.,lima,1-10,""
peru,1998,dwconsulware-de-perú,information technology and services,linkedin.com/company/dwconsulware-de-perú,"",dwconsulware,"",11-50,""
peru,"",texera,"",linkedin.com/company/texera,"",texera,"",11-50,texera.com.pe
peru,2012,auditel-group,wireless,linkedin.com/company/auditel-group,arequipa,auditel peru,arequipa,11-50,auditel.com.pe
peru,"",lima-design-network,architecture & planning,linkedin.com/company/lima-design-network,lima,lima design network,lima,1-10,limadesign.network
peru,1997,maria-eugenia-novias,apparel & fashion,linkedin.com/company/maria-eugenia-novias,lima,maria eugenia novias,lima,1-10,mariaeugenia.pe
peru,2003,asesorandes,management consulting,linkedin.com/company/asesorandes,san isidro,asesorandes,lima,11-50,asesorandes.com
peru,2006,clinicadeltrabajador,"health, wellness and fitness",linkedin.com/company/clinicadeltrabajador,lima,clínica del trabajador sac,lima,51-200,""
peru,2016,cgsymmetriabyclaudiagastaldo,design,linkedin.com/company/cgsymmetriabyclaudiagastaldo,lima,cg symmetria | textile print design | telas artísticas de diseño,lima,1-10,claudiagastaldo.com
peru,2002,sym-ingenieros-s.c.r.ltda.,construction,linkedin.com/company/sym-ingenieros-s.c.r.ltda.,lima,sym ingenieros s.c.r.ltda.,lima region,1-10,symingenieros.pe
peru,"",delfines-hotel-&-casino,hospitality,linkedin.com/company/delfines-hotel-&-casino,san isidro,delfines hotel & casino,lima,51-200,""
peru,2015,saway,management consulting,linkedin.com/company/saway,san isidro,saway,lima region,11-50,saway.com.pe
peru,"",polident,management consulting,linkedin.com/company/polident,miraflores,polident,san martin,11-50,polident.pe
peru,"",ig-ingeniería,mechanical or industrial engineering,linkedin.com/company/ig-ingeniería,lima,ig ingeniería,lima,11-50,ig-ingenieria.com
peru,2010,esencia-comunicacion,marketing and advertising,linkedin.com/company/esencia-comunicacion,"",esencia comunicacion,lima,1-10,esenciacomunicacion.com
peru,1999,prolansac,farming,linkedin.com/company/prolansac,"",prolan sac,lima,1001-5000,""
peru,2016,hocuspocus,marketing and advertising,linkedin.com/company/hocuspocus,"",hocuspocus | a creative company,lima,11-50,hocuspocus.pe
peru,2013,entorno-web,information technology and services,linkedin.com/company/entorno-web,"",entorno web,callao,1-10,entornowebsite.com
peru,1936,adfp-sd,sports,linkedin.com/company/adfp-sd,lima,adfp-sd,lima region,1-10,adfp-sd.com
peru,"",colegio-champagnat-y-senati,"",linkedin.com/company/colegio-champagnat-y-senati,"",colegio champagnat y senati,"",11-50,champagnat-trujillo.edu.pe
peru,2005,andes-dream-travel-cusco-peru,"leisure, travel & tourism",linkedin.com/company/andes-dream-travel-cusco-peru,cusco,"andes dream travel, cusco-peru",cusco,1-10,andesdream.com
peru,2014,jardines-victoria,environmental services,linkedin.com/company/jardines-victoria,magdalena del mar,jardines victoria,lima,1-10,jardinesvictoria.pe
peru,"",proycon-contratistas-sac,telecommunications,linkedin.com/company/proycon-contratistas-sac,lima,proycon contratistas sac,lima,11-50,proyconperu.com
peru,"",amari-tours,"leisure, travel & tourism",linkedin.com/company/amari-tours,"",amari tours,cusco,11-50,amaritours.com
peru,2018,vivir-innovando,broadcast media,linkedin.com/company/vivir-innovando,"",vivir innovando,lima,1-10,vivirinnovando.com
peru,2018,lugac,import and export,linkedin.com/company/lugac,lima,lugac,lima,1-10,lugac.pe
peru,1997,deustua-ingenieros-consultores-sac,construction,linkedin.com/company/deustua-ingenieros-consultores-sac,lima,deustua ingenieros consultores sac,lima,11-50,deustuaingenieros.com.pe
peru,2018,flota-service-peru-sac,transportation/trucking/railroad,linkedin.com/company/flota-service-peru-sac,lima,flota service peru sac,lima,1-10,fspsac.com
peru,"",lo-justo,"",linkedin.com/company/lo-justo,"",lo justo,arequipa,11-50,lojusto.com
peru,"",jeanologia-textil-sac,"",linkedin.com/company/jeanologia-textil-sac,"",jeanologia textil sac,"",11-50,jeanologiatextil.com
peru,"",polec,"",linkedin.com/company/polec,"",polec,lima,11-50,tiendaspolec.com
peru,2020,svntvrlegal,law practice,linkedin.com/company/svntvrlegal,"",asociación svntvr legal,lima,51-200,""
peru,2005,port-logistics,logistics and supply chain,linkedin.com/company/port-logistics,santiago de surco,port logistics,lima,51-200,portlogistics.com.pe
peru,2016,bio-brands-corporation,cosmetics,linkedin.com/company/bio-brands-corporation,"",biobrands corporation,"",1-10,biobrandscorporation.com
peru,2006,cediter,telecommunications,linkedin.com/company/cediter,cusco,cediter,cusco,11-50,cediter.com
peru,1991,mequim,public safety,linkedin.com/company/mequim,lima,mequim s.a.,lima,11-50,mequim.com.pe
peru,"",r-m-recursos-humanos-s-a-c,management consulting,linkedin.com/company/r-m-recursos-humanos-s-a-c,san isidro,r&m recursos humanos s.a.c.,lima,11-50,rymsac.com
peru,2017,punto-y-arroba-soluciones,textiles,linkedin.com/company/punto-y-arroba-soluciones,lima,punto y arroba soluciones,lima,1-10,puntoyarroba.com
peru,2016,proper-image-consulting,professional training & coaching,linkedin.com/company/proper-image-consulting,santiago de surco,proper image consulting,lima,1-10,properimageconsulting.com
peru,"",avansysinstituto,education management,linkedin.com/company/avansysinstituto,lima,instituto avansys,lima,51-200,""
peru,2015,magnus-consulting-group,management consulting,linkedin.com/company/magnus-consulting-group,santiago de surco,magnus consulting group,lima,1-10,magnus.pe
peru,2015,kai-pacha-foods,food & beverages,linkedin.com/company/kai-pacha-foods,miraflores,kai pacha foods,san martin,1-10,kaipachafoods.com
peru,2010,arequipa-empresarial,publishing,linkedin.com/company/arequipa-empresarial,yanahuara,mercados & regiones,arequipa,1-10,""
peru,2020,grupoexperturcompany,management consulting,linkedin.com/company/grupoexperturcompany,"",expertur,lima,1-10,expertur.org
peru,"",mejesa,"",linkedin.com/company/mejesa,lima,mejesa s.r.l.,lima,51-200,""
peru,"",electro-g&s-ingenieros,industrial automation,linkedin.com/company/electro-g&s-ingenieros,lima,electro g&s ingenieros s.a.c,lima region,1-10,""
peru,"",g4s-peru-sac,"",linkedin.com/company/g4s-peru-sac,la arena,g4s peru sac,piura,501-1000,g4s.com.pe
peru,2010,think---marketing-a-mi-alcance,marketing and advertising,linkedin.com/company/think---marketing-a-mi-alcance,"",think marketing agencia,"",1-10,thinkperu.pe
peru,2017,fireworkslima,marketing and advertising,linkedin.com/company/fireworkslima,san isidro,fireworks lima,lima,51-200,""
peru,"",tiempo-de-negocios-perú,import and export,linkedin.com/company/tiempo-de-negocios-perú,"",tiempo de negocios perú,lima,11-50,tiempodenegocios.pe
peru,2007,clínica-dental-confident,hospital & health care,linkedin.com/company/clínica-dental-confident,lima,clínica dental ondotológica confident,lima,11-50,clinicaconfident.com
peru,"",colegio-andré-malraux,"",linkedin.com/company/colegio-andré-malraux,"",colegio andré malraux,"",11-50,andremalraux.edu.pe
peru,2019,consultora-de-gestión-y-calidad-chm,management consulting,linkedin.com/company/consultora-de-gestión-y-calidad-chm,trujillo,consultora de gestión & calidad chm,la libertad,1-10,consultorachm.com
peru,2009,vlh-contadores-s.a.c.,accounting,linkedin.com/company/vlh-contadores-s.a.c.,lima,vlh contadores s.a.c.,lima,11-50,vlhcontadores.pe
peru,1994,construcciones-cyc,construction,linkedin.com/company/construcciones-cyc,lima,c&c construcciones y remodelaciones,lima,1-10,""
peru,"",advanced-video-systems-sac,information technology and services,linkedin.com/company/advanced-video-systems-sac,lima,advanced video systems sac,lima,11-50,avsysperu.com
peru,2019,edicomex,import and export,linkedin.com/company/edicomex,la perla,edicomex international logistics s.a.c.,callao,1-10,edicomex.com
peru,2010,edumas-formacion,professional training & coaching,linkedin.com/company/edumas-formacion,"",edumás educación ejecutiva,lima,11-50,edumas.pe
peru,"",pasteleria-mariate,supermarkets,linkedin.com/company/pasteleria-mariate,la molina,pasteleria mariate,lima region,11-50,pasteleriamariate.com.pe
peru,"",casasydepas,real estate,linkedin.com/company/casasydepas,"",casasydepas,"",1-10,casasydepas.com
peru,2015,maquimax-servicios-sac,machinery,linkedin.com/company/maquimax-servicios-sac,"",maquimax servicios sac,lima,11-50,maquimax.com.pe
peru,1998,towerandtower,environmental services,linkedin.com/company/towerandtower,lima,tower and tower s.a.,lima,51-200,towerandtower.com.pe
peru,2018,corredores-inmobiliarios-qinti,real estate,linkedin.com/company/corredores-inmobiliarios-qinti,"",corredores inmobiliarios qinti,lima,1-10,""
peru,2012,gestiodinamica-eirl,management consulting,linkedin.com/company/gestiodinamica-eirl,"",gestiodinamica eirl,lima,1-10,gestiodinamica.com
peru,2017,mimecanico,automotive,linkedin.com/company/mimecanico,lima,mi mecánico sac,lima,11-50,mimecanico.com.pe
peru,1955,ciudad-de-los-ninos-de-la-inmaculada,non-profit organization management,linkedin.com/company/ciudad-de-los-ninos-de-la-inmaculada,lima,ciudad de los niños de la inmaculada,lima,11-50,ciudaddelosninos.com.pe
peru,"",d-&-z-export-s.a.c.,food & beverages,linkedin.com/company/d-&-z-export-s.a.c.,lima,d & z export s.a.c.,lima region,1-10,dyz-export.com
peru,"",joyer-a-zegarra,international trade and development,linkedin.com/company/joyer-a-zegarra,chiclayo,joyería zegarra,lambayeque,1-10,joyeriazegarra.com
peru,2000,wasijostravel,utilities,linkedin.com/company/wasijostravel,puno,toursinperubolivia,puno,1-10,toursinperubolivia.com
peru,2000,tecnum-s-a-c-,telecommunications,linkedin.com/company/tecnum-s-a-c-,lima,tecnum s.a.c.,lima,11-50,tecnum.com.pe
peru,1975,pegamentos-y-adhesivos-quimicos-s-a-c,chemicals,linkedin.com/company/pegamentos-y-adhesivos-quimicos-s-a-c,lima,pegamentos y adhesivos quimicos s.a.c,lima,11-50,""
peru,"",tesla-servicios-eléctricos,construction,linkedin.com/company/tesla-servicios-eléctricos,"",tesla servicios eléctricos,callao,1-10,teslapotencia.com
peru,2003,diviso-grupo-financiero,investment banking,linkedin.com/company/diviso-grupo-financiero,lima,diviso.pe,lima,1001-5000,diviso.pe
peru,"",fistel,"",linkedin.com/company/fistel,"",fistel,"",11-50,fistelsac.net
peru,1922,ferreycorp-s-a-a,machinery,linkedin.com/company/ferreycorp-s-a-a,santiago de surco,ferreycorp s.a.a,lima,1001-5000,""
peru,2016,cerveceria-la-independencia,food & beverages,linkedin.com/company/cerveceria-la-independencia,lima,cerveceria la independencia,lima,1-10,""
peru,2016,bbcs-capital,investment management,linkedin.com/company/bbcs-capital,lima,bbcs capital,lima,1-10,bbcscapital.com
peru,2010,braycontrolsperu,mechanical or industrial engineering,linkedin.com/company/braycontrolsperu,lima,bray controls perú,lima,11-50,""
peru,2016,todobusco,internet,linkedin.com/company/todobusco,"",todobusco.com,"",1-10,todobusco.com
peru,"",stratege-centro-de-liderazgo-y-desarrollo-comercial,management consulting,linkedin.com/company/stratege-centro-de-liderazgo-y-desarrollo-comercial,san isidro,stratege - centro de liderazgo y desarrollo comercial,lima,11-50,strategeperu.com
peru,"",inycom-scrl,construction,linkedin.com/company/inycom-scrl,"",inycom scrl,"",1-10,inycom.com.pe
peru,2013,ideas-avenue,marketing and advertising,linkedin.com/company/ideas-avenue,"",ideas avenue,lima,1-10,ideasave.pe
peru,2016,capacitación-y-consultoría-corporativa,management consulting,linkedin.com/company/capacitación-y-consultoría-corporativa,lima,cyc corp - capacitación y consultoría corporativa,lima,1-10,cyccorp.pe
peru,2016,pex-perú,information technology and services,linkedin.com/company/pex-perú,surco,pex perú,lima,11-50,pex.com.pe
peru,2018,allmaescuela,professional training & coaching,linkedin.com/company/allmaescuela,lima,allma - escuela de inteligencia emocional,lima,1-10,allma.pe
peru,2013,capacitaci-n-y-tecnolog-a-en-ingenier-a-sac,professional training & coaching,linkedin.com/company/capacitaci-n-y-tecnolog-a-en-ingenier-a-sac,lima,capacitación y tecnología en ingeniería sac,lima region,1-10,ctecingenieria.com
peru,2016,opm-publicidad,marketing and advertising,linkedin.com/company/opm-publicidad,arequipa,opm publicidad,arequipa,1-10,opm.com.pe
peru,1980,goicochea-print,printing,linkedin.com/company/goicochea-print,lima,goicochea print,lima,51-200,goicocheaprint.com.pe
peru,2013,taquiónmedia-sac,animation,linkedin.com/company/taquiónmedia-sac,lima,taquiónmedia sac.,lima,11-50,taquionmedia.pe
peru,"",topacio-construcción-y-minería-srl,civil engineering,linkedin.com/company/topacio-construcción-y-minería-srl,"",topacio construcción y minería srl,"",11-50,topaciosrl.com
peru,"",enviroequip-oficial,environmental services,linkedin.com/company/enviroequip-oficial,san isidro,enviroequip oficial,lima,11-50,""
peru,2012,management-of-quality-assurance-and-services-laboratories-mql,food & beverages,linkedin.com/company/management-of-quality-assurance-and-services-laboratories-mql,lima,management of quality assurance and services laboratories_mql,lima,1-10,mql.com.pe
peru,"",minera-huallanca-s-a-,mining & metals,linkedin.com/company/minera-huallanca-s-a-,lima,minera huallanca s.a.,lima region,51-200,minerahuallanca.com.pe
peru,"",expertia-travel,"leisure, travel & tourism",linkedin.com/company/expertia-travel,lima,expertia travel,lima,501-1000,expertiatravel.com
peru,2020,incuba-me,investment management,linkedin.com/company/incuba-me,lima,incuba.me,lima,1-10,incuba.me
peru,"",inmersur-s-a-,"",linkedin.com/company/inmersur-s-a-,"",inmersur s.a.,"",11-50,inmersur.com
peru,2008,online-studio-productions,online media,linkedin.com/company/online-studio-productions,lima,online studio productions,lima,51-200,onlinestudioproductions.com
peru,"",audiolibros-espanol,internet,linkedin.com/company/audiolibros-espanol,"",audiolibros espanol,"",51-200,audiolibrosespanol.com
peru,1999,premium-cultural-institute-peru,professional training & coaching,linkedin.com/company/premium-cultural-institute-peru,"",premium cultural institute - oficial,lima,51-200,""
peru,"",black-monkey-studio,wholesale,linkedin.com/company/black-monkey-studio,lima,black monkey studio,lima region,1-10,blackmonkeystudio.com.pe
peru,"",mim-peru,"",linkedin.com/company/mim-peru,"",mim peru,"",11-50,mim.org.pe
peru,"",englishadvance,higher education,linkedin.com/company/englishadvance,"",english advance,lima,11-50,englishadvance.com.pe
peru,2015,geosatelital-perú,information technology and services,linkedin.com/company/geosatelital-perú,lima,geosatelital perú,lima,11-50,geosatelital.com
peru,2015,flussotech-s-a-c,mechanical or industrial engineering,linkedin.com/company/flussotech-s-a-c,lima,flussotech,lima,1-10,flussotech.com.pe
peru,"",manjari,food & beverages,linkedin.com/company/manjari,lima,manjari,lima,1-10,""
peru,2015,upingenieríayconstrucción,mechanical or industrial engineering,linkedin.com/company/upingenieríayconstrucción,lima,up ingeniería y construcción,lima,11-50,ing-up.com
peru,2009,pacifico-ingeniería-construcción-y-negocios-s.a.c.,construction,linkedin.com/company/pacifico-ingeniería-construcción-y-negocios-s.a.c.,lima,pacifico ingeniería construcción y negocios s.a.c.,lima,51-200,pacificoperu.com.pe
peru,2017,b-appsoft,information technology and services,linkedin.com/company/b-appsoft,lima,b-appsoft,lima,1-10,b-appsoft.com
peru,"",indristudio,marketing and advertising,linkedin.com/company/indristudio,"",indri studio,lima,1-10,intri.pe
peru,2013,asociacion-de-contribuyentes-del-peru,public policy,linkedin.com/company/asociacion-de-contribuyentes-del-peru,lima,contribuyentes por respeto,lima,1-10,respeto.pe
peru,2003,aws-consulting,management consulting,linkedin.com/company/aws-consulting,lima,aws consulting,lima region,11-50,awsperu.com
peru,2017,delta-motor-peru-sac,wholesale,linkedin.com/company/delta-motor-peru-sac,lima,delta motor peru,lima,11-50,deltamotorperu.com
peru,1994,ago---asesores-en-gestión-de-operaciones,management consulting,linkedin.com/company/ago---asesores-en-gestión-de-operaciones,lima,ago - asesores en gestión de operaciones,lima,1-10,agosac.com
peru,2018,apolo-consulting-group,information technology and services,linkedin.com/company/apolo-consulting-group,miraflores,apolo consulting group,san martin,11-50,apologrupo.com
peru,1986,fortaulic-industrial-sac,mining & metals,linkedin.com/company/fortaulic-industrial-sac,"",fortaulic industrial sac,callao,1-10,fortaulic.com
peru,2016,conectarperu,marketing and advertising,linkedin.com/company/conectarperu,lima,conéctar perú,lima,1-10,""
peru,2017,legal-adviceperu,legal services,linkedin.com/company/legal-adviceperu,san isidro,estudio jurídico legal advice perú,lima,1-10,legaladvice.pe
peru,2014,apcer-pe,public relations and communications,linkedin.com/company/apcer-pe,"",asociación peruana de ceremonialistas - apcer,lima,51-200,apcer.pe
peru,2001,sos-service,consumer services,linkedin.com/company/sos-service,san miguel,sos service,lima,11-50,""
peru,"",labcorp-perú,hospital & health care,linkedin.com/company/labcorp-perú,lima,labcorp perú,lima,201-500,labcorp.pe
peru,2005,revolutions-peru,real estate,linkedin.com/company/revolutions-peru,lima,revolutions peru,lima region,11-50,vistapacifico.com.pe
peru,"",jp-logistica,"",linkedin.com/company/jp-logistica,"",jp logistica,"",1-10,""
peru,2016,ena---peruvian-artisan-soda,food & beverages,linkedin.com/company/ena---peruvian-artisan-soda,"",ena - peruvian artisan soda,lima,1-10,ena.life
peru,2009,roho-btl,marketing and advertising,linkedin.com/company/roho-btl,"",roho btl,lima,11-50,rohobtl.com
peru,"",ecuworldwideperú,logistics and supply chain,linkedin.com/company/ecuworldwideperú,santiago de surco,ecu worldwide perú,lima,201-500,""
peru,2017,dewatering-solutions-peru-sac,mining & metals,linkedin.com/company/dewatering-solutions-peru-sac,lima,dewatering solutions peru sac,lima,1-10,""
peru,"",fs-certificaciones,hospital & health care,linkedin.com/company/fs-certificaciones,"",fs certificaciones,lima,11-50,fscertificaciones.com
peru,2017,ccdperu,information technology and services,linkedin.com/company/ccdperu,"",ccd - centro de convergencia digital e innovación,lima,1-10,ccd.com.pe
peru,1989,mineraalmax,mining & metals,linkedin.com/company/mineraalmax,lima,almax - asesores en soluciones para minería,lima,11-50,almax.pe
peru,2007,hancco,mechanical or industrial engineering,linkedin.com/company/hancco,lima,hancco sac,lima,1-10,hancco.com
peru,1959,fenacrep,financial services,linkedin.com/company/fenacrep,lima,fenacrep,lima,51-200,fenacrep.org
peru,"",sew-eurodrive-pe,industrial automation,linkedin.com/company/sew-eurodrive-pe,ate,sew-eurodrive perú,lima,51-200,sew-eurodrive.com.pe
peru,2013,rainbow-mountain-peru,"leisure, travel & tourism",linkedin.com/company/rainbow-mountain-peru,cusco,rainbow mountain peru,cusco,1-10,rainbowmountainperu.net
peru,"",aerodiana,airlines/aviation,linkedin.com/company/aerodiana,"",aerodiana,"",51-200,aerodiana.com.pe
peru,"",bacruflex-mangueras-conexiones-manometro-abrazaderas,mining & metals,linkedin.com/company/bacruflex-mangueras-conexiones-manometro-abrazaderas,lima,"bacruflex- mangueras, conexiones, manometro, abrazaderas",lima,11-50,bacruflex.com
peru,2018,alasst,professional training & coaching,linkedin.com/company/alasst,lima,alasst - asociación latinoamericana de sst,lima,11-50,alasst.org
peru,2013,cot-den-centro-odontológico-temático,utilities,linkedin.com/company/cot-den-centro-odontológico-temático,lima,cot dent centro odontológico temático,lima,11-50,cotdent.com
peru,2003,sandrita-store,wholesale,linkedin.com/company/sandrita-store,santiago de surco,sandrita store,lima,1-10,""
peru,"",thabna-contratistas-s-a-c,construction,linkedin.com/company/thabna-contratistas-s-a-c,lince,thabna contratistas s.a.c.,lima region,51-200,""
peru,"",paz-centenario-global,construction,linkedin.com/company/paz-centenario-global,"",paz-centenario-global,"",51-200,pazcentenarioglobal.com
peru,1999,perurail,"leisure, travel & tourism",linkedin.com/company/perurail,"",perurail,cusco,501-1000,perurail.com
peru,2008,cad-solutions-perú-chile,information technology and services,linkedin.com/company/cad-solutions-perú-chile,lima,cad solutions peru,lima region,1-10,""
peru,2014,tools-sac,management consulting,linkedin.com/company/tools-sac,san isidro,tools sac,lima region,1-10,tools.pe
peru,"",universidad-privada-san-juan-bautista,higher education,linkedin.com/company/universidad-privada-san-juan-bautista,lima,universidad privada san juan bautista,lima region,501-1000,upsjb.edu.pe
peru,2016,animalthinkers,management consulting,linkedin.com/company/animalthinkers,san isidro,animal wild thinkers,lima,1-10,animalthinkers.com
peru,2018,bloom-blue,consumer goods,linkedin.com/company/bloom-blue,lima,bloom blue,lima,1-10,bloomblue.pe
peru,2005,gssolucionestecnologicas,information technology and services,linkedin.com/company/gssolucionestecnologicas,"",grupo sedna l soluciones tecnológicas,lima,11-50,gruposedna.com
peru,2004,v-m-figueroa-ingenieros,food production,linkedin.com/company/v-m-figueroa-ingenieros,lima,v&m perú,lima,11-50,vymperu.com
peru,2015,momofotografia,photography,linkedin.com/company/momofotografia,"",momo fotografía,lima,1-10,momofotografia.com
peru,2018,you-salsa,music,linkedin.com/company/you-salsa,lima,you salsa,lima,11-50,""
peru,"",dmsperúsac,telecommunications,linkedin.com/company/dmsperúsac,"",dms perú sac,"",201-500,""
peru,2014,prisma-studio-sac,marketing and advertising,linkedin.com/company/prisma-studio-sac,lima,prisma studio sac,lima,1-10,antiprisma.com
peru,2020,marduk-diseño-estratégico,design,linkedin.com/company/marduk-diseño-estratégico,"",marduk diseño estratégico,lima,1-10,""
peru,2007,rl-tech,information technology and services,linkedin.com/company/rl-tech,lima,rl tech,lima region,1-10,""
peru,"",fitia,internet,linkedin.com/company/fitia,"",fitia,lima,11-50,fitiaapp.com
peru,2013,altpaca-studio,program development,linkedin.com/company/altpaca-studio,san isidro,altpaca development studio,lima,1-10,altpaca.com
peru,1977,coinrefri-air,business supplies and equipment,linkedin.com/company/coinrefri-air,lima,coinrefri air,lima,51-200,coinrefriair.com
peru,1975,casacontratistas,construction,linkedin.com/company/casacontratistas,surco,construcción y administración s.a.,lima,5001-10000,casacontratistas.com
peru,"",marlyons-operador-logistico-s-a-c-,"",linkedin.com/company/marlyons-operador-logistico-s-a-c-,"",marlyons operador logistico s.a.c.,"",11-50,marlyons.net
peru,1975,lsf-servicios-generales,logistics and supply chain,linkedin.com/company/lsf-servicios-generales,lima,lsf servicios generales,lima,11-50,lsf.com.pe
peru,2005,tres-seis-cinco,marketing and advertising,linkedin.com/company/tres-seis-cinco,lima,tres seis cinco,lima,11-50,365.pe
peru,"",colegio-robert-m-smith,"",linkedin.com/company/colegio-robert-m-smith,"",colegio robert m. smith,"",11-50,rsmith.edu.pe
peru,2014,cominbro,civic & social organization,linkedin.com/company/cominbro,la perla,cominbro,callao,11-50,""
peru,2011,peruvian-tours-corp,"leisure, travel & tourism",linkedin.com/company/peruvian-tours-corp,"",peruvian tours corp,lima,1-10,peruviantourscorp.com
peru,2018,securitywisepe,computer & network security,linkedin.com/company/securitywisepe,lima,security wise,lima,1-10,securitywise.pe
peru,2019,southarm,mining & metals,linkedin.com/company/southarm,"",south arm,lima,11-50,southarm.org
peru,2016,vp-companies-s-a-c,investment management,linkedin.com/company/vp-companies-s-a-c,arequipa,vp companies s.a.c.,arequipa,11-50,vpcompanies.com.pe
peru,1950,sinohydro-corporation-limited-sucursal-del-peru,construction,linkedin.com/company/sinohydro-corporation-limited-sucursal-del-peru,lima,sinohydro corporation perú,lima,10001+,""
peru,"",implantodonto-eirl,"",linkedin.com/company/implantodonto-eirl,"",implantodonto eirl,"",1-10,implantodonto.com.pe
peru,1991,casdel-hnos-s.a.,wholesale,linkedin.com/company/casdel-hnos-s.a.,lima,casdel hnos s.a.,lima,11-50,casdel.com.pe
peru,2017,lima-software-partner,marketing and advertising,linkedin.com/company/lima-software-partner,lima,lima softpart,lima,11-50,limasoftpart.com
peru,2018,jwg-engineering-and-projects,consumer electronics,linkedin.com/company/jwg-engineering-and-projects,lima,jwg engineering and projects,lima,11-50,jwg.com.pe
peru,2009,lxg-capital,investment banking,linkedin.com/company/lxg-capital,aliaga,lxg capital,lima,11-50,lxgcapital.com
peru,"",colegio-de-agentes-inmobiliarios-del-peru,real estate,linkedin.com/company/colegio-de-agentes-inmobiliarios-del-peru,"",colegio de agentes inmobiliarios del peru,lima,501-1000,colegiodeagentesinmobiliariosdelperu.com
peru,2014,delco-foods-eirl,food & beverages,linkedin.com/company/delco-foods-eirl,"",delco foods,san martin,1-10,delcofoods.net
peru,2004,aromas-peruanos-restaurante,restaurants,linkedin.com/company/aromas-peruanos-restaurante,san isidro,aromas peruanos restaurante,lima,11-50,aromasperuanos.com
peru,1972,acogas,mechanical or industrial engineering,linkedin.com/company/acogas,"",aparatos y conexiones a gas s.a.,lima,11-50,acogas.pe
peru,2013,isapiens-capacitaci-n-y-asistencia-en-apple-sac,information technology and services,linkedin.com/company/isapiens-capacitaci-n-y-asistencia-en-apple-sac,lima,isapienssac,lima,1-10,isapiens.com.pe
peru,"",pinturas-international-peru-sac,computer software,linkedin.com/company/pinturas-international-peru-sac,"",pinturas international peru sac,lima,11-50,pinterperu.com
peru,2010,frejol,design,linkedin.com/company/frejol,lima,frejol,lima,1-10,frejol.com.pe
peru,1993,inversionesancona,information technology and services,linkedin.com/company/inversionesancona,san isidro,ancona technologies,lima,51-200,ancona.com.pe
peru,"",quiroactiva-centro-quiropráctico,"health, wellness and fitness",linkedin.com/company/quiroactiva-centro-quiropráctico,lima,quiroactiva centro quiropráctico,lima,1-10,quiroactiva.com
peru,1949,haug-s.a.,construction,linkedin.com/company/haug-s.a.,lima,haug s.a.,lima region,1001-5000,haug.com.pe
peru,2018,torbellinovapsac,environmental services,linkedin.com/company/torbellinovapsac,"",torbellinovapsac,callao,201-500,torbellinovap.com
peru,1995,precision-peru,industrial automation,linkedin.com/company/precision-peru,lima,precision peru,lima,201-500,precisionperu.com
peru,2011,la-post-a-audiovisual,animation,linkedin.com/company/la-post-a-audiovisual,lima,la post-a,lima region,11-50,lapost-a.com
peru,"",alianza-corporativa-s-a-c,legal services,linkedin.com/company/alianza-corporativa-s-a-c,lima,alianza corporativa s.a.c,lima region,1-10,alianzacorporativa.com.pe
peru,2015,fabre-studio-sac,architecture & planning,linkedin.com/company/fabre-studio-sac,hacienda miraflores,fabre studio,lima,1-10,fabre3d.com
peru,"",gamcor-sac,facilities services,linkedin.com/company/gamcor-sac,lima,gamcor sac,lima region,11-50,gamcor.com.pe
peru,"",gruposttperu,human resources,linkedin.com/company/gruposttperu,"",grupo stt perú,lima,201-500,""
peru,"",grupo-innova-perú,construction,linkedin.com/company/grupo-innova-perú,san borja,grupo innova,lima region,51-200,grupoinnova.pe
peru,2018,agrolatam,farming,linkedin.com/company/agrolatam,trujillo,agrolatam,la libertad,51-200,agrolatam.com.pe
peru,2010,hd-media2018,marketing and advertising,linkedin.com/company/hd-media2018,lima,hd media,lima,1-10,hdmedia.com.pe
peru,"",faseel-sac,industrial automation,linkedin.com/company/faseel-sac,"",faseel sac,"",51-200,faseel.com
peru,2007,peruvian-mountains,"leisure, travel & tourism",linkedin.com/company/peruvian-mountains,huaraz,peruvian mountains trekking climbing,ancash,1-10,peruvianmountains.com
peru,2016,jacksolution,information technology and services,linkedin.com/company/jacksolution,lima,jack solution,lima,1-10,jack-solution.com
peru,2010,cercanna,management consulting,linkedin.com/company/cercanna,lima,asesoría empresarial cercanna,lima,1-10,cercanna.com
peru,"",valmontingenieria,civil engineering,linkedin.com/company/valmontingenieria,lima,valmont ingenieria,lima,1-10,""
peru,2009,petscanperu,medical devices,linkedin.com/company/petscanperu,lima,petscan peru / camnsa,lima,11-50,petctperu.com
peru,2019,flashmobileperu,telecommunications,linkedin.com/company/flashmobileperu,"",flash mobile perú,lima,10001+,""
peru,"",microbiol,medical practice,linkedin.com/company/microbiol,miraflores,microbiol,san martin,11-50,microbiol.com.pe
peru,"",playtecgroup,education management,linkedin.com/company/playtecgroup,"",playtec edu 4.0,lima,11-50,playtecgroup.com
peru,2014,mantis-creativo,marketing and advertising,linkedin.com/company/mantis-creativo,"",mantis creativo,lima,1-10,mantiscreativo.com
peru,2012,vf-consulting,computer software,linkedin.com/company/vf-consulting,lima,vf consulting,lima,11-50,vfcons.com
peru,1991,mavicch,building materials,linkedin.com/company/mavicch,brena,mavicch sac,ancash,11-50,mavicch.com.pe
peru,2006,grupo-cesap,higher education,linkedin.com/company/grupo-cesap,san isidro,grupo cesap,lima,51-200,cesap.com.pe
peru,2016,vrv-consultores,accounting,linkedin.com/company/vrv-consultores,lima,vrv consultores,lima,1-10,vrv-consultores.com
peru,2006,vision-xtrema-s.a.,information technology and services,linkedin.com/company/vision-xtrema-s.a.,"",vision-xtrema s.a.,lima,11-50,vision-xtrema.com
peru,1951,salfa-peru,construction,linkedin.com/company/salfa-peru,lima,salfa peru,lima region,201-500,""
peru,"",tramites-aduaneros,"",linkedin.com/company/tramites-aduaneros,"",tramites aduaneros,"",11-50,tasac.pe
peru,2004,spazio-peru,construction,linkedin.com/company/spazio-peru,lima,spazio peru,lima,11-50,spazioperu.com
peru,"",rv-quality-business,"",linkedin.com/company/rv-quality-business,"",rv quality business,"",1-10,rvquality.com
peru,"",aquamed,"health, wellness and fitness",linkedin.com/company/aquamed,lima,aquamed,lima,1-10,aquamed.com.pe
peru,2018,blue-ocean-technologies-sac,information technology and services,linkedin.com/company/blue-ocean-technologies-sac,lima,blue ocean technologies sac,lima,11-50,blueocean.com.pe
peru,2017,punto-de-partida,online media,linkedin.com/company/punto-de-partida,chiclayo,punto de partida,lambayeque,11-50,puntodepartidaperu.blogspot.pe
peru,2004,ab-telecomunicaciones-per-s-a-c,telecommunications,linkedin.com/company/ab-telecomunicaciones-per-s-a-c,"",ab telecomunicaciones perú s.a.c,"",11-50,abtelperu.com
peru,2016,agencia-de-publicidad-kunturi,marketing and advertising,linkedin.com/company/agencia-de-publicidad-kunturi,trujillo,agencia de publicidad kunturi,la libertad,1-10,agenciakunturi.com
peru,2010,manya-pe,marketing and advertising,linkedin.com/company/manya-pe,"",manya.pe branding & web design,lima,11-50,manya.pe
peru,1988,global-solutions-perú-e-i-r-l,computer hardware,linkedin.com/company/global-solutions-perú-e-i-r-l,"",global solutions perú e.i.r.l.,lima,51-200,globals.pe
peru,2017,prelle-ulloa-abogados,legal services,linkedin.com/company/prelle-ulloa-abogados,lima,prelle & ulloa abogados,lima,1-10,pyu.pe
peru,1990,norton-edificios-industriales-latam,construction,linkedin.com/company/norton-edificios-industriales-latam,lima,norton edificios industriales latam,lima,51-200,""
peru,2011,sinolatam,think tanks,linkedin.com/company/sinolatam,san isidro,sinolatam,lima region,1-10,sinolatamforum.com
peru,2017,fundacion-marte,civic & social organization,linkedin.com/company/fundacion-marte,santiago de surco,fundación marte,lima,1-10,""
peru,2009,imperia-network,marketing and advertising,linkedin.com/company/imperia-network,lima,imperia network,lima region,1-10,imperianetwork.com
peru,"",kenma-sac,"",linkedin.com/company/kenma-sac,"",kenma sac,"",11-50,kenma.com.pe
peru,1993,grupo-master-peru,automotive,linkedin.com/company/grupo-master-peru,lima,grupo master peru,lima region,11-50,grupomasterperu.com
peru,2016,sumabim,construction,linkedin.com/company/sumabim,"",suma ®,lima,11-50,suma.pe
peru,1990,vigilancia-andina-s-a-,security and investigations,linkedin.com/company/vigilancia-andina-s-a-,lima,vigilancia andina s.a.,lima,1001-5000,vigiandina.com.pe
peru,1999,sasel-s-a-c-,environmental services,linkedin.com/company/sasel-s-a-c-,lima,sasel s.a.c.,lima region,1-10,sasel.com.pe
peru,2005,grupo-decorse,management consulting,linkedin.com/company/grupo-decorse,lima,grupo decorse,lima,11-50,grupodecorse.com
peru,2019,flibpucp,education management,linkedin.com/company/flibpucp,san miguel,future leaders in business - flib,lima,11-50,""
peru,"",steam-plus-123456,consumer services,linkedin.com/company/steam-plus-123456,lima,steam plus,lima,11-50,steamplus.com.pe
peru,"",comprodirecto-pe,import and export,linkedin.com/company/comprodirecto-pe,"",comprodirecto.pe,lima,1-10,comprodirecto.pe
peru,2020,migranofertaperú,retail,linkedin.com/company/migranofertaperú,lima,mi gran oferta perú,lima,1-10,migranoferta.com
peru,1992,metodologias---soluciones-m-s-,management consulting,linkedin.com/company/metodologias---soluciones-m-s-,"",metodologias + soluciones (m+s),"",11-50,""
peru,2017,petraxpuntascuchillasycucharones,machinery,linkedin.com/company/petraxpuntascuchillasycucharones,la victoria,petrax,lima,11-50,petrax.net
peru,2011,clima-ingenieros-sac,mechanical or industrial engineering,linkedin.com/company/clima-ingenieros-sac,ate,clima ingenieros,lima,51-200,climaingenieros.com
peru,2017,ayllu,financial services,linkedin.com/company/ayllu,"",ayllu fintech,"",1-10,""
peru,2016,after-office,marketing and advertising,linkedin.com/company/after-office,lima,after office,lima,11-50,afteroffice.pe
peru,2020,sonobrand,broadcast media,linkedin.com/company/sonobrand,lima,sonobrand,lima,1-10,sonobrand.com
peru,1984,bon-beef,food & beverages,linkedin.com/company/bon-beef,lima,bon beef,lima,51-200,bonbeef.pe
peru,"",jkm-transporte,automotive,linkedin.com/company/jkm-transporte,piura,jkm transportes,piura,11-50,jkm.com.pe
peru,1953,alianza-francesa-de-arequipa,higher education,linkedin.com/company/alianza-francesa-de-arequipa,arequipa,alianza francesa de arequipa,arequipa,51-200,afarequipa.org.pe
peru,2001,grupo-gramsa-s-a-c-,mining & metals,linkedin.com/company/grupo-gramsa-s-a-c-,san isidro,grupo gramsa s.a.c.,lima region,51-200,grupogramsa.com
peru,"",construcor-perú-s-a-c,construction,linkedin.com/company/construcor-perú-s-a-c,lima,construcor perú s.a.c,lima,11-50,construcorperu.com
peru,2011,economysa-sac,retail,linkedin.com/company/economysa-sac,lima,economysa sac,lima,201-500,economysa.pe
peru,2008,medicos-salud-union-en-alerta-sac,hospital & health care,linkedin.com/company/medicos-salud-union-en-alerta-sac,surquillo,médicos salud unión en alerta sac,lima region,51-200,medicossalud.com
peru,2010,sigonsa-sac,chemicals,linkedin.com/company/sigonsa-sac,lince,sigonsa sac,lima,1-10,sigonsa.com
peru,2002,grupo-superfish,transportation/trucking/railroad,linkedin.com/company/grupo-superfish,"",grupo superfish,lima,201-500,superfish.com.pe
