country,founded,id,industry,linkedin_url,locality,name,region,size,website
philippines,2006,vectordata,computer software,linkedin.com/company/vectordata,manila,"vectordata, inc.- authorized archicad reseller in the philippines",manila,11-50,vector-data.com
philippines,2018,unistopinc,information technology and services,linkedin.com/company/unistopinc,"",unistop outsourcing inc.,central luzon,11-50,""
philippines,1991,one-mega-group-inc-,media production,linkedin.com/company/one-mega-group-inc-,capital,"one mega group, inc.",quezon city,201-500,onemegagroup.com
philippines,2018,coindrop,financial services,linkedin.com/company/coindrop,makati,coindrop,manila,1-10,coindrop.com.ph
philippines,2013,fulgardev,construction,linkedin.com/company/fulgardev,manila,fulgar development corporation,manila,11-50,fulgardev.com
philippines,"",colortex-processing-inc-,real estate,linkedin.com/company/colortex-processing-inc-,"",colortex processing inc.,"",1-10,""
philippines,"",rooms498,real estate,linkedin.com/company/rooms498,mandaluyong city,rooms498,metro manila,11-50,roomsforrent.ph
philippines,"",red-ribbon-bakeshop,food & beverages,linkedin.com/company/red-ribbon-bakeshop,san juan,red ribbon bakeshop,metro manila,1-10,redribbonbakeshop.us
philippines,2018,r3-meat-and-food-resources-inc,food & beverages,linkedin.com/company/r3-meat-and-food-resources-inc,manila,r3 meat and food resources inc.,manila,1-10,r3meatandfood.com
philippines,2016,imhotelph,hospitality,linkedin.com/company/imhotelph,makati,i'm hotel,manila,51-200,imhotel.com
philippines,"",san-luis-national-high-school,"",linkedin.com/company/san-luis-national-high-school,"",san luis national high school,"",11-50,slnhs.com
philippines,"",dict-laguna,government administration,linkedin.com/company/dict-laguna,laguna,dict laguna,dumaguete,1-10,dictlaguna.com
philippines,"",geoplan-cebu-foundation-inc-,think tanks,linkedin.com/company/geoplan-cebu-foundation-inc-,"","geoplan cebu foundation, inc.","",11-50,geoplancebu.ph
philippines,2012,golden-sapphire,consumer goods,linkedin.com/company/golden-sapphire,manila,golden sapphire,manila,1-10,goldensapphire.com.ph
philippines,1991,mdmdllc,media production,linkedin.com/company/mdmdllc,makati city,mdmdllc,metro manila,1-10,dopadoc.com
philippines,"",prominent-business-solutions-corp-,consumer services,linkedin.com/company/prominent-business-solutions-corp-,"",prominent business solutions corp.,"",11-50,""
philippines,"",saint-theresa-college,higher education,linkedin.com/company/saint-theresa-college,"",saint theresa college,"",1-10,stcqc.edu.ph
philippines,1984,philippine-seven-corporation,retail,linkedin.com/company/philippine-seven-corporation,manila,philippine seven corporation,manila,501-1000,7-eleven.com.ph
philippines,"",primebeef-company,food & beverages,linkedin.com/company/primebeef-company,manila,primebeef company,manila,11-50,primebeef.com.ph
philippines,"",robinsons-land-philippines,real estate,linkedin.com/company/robinsons-land-philippines,manila,robinsons land philippines,manila,10001+,robinsonslandphilippines.com
philippines,2002,trends,information technology and services,linkedin.com/company/trends,manila,"trends & technologies, inc.",manila,501-1000,trendscn.com
philippines,2018,protecsteelphilippines,mechanical or industrial engineering,linkedin.com/company/protecsteelphilippines,pampanga,protec steel,davao city,11-50,protecsteelph.com
philippines,1981,cfsi_2,non-profit organization management,linkedin.com/company/cfsi_2,capital,community and family services international,quezon city,501-1000,cfsi.ph
philippines,"",verostar-services-inc-,internet,linkedin.com/company/verostar-services-inc-,"",verostar services inc.,"",1-10,""
philippines,"",arvyn-construction-incorporated,construction,linkedin.com/company/arvyn-construction-incorporated,manila,arvyn construction incorporated,manila,51-200,arvynconstructioninc.com
philippines,"",gotoh-philippines-corporation,electrical/electronic manufacturing,linkedin.com/company/gotoh-philippines-corporation,calamba,gotoh philippines corporation,calabarzon,11-50,gotohphils.com
philippines,2014,trackr-ph,internet,linkedin.com/company/trackr-ph,taguig city,trackr ph,metro manila,1-10,trackr.ph
philippines,2012,megamitch-credit-inc-,banking,linkedin.com/company/megamitch-credit-inc-,norte,megamitch financial resources corp.,zambales,11-50,megamitch.ph
philippines,2011,gruppo-avanti-corporation,retail,linkedin.com/company/gruppo-avanti-corporation,capital,gruppo avanti corporation,quezon city,11-50,""
philippines,"",reefer-van-specialist-inc-,package/freight delivery,linkedin.com/company/reefer-van-specialist-inc-,"","reefer van specialist, inc.","",1-10,""
philippines,2016,fundko,financial services,linkedin.com/company/fundko,mandaluyong,fundko,cavite,11-50,fundko.com
philippines,2014,brainhub-inc,information technology and services,linkedin.com/company/brainhub-inc,cebu,brainhub inc,cebu city,11-50,thebrainhub.net
philippines,2010,bizlink-services,outsourcing/offshoring,linkedin.com/company/bizlink-services,tabuelan,bizlink services,cebu,1-10,bizlinkservices.com
philippines,1983,mediasoft-technologies-corporation,information technology and services,linkedin.com/company/mediasoft-technologies-corporation,manila,mediasoft technologies corporation,manila,11-50,mediasoftph.com
philippines,2003,globalbusinesspower,utilities,linkedin.com/company/globalbusinesspower,makati,global business power,manila,501-1000,gbpc.com.ph
philippines,"",hybridx,non-profit organization management,linkedin.com/company/hybridx,iloilo,hybridx,iloilo city,11-50,hybridxempire.com
philippines,2005,noble-trends-unbound-inc.,information technology and services,linkedin.com/company/noble-trends-unbound-inc.,benguet,noble trends unbound inc.,masbate,201-500,ntu-nobletrends.com
philippines,"",camella-homes-antipolo-and-rizal,"",linkedin.com/company/camella-homes-antipolo-and-rizal,rizal,camella homes antipolo and rizal,central luzon,1-10,""
philippines,1971,dfi-training-services,professional training & coaching,linkedin.com/company/dfi-training-services,makati,dfi training services,manila,11-50,dfitrainingservices.com
philippines,"",federal-phoenix-assurance-company-inc-,insurance,linkedin.com/company/federal-phoenix-assurance-company-inc-,"","federal phoenix assurance company, inc.","",51-200,federalphoenix.com
philippines,1994,gree-airconditioner,consumer goods,linkedin.com/company/gree-airconditioner,pasig city,gree commercial airconditioner,metro manila,201-500,gree.com.ph
philippines,"",macare-medicals-inc-,medical devices,linkedin.com/company/macare-medicals-inc-,"",macare medicals inc.,"",51-200,macare-medicals.com
philippines,2018,prescription-psychiatrists,mental health care,linkedin.com/company/prescription-psychiatrists,capital,prescription psychiatrists and psychologists,quezon city,51-200,prescriptionpsychiatrists.com.ph
philippines,2009,realiving-llc,individual & family services,linkedin.com/company/realiving-llc,pasay,realiving,metro manila,51-200,realiving.com
philippines,"",greatworkoffices,commercial real estate,linkedin.com/company/greatworkoffices,capital,greatwork | flexible workspaces,quezon city,11-50,greatworkglobal.com
philippines,2018,lobien-realty-group,real estate,linkedin.com/company/lobien-realty-group,capital,lobien realty group,quezon city,11-50,lobiengroup.com
philippines,"",rpr-international-recruitment-ag,human resources,linkedin.com/company/rpr-international-recruitment-ag,manila,rpr international recruitment ag,manila,11-50,rprinternational.com.ph
philippines,"",dynamic-objx-labs-inc,computer software,linkedin.com/company/dynamic-objx-labs-inc,"",dynamic objx labs inc,"",11-50,dynamicobjx.com
philippines,"",perez-numedia-inc-,"",linkedin.com/company/perez-numedia-inc-,"",perez numedia inc.,"",11-50,pereznumedia.com
philippines,"",global-leading-insurance-company,insurance,linkedin.com/company/global-leading-insurance-company,capital,chubb asia pacific pte ltd,quezon city,1001-5000,""
philippines,2013,lasantemedicalclinic,medical practice,linkedin.com/company/lasantemedicalclinic,manila,"la sante medical and diagnostic center, inc.",manila,1-10,lasantemedicalclinic.com
philippines,2018,backpackersinc,"leisure, travel & tourism",linkedin.com/company/backpackersinc,iloilo city,backpackers inc.,western visayas,11-50,""
philippines,2014,sweden-concrete-machines-philippines-inc,machinery,linkedin.com/company/sweden-concrete-machines-philippines-inc,marikina city,sweden concrete machines philippines inc.,"",1-10,swedenconcretemachines.ph
philippines,2008,chaste-travel-and-tours,"leisure, travel & tourism",linkedin.com/company/chaste-travel-and-tours,manila,chaste travel and tours,manila,1-10,chastetravelandtours.com
philippines,2003,y4it,information technology and services,linkedin.com/company/y4it,quezon city,y4it,metro manila,11-50,y4it.org
philippines,"",prince-valiant-international-corp-,mechanical or industrial engineering,linkedin.com/company/prince-valiant-international-corp-,"",prince valiant international corp.,"",11-50,princevaliant-ph.com
philippines,"",bohol-water-utilities-inc-,consumer services,linkedin.com/company/bohol-water-utilities-inc-,tagbilaran city,"bohol water utilities, inc.",central visayas,11-50,boholwater.com
philippines,"",creatingskies,information technology and services,linkedin.com/company/creatingskies,manila,creatingskies,manila,11-50,creatingskies.com
philippines,2012,jctezloan,financial services,linkedin.com/company/jctezloan,capital,jct ez loan corporation,quezon city,11-50,jctezloan.com
philippines,2010,wine-story,retail,linkedin.com/company/wine-story,bagumbayan,wine story,quezon city,51-200,winestory.com.ph
philippines,2012,nex2global-co-ltd-,marketing and advertising,linkedin.com/company/nex2global-co-ltd-,manila,"nex2global co., ltd.",manila,1-10,nex2global.com
philippines,1993,technology-builders-management-corporation,construction,linkedin.com/company/technology-builders-management-corporation,manila,technology builders management corporation,manila,51-200,tbmc.com.ph
philippines,"",asia-system-inc-,computer & network security,linkedin.com/company/asia-system-inc-,"",asia system inc.,"",1-10,""
philippines,1990,ferotex-laundry-machinery-corporation,machinery,linkedin.com/company/ferotex-laundry-machinery-corporation,"",ferotex laundry machinery corporation,"",11-50,ferotexphilippines.com
philippines,"",hop-inn-hotel,hospitality,linkedin.com/company/hop-inn-hotel,manila,hop inn hotel,manila,11-50,hopinnhotel.com
philippines,2004,madridphilippines,legal services,linkedin.com/company/madridphilippines,capital,madrid philippines,quezon city,201-500,madridph.com
philippines,2020,virtualasst,staffing and recruiting,linkedin.com/company/virtualasst,capital,virtual-asst,quezon city,11-50,virtual-asst.com
philippines,"",rapid-road-stabilizers-inc-,import and export,linkedin.com/company/rapid-road-stabilizers-inc-,"",rapid road stabilizers inc.,"",1-10,rapidroads.com
philippines,2010,drink-sustainability,management consulting,linkedin.com/company/drink-sustainability,manila,drink ph,manila,11-50,drinkph.com
philippines,1952,ue-pss,political organization,linkedin.com/company/ue-pss,manila,ue-political science society,manila,1-10,""
philippines,2002,optimindtechnologysolutions,information technology and services,linkedin.com/company/optimindtechnologysolutions,marikina city,optimind technology solutions,"",11-50,myoptimind.com
philippines,1997,absionline,information technology and services,linkedin.com/company/absionline,capital,"asian business solutions, incorporated",quezon city,11-50,absionline.com
philippines,"",tejeron-business-solutions,accounting,linkedin.com/company/tejeron-business-solutions,"",tejeron business solutions,"",11-50,tejeron.com
philippines,2017,roselasrecipes,food & beverages,linkedin.com/company/roselasrecipes,cebu,rosela's recipes,cebu city,1-10,""
philippines,2008,parkmall,real estate,linkedin.com/company/parkmall,cebu,parkmall,cebu city,51-200,parkmall.co.uk
philippines,"",lanotdesign,online media,linkedin.com/company/lanotdesign,"",lanotdesign.com,"",1-10,lanotdesign.com
philippines,2017,orangebambooinc,outsourcing/offshoring,linkedin.com/company/orangebambooinc,"",orange bamboo inc.,central visayas,11-50,orangebambooinc.com
philippines,"",sim-beng-ko-marketing-corporation,machinery,linkedin.com/company/sim-beng-ko-marketing-corporation,manila,sim beng ko marketing corporation,manila,1-10,zinvenco.com
philippines,2004,dmc-marketing-services,marketing and advertising,linkedin.com/company/dmc-marketing-services,manila,dmc marketing services,manila,11-50,dmcmarketingservices.com
philippines,2010,sannovexph,pharmaceuticals,linkedin.com/company/sannovexph,manila,sannovex pharmaceuticals,manila,51-200,sannovex.com.ph
philippines,2015,shoplocal-ph,food & beverages,linkedin.com/company/shoplocal-ph,cagayan de oro city,shoplocal.ph,northern mindanao,1-10,shoplocal.ph
philippines,2014,core-enabler-business-process-solutions-inc-,information technology and services,linkedin.com/company/core-enabler-business-process-solutions-inc-,muntinglupa,core enabler business process solutions inc.,muntinlupa,11-50,core-enabler.com
philippines,"",mayad-studios,"",linkedin.com/company/mayad-studios,manila,mayad studios,manila,51-200,mayadstudios.com
philippines,"",nxtlvl-farms,"",linkedin.com/company/nxtlvl-farms,manila,nxtlvl farms,manila,11-50,nxtlvlfarms.xyz
philippines,"",pldt-subic-telecom-inc-,telecommunications,linkedin.com/company/pldt-subic-telecom-inc-,"",pldt subic telecom inc.,"",11-50,pldtsubictel.com
philippines,2017,riverwebservices,staffing and recruiting,linkedin.com/company/riverwebservices,manila,river virtual staffing,manila,1-10,riverwebservices.com
philippines,2014,inteluck-corporation,information technology and services,linkedin.com/company/inteluck-corporation,makati,inteluck corporation,manila,11-50,inteluck.ph
philippines,2015,techbox-international-inc,wholesale,linkedin.com/company/techbox-international-inc,pasig,techbox international inc.,national capital region,51-200,techbox.com.ph
philippines,2009,ems-instruments,medical devices,linkedin.com/company/ems-instruments,rizal,ems instruments,central luzon,1-10,emsinstruments.com
philippines,2016,1devs-inc,information technology and services,linkedin.com/company/1devs-inc,manila,1devs inc.,manila,11-50,1devsinc.com
philippines,"",tentay-sauces,management consulting,linkedin.com/company/tentay-sauces,san jose,tentay sauces,navotas,1-10,tentaysauces.com
philippines,2010,theidi-construction-corp,construction,linkedin.com/company/theidi-construction-corp,manila,theidi construction corp.,manila,201-500,""
philippines,1987,ampersand-capital-incorporated,investment banking,linkedin.com/company/ampersand-capital-incorporated,capital,ampersand capital,quezon city,11-50,ampersand.capital
philippines,"",royale-cold-storage-inc-,"",linkedin.com/company/royale-cold-storage-inc-,"",royale cold storage inc.,"",51-200,royalecoldstorage.com.ph
philippines,"",appleone-properties-corporate,real estate,linkedin.com/company/appleone-properties-corporate,cebu,appleone properties - corporate,cebu city,201-500,api.com.ph
philippines,"",star-express-placement-inc-,human resources,linkedin.com/company/star-express-placement-inc-,"","star express placement, inc.","",11-50,""
philippines,2012,thegymstoreph,"health, wellness and fitness",linkedin.com/company/thegymstoreph,capital,the gym store,quezon city,1-10,thegymstoreph.com
philippines,"",transnational-services,staffing and recruiting,linkedin.com/company/transnational-services,"",transnational services,"",11-50,transnational-services.com
philippines,"",perch-interior-furnishing,marketing and advertising,linkedin.com/company/perch-interior-furnishing,"",perch interior furnishing,"",1-10,athensinterior.com
philippines,"",outforcebpo,outsourcing/offshoring,linkedin.com/company/outforcebpo,capital,outforce bpo,quezon city,201-500,outforce.com.ph
philippines,1997,govisitphilippines-com,"leisure, travel & tourism",linkedin.com/company/govisitphilippines-com,makati city,govisitphilippines.com,metro manila,11-50,govisitphilippines.com
philippines,2014,hiveworks-studio,marketing and advertising,linkedin.com/company/hiveworks-studio,iloilo,hiveworks studio,iloilo city,1-10,hiveworksstudio.com
philippines,"",aven-fashion-mfg-inc-,apparel & fashion,linkedin.com/company/aven-fashion-mfg-inc-,"","aven fashion mfg., inc.","",11-50,""
philippines,2013,belford-garment-manufacturing-and-printing,apparel & fashion,linkedin.com/company/belford-garment-manufacturing-and-printing,makati,belford garment manufacturing and printing,manila,1-10,belfordgarment.com
philippines,"",pacific-healthcare-philippines-inc.,pharmaceuticals,linkedin.com/company/pacific-healthcare-philippines-inc.,"","pacific healthcare (philippines), inc.","",51-200,teva.com
philippines,2017,shatter-tech-venture-holdings-inc,venture capital & private equity,linkedin.com/company/shatter-tech-venture-holdings-inc,manila,shatter tech venture holdings inc.,manila,1-10,shattertech.ph
philippines,2003,toursunlimited-co-,"leisure, travel & tourism",linkedin.com/company/toursunlimited-co-,manila,toursunlimited co,manila,1-10,toursunlimitedco.com
philippines,2002,a-m-yu-&-associates,accounting,linkedin.com/company/a-m-yu-&-associates,manila,a.m.yu & associates,manila,51-200,amyucpas.com
philippines,2016,direct-sourcing-solutions,outsourcing/offshoring,linkedin.com/company/direct-sourcing-solutions,pampanga,direct sourcing solutions,davao city,501-1000,dss.asia
philippines,2018,zeend-com,information technology and services,linkedin.com/company/zeend-com,manila,zeend.com,manila,1-10,zeend.com
philippines,2008,msloane-consulting-for-mining-and-construction,wholesale,linkedin.com/company/msloane-consulting-for-mining-and-construction,makati city,msloane consulting for mining and construction,metro manila,1-10,msloaneconsulting.com
philippines,2016,ohrs,outsourcing/offshoring,linkedin.com/company/ohrs,clark,outsourced hr solution,pampanga,11-50,outsourcedhrsolution.com.au
philippines,1977,national-confederation-of-cooperatives,financial services,linkedin.com/company/national-confederation-of-cooperatives,quezon city,national confederation of cooperatives (natcco network),metro manila,201-500,natcco.coop
philippines,2018,cashbee-ph,financial services,linkedin.com/company/cashbee-ph,capital,cashbee ph,quezon city,51-200,cashbee.ph
philippines,"",quickserve-logisctics-and-distribution-inc-,logistics and supply chain,linkedin.com/company/quickserve-logisctics-and-distribution-inc-,"",quickserve logisctics and distribution inc.,"",11-50,quickserve.com.ph
philippines,2005,emapta,outsourcing/offshoring,linkedin.com/company/emapta,manila,emapta,manila,1001-5000,emapta.com
philippines,2015,fruitwishes,food & beverages,linkedin.com/company/fruitwishes,binondo,fruitwishes international corporation,manila,11-50,fruitwishes.com
philippines,2008,h1architecture,architecture & planning,linkedin.com/company/h1architecture,capital,h1 architecture,quezon city,51-200,h1architecture.com
philippines,2013,clearskies-inc.,airlines/aviation,linkedin.com/company/clearskies-inc.,manila,"clearskies, inc.",manila,11-50,clearskiesinc.com
philippines,2014,automad-shop,automotive,linkedin.com/company/automad-shop,baliuag,automad shop,bulacan,1-10,automadshop.com
philippines,"",tricom-dynamics-inc.,computer hardware,linkedin.com/company/tricom-dynamics-inc.,manila,"tricom dynamics, inc.",manila,51-200,tricom.com.ph
philippines,2019,morphling-solutions,management consulting,linkedin.com/company/morphling-solutions,laguna,morphling solutions,dumaguete,51-200,""
philippines,1963,printing-industries-association-of-the-philippines-inc-,graphic design,linkedin.com/company/printing-industries-association-of-the-philippines-inc-,makati city,"printing industries association of the philippines, inc. (piap)",metro manila,1-10,piap.com.ph
philippines,2013,balay-dalangpan-sg-kabataan-foundation-inc-,philanthropy,linkedin.com/company/balay-dalangpan-sg-kabataan-foundation-inc-,manila,"balay dalangpan sg kabataan foundation, inc.",manila,1-10,balaydalangpan.org
philippines,2015,attorneys-of-the-philippines,legal services,linkedin.com/company/attorneys-of-the-philippines,quezon city,attorneys of the philippines,metro manila,1-10,attorney.org.ph
philippines,"",g-land-property-&-development-corp-,"",linkedin.com/company/g-land-property-&-development-corp-,"",g-land property & development corp.,"",51-200,g-land.com.ph
philippines,2000,californiaelectronicssales&services,business supplies and equipment,linkedin.com/company/californiaelectronicssales&services,quezon city,california electronics sales & services,metro manila,11-50,""
philippines,"",globedez,marketing and advertising,linkedin.com/company/globedez,"",globedez,"",11-50,globedez.com
philippines,2013,timpladoph,management consulting,linkedin.com/company/timpladoph,"",2k6 solutions,calabarzon,1-10,2k6.solutions
philippines,"",alta-d-tagaytay,hospitality,linkedin.com/company/alta-d-tagaytay,cavite,alta d' tagaytay,cavite city,51-200,altadtagaytay.com
philippines,2012,xmeetsycreatives,media production,linkedin.com/company/xmeetsycreatives,makati,x meets y creatives,manila,1-10,xmeetsycreatives.com
philippines,2005,bizsolv-asia-mpc,staffing and recruiting,linkedin.com/company/bizsolv-asia-mpc,pasig city,"bizsolv asia, mpc",metro manila,501-1000,bizsolvasia.com
philippines,1972,palawan-state-university,information technology and services,linkedin.com/company/palawan-state-university,puerto princesa city,palawan state university,mimaropa,201-500,palawan.edu.ph
philippines,2011,kdevents,events services,linkedin.com/company/kdevents,capital,knockdown events productions,quezon city,11-50,kdevents.ph
philippines,"",ydhrealtyservicesinc.,"",linkedin.com/company/ydhrealtyservicesinc.,mandaue,ydh realty services inc.,mandaue,51-200,""
philippines,1992,essel-propack-philippines-inc,packaging and containers,linkedin.com/company/essel-propack-philippines-inc,capital,essel propack philippines inc.,quezon city,201-500,""
philippines,1985,weserv-systems-international-inc.,information technology and services,linkedin.com/company/weserv-systems-international-inc.,taguig,"weserv systems international, inc.",metro manila,1001-5000,""
philippines,"",charity-bytes,program development,linkedin.com/company/charity-bytes,quezon city,charity bytes,metro manila,1-10,charitybytes.org
philippines,2018,invictusph,marketing and advertising,linkedin.com/company/invictusph,pasig city,invictus ph,metro manila,11-50,invictusph.com
philippines,"",poongsan-microtec-philippines-inc-,semiconductors,linkedin.com/company/poongsan-microtec-philippines-inc-,"",poongsan microtec philippines inc.,central luzon,11-50,""
philippines,2018,365fruitytrading,import and export,linkedin.com/company/365fruitytrading,makati,365 fruity trading,manila,1-10,""
philippines,2016,acudeen-technologies-inc.,information technology and services,linkedin.com/company/acudeen-technologies-inc.,makati city,acudeen technologies inc.,metro manila,11-50,""
philippines,1983,pice-musc,civil engineering,linkedin.com/company/pice-musc,capital,philippine institute of civil engineers - mapua university student chapter,quezon city,11-50,""
philippines,2009,advance-group-link-manpower-services-inc-,human resources,linkedin.com/company/advance-group-link-manpower-services-inc-,manila,advance group link manpower services inc.,manila,11-50,advancegrouplink.com
philippines,"",isuzu-alabang,"",linkedin.com/company/isuzu-alabang,"",isuzu alabang,"",51-200,isuzualabang.com
philippines,2014,biyaheroes,information technology and services,linkedin.com/company/biyaheroes,capital,biyaheroes,quezon city,11-50,biyaheroes.com
philippines,1999,jtc-international-manpower-services-inc.,oil & energy,linkedin.com/company/jtc-international-manpower-services-inc.,malate,jtc international manpower - energy resources,manila,11-50,jtcmanpower.com
philippines,2019,chirontc,medical devices,linkedin.com/company/chirontc,manila,chiron technologies corporation,manila,1-10,chirontc.com
philippines,"",sunfu-solutions,medical devices,linkedin.com/company/sunfu-solutions,"",sunfu solutions,"",1-10,""
philippines,2015,limitless.,marketing and advertising,linkedin.com/company/limitless.,mandaluyong,limitless.,cavite,1-10,limitlesstx.com
philippines,"",davao-integrated-port-&-stevedoring-services-corporation,transportation/trucking/railroad,linkedin.com/company/davao-integrated-port-&-stevedoring-services-corporation,davao city,davao integrated port & stevedoring services corporation,davao,11-50,dipsscor.com
philippines,2005,sumosam-foods-inc-,restaurants,linkedin.com/company/sumosam-foods-inc-,mandaluyong city,sumosam foods inc.,metro manila,51-200,""
philippines,2015,service101inc,information technology and services,linkedin.com/company/service101inc,manila,"service 101 plus consulting, inc.",manila,11-50,service101plus.com
philippines,2018,opusph,outsourcing/offshoring,linkedin.com/company/opusph,cebu,"opus, inc.",cebu city,1-10,opus-inc.net
philippines,"",ateneo-de-iloilo,"",linkedin.com/company/ateneo-de-iloilo,"",ateneo de iloilo,"",201-500,adi.edu.ph
philippines,1960,ebdi-philippines-inc.,information technology and services,linkedin.com/company/ebdi-philippines-inc.,manila,ebdi philippines inc.,manila,11-50,ebdiltd.com
philippines,"",union-energy-corp-,oil & energy,linkedin.com/company/union-energy-corp-,"",union energy corp.,"",11-50,unionenergycorp.com
philippines,2016,ddi-strategic-communications,public relations and communications,linkedin.com/company/ddi-strategic-communications,pasig city,ddi strategic communications,metro manila,1-10,ddistrat.com
philippines,2009,dv8-solutions-consultancy-ltd.-co.,design,linkedin.com/company/dv8-solutions-consultancy-ltd.-co.,manila,"dv8 solutions consultancy, ltd., co.",manila,11-50,dv8solutions.asia
philippines,2018,arrive-media-tv,marketing and advertising,linkedin.com/company/arrive-media-tv,"",arrive media,"",1-10,arrive.media
philippines,1902,american-chamber-of-commerce-of-the-philippines,non-profit organization management,linkedin.com/company/american-chamber-of-commerce-of-the-philippines,makati city,"the american chamber of commerce of the philippines, inc.",metro manila,11-50,amchamphilippines.com
philippines,1997,topbest-pest-services-inc-,facilities services,linkedin.com/company/topbest-pest-services-inc-,manila,"topbest pest services, inc.",manila,51-200,topbest.ph
philippines,2007,metro-jobs-&-payment-solutions-inc-,human resources,linkedin.com/company/metro-jobs-&-payment-solutions-inc-,cubao,"metro jobs & payment solutions, inc.",quezon city,1001-5000,metrojobs.com.ph
philippines,"",vinta-solutions-inc.,outsourcing/offshoring,linkedin.com/company/vinta-solutions-inc.,manila,vinta solutions inc.,manila,1-10,vinta.com
philippines,2020,splorefitness,"health, wellness and fitness",linkedin.com/company/splorefitness,makati,splore fitness,manila,11-50,splore.app
philippines,2013,volstrov-ltd-co-,furniture,linkedin.com/company/volstrov-ltd-co-,manila,volstrov ltd. co.,manila,11-50,volstrov.com
philippines,"",onesimus-corporation,retail,linkedin.com/company/onesimus-corporation,"",onesimus corporation,"",201-500,""
philippines,2018,l1neup-vos,outsourcing/offshoring,linkedin.com/company/l1neup-vos,manila,l1neup vos,manila,1-10,l1neup.com
philippines,"",edesign-technologies-inc.,electrical/electronic manufacturing,linkedin.com/company/edesign-technologies-inc.,"","edesign technologies, inc.","",1-10,""
philippines,2008,lifestrong-marketing-inc,consumer goods,linkedin.com/company/lifestrong-marketing-inc,caloocan,lifestrong marketing inc.,quezon city,51-200,lifestrong.com.ph
philippines,1998,st-cabrini,hospital & health care,linkedin.com/company/st-cabrini,batangas,st. cabrini medical center,batangas city,201-500,""
philippines,2008,manoamigaph,non-profit organization management,linkedin.com/company/manoamigaph,taguig,mano amiga philippines,metro manila,11-50,manoamigaph.org
philippines,1995,ab-capital-furniture-&-designs-int'l-,furniture,linkedin.com/company/ab-capital-furniture-&-designs-int'l-,cebu,ab capital furniture & designs int'l.,cebu city,51-200,abcapitaldesigns.com
philippines,"",tazasphilippines,food & beverages,linkedin.com/company/tazasphilippines,"",tazas tablea and coffee,cavite,1-10,""
philippines,"",carlos-a-gothong-holdings-inc-,hospitality,linkedin.com/company/carlos-a-gothong-holdings-inc-,"","carlos a. gothong holdings, inc.","",11-50,sugbutel.com
philippines,2006,zamony-venture-corp-,consumer electronics,linkedin.com/company/zamony-venture-corp-,manila,zamony venture corp.,manila,51-200,zamony.com.ph
philippines,"",zscape-development-corporation,architecture & planning,linkedin.com/company/zscape-development-corporation,"",zscape development corporation,"",1-10,zubu-zscape.com
philippines,2008,amtec-global-solutions-inc,staffing and recruiting,linkedin.com/company/amtec-global-solutions-inc,taguig,amtec global solutions inc,metro manila,51-200,amtecglobal.com
philippines,2018,upecotour,environmental services,linkedin.com/company/upecotour,manila,up environment and tourism society,manila,11-50,""
philippines,1987,monarkequipmentcorporationofficial,machinery,linkedin.com/company/monarkequipmentcorporationofficial,manila,monark equipment corporation,manila,1001-5000,monark-cat.com
philippines,2011,ariba-tech-solutions,information technology and services,linkedin.com/company/ariba-tech-solutions,sur,ariba tech solutions,surigao del norte,1-10,aribatechsolutions.com
philippines,1977,first-asia-venture-capital-inc,venture capital & private equity,linkedin.com/company/first-asia-venture-capital-inc,makati,first asia venture capital inc,manila,1001-5000,firstasia.com.ph
philippines,"",green-jakobsen-philippines-inc.,e-learning,linkedin.com/company/green-jakobsen-philippines-inc.,"","green jakobsen philippines, inc.","",11-50,green-jakobsen.com.ph
philippines,2008,techtaxi-incorporated,information technology and services,linkedin.com/company/techtaxi-incorporated,pasig city,techtaxi incorporated,metro manila,1-10,techtaxiinc.com
philippines,2002,hmrenvirocyclephils.inc.,renewables & environment,linkedin.com/company/hmrenvirocyclephils.inc.,calamba,"hmr envirocycle phils., inc.",calabarzon,11-50,envirocycle-inc.com
philippines,"",gran-trail-cycles-inc,consumer goods,linkedin.com/company/gran-trail-cycles-inc,"",gran trail cycles inc,"",1-10,grantrailcycles.com
philippines,"",grand-union-supermarket-inc-,marketing and advertising,linkedin.com/company/grand-union-supermarket-inc-,manila,"grand union supermarket, inc.",manila,11-50,gufamilymarkets.com
philippines,2011,the-color-cure,design,linkedin.com/company/the-color-cure,manila,the color cure,manila,1-10,thecolorcure.com
philippines,2018,dyninno-manila,information technology and services,linkedin.com/company/dyninno-manila,manila,dyninno manila,manila,11-50,""
philippines,2010,marivent-resort-hotel-inc,hospitality,linkedin.com/company/marivent-resort-hotel-inc,capital,marivent resort hotel inc,quezon city,501-1000,""
philippines,2004,atomed-cebu-inc.,medical devices,linkedin.com/company/atomed-cebu-inc.,cebu,atomed cebu inc.,cebu city,51-200,atomedcebu.com
philippines,2017,dysrupit,information technology and services,linkedin.com/company/dysrupit,taguig,dysrupit pty ltd,metro manila,51-200,dysrupit.com
philippines,"",toph-inc-,"",linkedin.com/company/toph-inc-,"",toph inc.,"",51-200,toph.com.ph
philippines,"",new-day-publishers,publishing,linkedin.com/company/new-day-publishers,manila,new day publishers,manila,11-50,newdaypublishers.com
philippines,1980,microdata-systems-and-management-inc-,telecommunications,linkedin.com/company/microdata-systems-and-management-inc-,"","microdata systems and management, inc.","",51-200,microdata.com.ph
philippines,1974,primepak-company,plastics,linkedin.com/company/primepak-company,tanza,primepak company,calabarzon,51-200,primepak.com
philippines,2007,entrepreneurs-accounting-academy,professional training & coaching,linkedin.com/company/entrepreneurs-accounting-academy,makati city,entrepreneurs accounting academy,metro manila,11-50,eaa.edu.ph
philippines,2019,floresofrinlaw,legal services,linkedin.com/company/floresofrinlaw,pampanga,the law office of flores and ofrin,davao city,11-50,floresofrinlaw.com
philippines,2016,linkbusinessph,investment management,linkedin.com/company/linkbusinessph,manila,link business ph,manila,11-50,linkbusiness.ph
philippines,2011,gps-satellite-gps-tracking-and-asset-management-system-inc-,information technology and services,linkedin.com/company/gps-satellite-gps-tracking-and-asset-management-system-inc-,pavia,"satellite gps (gps tracking and asset management system, corp)",western visayas,11-50,satellite.com.ph
philippines,2017,cw_aeroservices-pte-ltd,aviation & aerospace,linkedin.com/company/cw_aeroservices-pte-ltd,davao,cw aero services pte ltd,davao city,11-50,cwspore.com
philippines,1990,nonpareil-international-freight-cargo-services-inc,logistics and supply chain,linkedin.com/company/nonpareil-international-freight-cargo-services-inc,capital,"nonpareil international freight & cargo services, inc.",quezon city,501-1000,nonpareil.com.ph
philippines,2018,anda-scuba-diving,sports,linkedin.com/company/anda-scuba-diving,anda,anda scuba diving,bohol,1-10,andascubadiving.com
philippines,"",puregold-duty-free-inc-,hospital & health care,linkedin.com/company/puregold-duty-free-inc-,"",puregold duty free inc.,"",51-200,""
philippines,2004,pinnacle-manpower-services-pvt-ltd-,professional training & coaching,linkedin.com/company/pinnacle-manpower-services-pvt-ltd-,"",pinnacle manpower services pvt. ltd.,"",1-10,pinnaclemanpower.in
philippines,1995,zest-airways-inc.,airlines/aviation,linkedin.com/company/zest-airways-inc.,"",zest airways inc.,pampanga,201-500,flyzest.com
philippines,2012,codenbrew,computer software,linkedin.com/company/codenbrew,iloilo,codenbrew inc.,iloilo city,1-10,codenbrew.com
philippines,2001,outdevco,chemicals,linkedin.com/company/outdevco,pasig,outdevco,national capital region,1-10,outdevco.com
philippines,2008,engery-for-all-partnership,renewables & environment,linkedin.com/company/engery-for-all-partnership,mandaluyong city,energy for all partnership,metro manila,5001-10000,energyforall.info
philippines,"",top-energy-source-corp,electrical/electronic manufacturing,linkedin.com/company/top-energy-source-corp,quezon city,top energy source corp,metro manila,1-10,""
philippines,"",grid-financial-solutions-inc.,information technology and services,linkedin.com/company/grid-financial-solutions-inc.,"","grid financial solutions, inc.","",51-200,""
philippines,"",avanticecorporation,outsourcing/offshoring,linkedin.com/company/avanticecorporation,makati,avantice corporation,manila,1001-5000,avanticecorp.com
philippines,"",one-tagaytay-place-hotel-suites,hospitality,linkedin.com/company/one-tagaytay-place-hotel-suites,"",one tagaytay place hotel suites,"",11-50,onetagaytayplace.com
philippines,1996,portcalls,publishing,linkedin.com/company/portcalls,manila,portcalls,manila,11-50,portcalls.com
philippines,2000,spinweb-productions-inc.,information technology and services,linkedin.com/company/spinweb-productions-inc.,makati,"spinweb productions, inc.",manila,11-50,spinweb.ph
