country,founded,id,industry,linkedin_url,locality,name,region,size,website
poland,1978,novol-sp-z-o-o-,chemicals,linkedin.com/company/novol-sp-z-o-o-,"",novol sp. z o.o.,"",501-1000,novol.pl
poland,2009,wik-consulting,banking,linkedin.com/company/wik-consulting,warsaw,wik consulting,mazowieckie,11-50,wikconsulting.be
poland,2004,zaga-fundusze-europejskie,management consulting,linkedin.com/company/zaga-fundusze-europejskie,opole,zaga fundusze europejskie,opolskie,11-50,zaga.pl
poland,2014,wolf3d,design,linkedin.com/company/wolf3d,kozerki,wolf3d,mazowieckie,1-10,wolf3d.pl
poland,2011,aria-private-equity,investment management,linkedin.com/company/aria-private-equity,warsaw,aria fund s.a.,mazowieckie,11-50,ariafund.com
poland,2001,ruciński-&-łyko-legal-advisors-lp,legal services,linkedin.com/company/ruciński-&-łyko-legal-advisors-lp,"",ruciński & łyko legal advisors lp,"",1-10,rucinski-lyko.pl
poland,2010,bravelab.io,internet,linkedin.com/company/bravelab.io,kraków,bravelab software house,lesser poland voivodeship,11-50,bravelab.io
poland,"",asystent,"",linkedin.com/company/asystent,"",asystent,"",11-50,asystent.com.pl
poland,"",alfacommunications,public relations and communications,linkedin.com/company/alfacommunications,warsaw,alfa communications,mazowieckie,1-10,alfacommunications.pl
poland,2005,fullpro,animation,linkedin.com/company/fullpro,"",fullpro,"",1-10,fullpro.pl
poland,"",skoda-auto-polska-s.a.,automotive,linkedin.com/company/skoda-auto-polska-s.a.,"",skoda auto polska s.a.,"",51-200,skoda-auto.pl
poland,2005,ekstraklasa-s-a-,sports,linkedin.com/company/ekstraklasa-s-a-,warsaw,ekstraklasa s.a,mazovia,11-50,ekstraklasa.org
poland,"",turystyka,package/freight delivery,linkedin.com/company/turystyka,czestochowa,turystyka,slaskie,1-10,dbv.pl
poland,"",mib-pol,"",linkedin.com/company/mib-pol,"",mib-pol,"",1-10,mib-pol.com.pl
poland,"",elektrowat,construction,linkedin.com/company/elektrowat,sanok,elektrowat,subcarpathian voivodeship,1-10,elektrowat.com
poland,"",wojewódzki-szpital-dla-nerwowo-i-psychicznie-chorych,medical practice,linkedin.com/company/wojewódzki-szpital-dla-nerwowo-i-psychicznie-chorych,suchowola,wojewódzki szpital dla nerwowo i psychicznie chorych,lodzkie,1-10,szpitalsuchowola.pl
poland,"",ekoekspert,"",linkedin.com/company/ekoekspert,"",ekoekspert,"",1-10,ekoekspert.pl
poland,2016,visionspace,telecommunications,linkedin.com/company/visionspace,kraków,visionspace sp. z o.o.,lesser poland voivodeship,11-50,spark.pl
poland,2005,carework,staffing and recruiting,linkedin.com/company/carework,lubuskie,carework,lubuskie,501-1000,carework.pl
poland,2014,4screens,internet,linkedin.com/company/4screens,warsaw,4screens,mazowieckie,1-10,4screens.net
poland,"",fundacja-academic-partners,events services,linkedin.com/company/fundacja-academic-partners,warsaw,fundacja academic partners,mazovia,1-10,""
poland,2006,hibiskus-pl,events services,linkedin.com/company/hibiskus-pl,warsaw,hibiskus.pl,mazovia,1-10,hibiskus.pl
poland,2014,staff-in,human resources,linkedin.com/company/staff-in,wroclaw,staff in,dolnoslaskie,51-200,staffin.pl
poland,2006,gm-solutions,professional training & coaching,linkedin.com/company/gm-solutions,warsaw,gm solutions,mazovia,11-50,gms.edu.pl
poland,2018,cloudpeak,telecommunications,linkedin.com/company/cloudpeak,katowice,cloudpeak,slaskie,1-10,cloudpeak.pl
poland,2003,green-caffe-nero,retail,linkedin.com/company/green-caffe-nero,"",green caffe nero,"",501-1000,greencoffee.pl
poland,1996,t-komp,computer software,linkedin.com/company/t-komp,bydgoszcz,t komp,kujawsko-pomorskie,11-50,tkomp.pl
poland,"",expando-sp-z-o-o-,"",linkedin.com/company/expando-sp-z-o-o-,"",expando sp. z o.o.,"",1-10,expando.pl
poland,"",lambertz-polonia.-sp.-z-o.o.-wyroby-cukiernicze,supermarkets,linkedin.com/company/lambertz-polonia.-sp.-z-o.o.-wyroby-cukiernicze,ruda slaska,lambertz polonia. sp. z o.o. wyroby cukiernicze,slaskie,1-10,lambertz.com.pl
poland,"",caralis-consulting,commercial real estate,linkedin.com/company/caralis-consulting,katowice,caralis consulting,slaskie,1-10,caralis-consulting.eu
poland,"",dhinnovations,industrial automation,linkedin.com/company/dhinnovations,niezabyszewo,d&h innovations,pomorskie,11-50,dhi.com.pl
poland,2016,fitness-concept-group,"health, wellness and fitness",linkedin.com/company/fitness-concept-group,zabrze,fitness concept group,slaskie,11-50,fitnessconcept.pl
poland,2008,noxan,chemicals,linkedin.com/company/noxan,"",noxan,"",11-50,noxan.pl
poland,2017,soloworkout,"health, wellness and fitness",linkedin.com/company/soloworkout,"",solo workout,lubusz,11-50,soloworkout.com
poland,2014,boomeranggamestudio,computer games,linkedin.com/company/boomeranggamestudio,warsaw,boomerang game studio,mazovia,1-10,boomeranggamestudio.com
poland,"",uniwersytet-pedagogiczny-im.-ken-w-krakowie,higher education,linkedin.com/company/uniwersytet-pedagogiczny-im.-ken-w-krakowie,"",uniwersytet pedagogiczny im. ken w krakowie,lesser poland voivodeship,1001-5000,up.krakow.pl
poland,"",studio-1-1-architektura-design,architecture & planning,linkedin.com/company/studio-1-1-architektura-design,gdansk,studio 1:1,pomorskie,11-50,studio1do1.pl
poland,2017,odszkodowania.pl,legal services,linkedin.com/company/odszkodowania.pl,szczecin,odszkodowania.pl,zachodniopomorskie,1-10,odszkodowania.pl
poland,2020,podostore,cosmetics,linkedin.com/company/podostore,skierniewice,podostore,lodzkie,1-10,podostore.pl
poland,2000,media-show,marketing and advertising,linkedin.com/company/media-show,rzeszow,media show,podkarpackie,11-50,mediashow.pl
poland,"",muzyczne-radio,"",linkedin.com/company/muzyczne-radio,"",muzyczne radio,lower silesia,11-50,muzyczneradio.com.pl
poland,2016,sofe-group-poland-sp-z-o-o,international trade and development,linkedin.com/company/sofe-group-poland-sp-z-o-o,chorzow,sofe-group poland sp. z o.o.,slaskie,1-10,sofe-group.pl
poland,"",freemen-tc,events services,linkedin.com/company/freemen-tc,"",freemen tc,"",1-10,freemen.pl
poland,2009,automeritum,automotive,linkedin.com/company/automeritum,"",automeritum,"",1-10,automeritum.pl
poland,1988,luxima-s-a-,electrical/electronic manufacturing,linkedin.com/company/luxima-s-a-,warsaw,luxima s.a.,mazowieckie,11-50,luxima.com.pl
poland,2014,kaboompics,photography,linkedin.com/company/kaboompics,"",kaboompics,"",1-10,kaboompics.com
poland,"",storkts,logistics and supply chain,linkedin.com/company/storkts,torun,stork transport i spedycja,kujawsko-pomorskie,11-50,""
poland,2015,safe-world-technologies,electrical/electronic manufacturing,linkedin.com/company/safe-world-technologies,"",safe world technologies,"",11-50,swtech.eu
poland,2009,centrum-języków-obcych-filos-logos,e-learning,linkedin.com/company/centrum-języków-obcych-filos-logos,wroclaw,centrum języków obcych filos logos,dolnoslaskie,1-10,filoslogos.pl
poland,"",smud-carbon,"",linkedin.com/company/smud-carbon,"",smud-carbon,"",1-10,smud-carbon.eu
poland,2013,neosysteme-aluminium-technology,industrial automation,linkedin.com/company/neosysteme-aluminium-technology,kamienna gora,neosysteme aluminium technology,dolnoslaskie,1-10,neosysteme.pl
poland,2012,multikino-media-sp-z-o-o-,motion pictures and film,linkedin.com/company/multikino-media-sp-z-o-o-,warsaw,multikino media sp. z o.o.,mazovia,51-200,multikinomedia.pl
poland,2012,krakowskie-stowarzyszenie-mówców,education management,linkedin.com/company/krakowskie-stowarzyszenie-mówców,"",krakowskie stowarzyszenie mówców,lesser poland voivodeship,51-200,ksmowcow.pl
poland,1994,polska-izba-systemow-alarmowych,security and investigations,linkedin.com/company/polska-izba-systemow-alarmowych,"",polska izba systemów alarmowych,mazovia,51-200,pisa.org.pl
poland,2005,mtweb,marketing and advertising,linkedin.com/company/mtweb,"",mtweb,"",1-10,mtweb.pl
poland,2018,11sigma,computer software,linkedin.com/company/11sigma,gdansk,11sigma,pomorskie,1-10,11sigma.com
poland,1994,spo-eczna-wy-sza-szko-a-przedsi-biorczo-ci-i-zarz-dzania,higher education,linkedin.com/company/spo-eczna-wy-sza-szko-a-przedsi-biorczo-ci-i-zarz-dzania,"",społeczna wyższa szkoła przedsiębiorczości i zarządzania,"",501-1000,swspiz.pl
poland,"",pht-supon-kielce,"",linkedin.com/company/pht-supon-kielce,"",pht supon kielce,"",11-50,""
poland,2018,msz-maciejewska-sieniawski-zurek-adwokaci-i-radcowie-prawni,legal services,linkedin.com/company/msz-maciejewska-sieniawski-zurek-adwokaci-i-radcowie-prawni,chorzow,msz maciejewska sieniawski żurek adwokaci i radcowie prawni,slaskie,1-10,msz-kancelaria.pl
poland,2009,pozycjonusz-pl,marketing and advertising,linkedin.com/company/pozycjonusz-pl,bialystok,pozycjonusz.pl,podlaskie,11-50,pozycjonusz.pl
poland,1999,udh-świat-piw,food & beverages,linkedin.com/company/udh-świat-piw,poznan,udh - united distribution holding sp. z o.o. ska,wielkopolskie,11-50,udh.pl
poland,"",stowarzyszenie-bibliotekarzy-polskich,government administration,linkedin.com/company/stowarzyszenie-bibliotekarzy-polskich,"",stowarzyszenie bibliotekarzy polskich,"",1-10,sbp.pl
poland,1947,zdzkielce,education management,linkedin.com/company/zdzkielce,kielce,zakład doskonalenia zawodowego w kielcach,swietokrzyskie,201-500,""
poland,"",expolco-transped-sp-z-o-o-,transportation/trucking/railroad,linkedin.com/company/expolco-transped-sp-z-o-o-,"",expolco transped sp. z o.o.,"",11-50,expolco.com.pl
poland,"",tower-inwestycje-sp-z-o-o-,computer software,linkedin.com/company/tower-inwestycje-sp-z-o-o-,"",tower inwestycje sp. z o.o.,"",11-50,""
poland,2006,monday-pr,public relations and communications,linkedin.com/company/monday-pr,warsaw,monday pr,mazowieckie,11-50,mondaypr.pl
poland,"",one-way-transport-spedycja,transportation/trucking/railroad,linkedin.com/company/one-way-transport-spedycja,chorzow,one way transport - spedycja,slaskie,11-50,onewaytransport.pl
poland,2005,expromo,information technology and services,linkedin.com/company/expromo,szczecin,expromo,zachodniopomorskie,1-10,expromo.pl
poland,"",trapeze-poland-sp-z-o-o-,telecommunications,linkedin.com/company/trapeze-poland-sp-z-o-o-,"",trapeze poland sp. z o.o.,"",11-50,""
poland,"",kwl-consulting,management consulting,linkedin.com/company/kwl-consulting,"",kwl consulting,"",1-10,kwlconsulting.pl
poland,"",wabco-polska-z-o-o-,information technology and services,linkedin.com/company/wabco-polska-z-o-o-,"",wabco polska z .o.o.,"",1-10,""
poland,2009,walczy-ski-kalinowski-i-wsp-lnicy-kancelaria-prawna-sp.k.,legal services,linkedin.com/company/walczy-ski-kalinowski-i-wsp-lnicy-kancelaria-prawna-sp.k.,warsaw,kalinowski goździk legal ideas,mazovia,1-10,legalideas.pl
poland,"",kegger-sp--z-o-o-,automotive,linkedin.com/company/kegger-sp--z-o-o-,"",kegger sp. z o.o.,"",11-50,kegger.eu
poland,"",appidea.co,internet,linkedin.com/company/appidea.co,szczecin,appidea sp. z o.o.,zachodniopomorskie,1-10,appidea.co
poland,2013,ladytime-pl,"health, wellness and fitness",linkedin.com/company/ladytime-pl,warsaw,lavito.pl,mazowieckie,11-50,lavito.pl
poland,2012,sigmatik-sp.-z-o.o.-s.k.a.,chemicals,linkedin.com/company/sigmatik-sp.-z-o.o.-s.k.a.,wroclaw,sigmatik sp. z o.o. s.k.a.,dolnoslaskie,1-10,sigmatik.com
poland,"",polmun-warsaw-conference-executive-committee,civic & social organization,linkedin.com/company/polmun-warsaw-conference-executive-committee,warsaw,academic polish model united nations,mazowieckie,11-50,polmun.waw.pl
poland,"",gros-engineering-sp-z-o-o,design,linkedin.com/company/gros-engineering-sp-z-o-o,tychy,gros engineering sp. z o.o.,slaskie,11-50,gros-eng.eu
poland,2008,happy-business,marketing and advertising,linkedin.com/company/happy-business,gdansk,happy business,pomorskie,1-10,happybusiness.pl
poland,"",yamo-sp.-z-o.o.,consumer electronics,linkedin.com/company/yamo-sp.-z-o.o.,piaseczno,yamo sp. z o.o.,mazowieckie,51-200,""
poland,2017,gameset,marketing and advertising,linkedin.com/company/gameset,warsaw,gameset,mazowieckie,1-10,gameset.co
poland,2016,projcare,civil engineering,linkedin.com/company/projcare,warsaw,projcare,mazovia,1-10,projcare.com
poland,2013,studiotopweb,information technology and services,linkedin.com/company/studiotopweb,lelis,studio top web - digital media agency & software house,mazowieckie,1-10,studiotopweb.com
poland,"",logbox.eu,logistics and supply chain,linkedin.com/company/logbox.eu,wroclaw,logbox,dolnoslaskie,11-50,logbox.eu
poland,2014,justgym,"health, wellness and fitness",linkedin.com/company/justgym,poznan,just gym sp. z o.o.,wielkopolskie,51-200,justgym.pl
poland,2016,adwork-rekrutacje,human resources,linkedin.com/company/adwork-rekrutacje,lubuskie,adwork,lubuskie,1-10,adwork.com.pl
poland,2017,codesay,computer software,linkedin.com/company/codesay,nowa wies,codesay,malopolskie,1-10,""
poland,2004,armen-mekhakyan,mental health care,linkedin.com/company/armen-mekhakyan,warsaw,armen mekhakyan,mazowieckie,1-10,armenmekhakyan.pl
poland,2000,fort-polska,civil engineering,linkedin.com/company/fort-polska,bydgoszcz,fort polska,kujawsko-pomorskie,51-200,fort.pl
poland,2005,workforce.dk,construction,linkedin.com/company/workforce.dk,szczecin,workforce.dk,zachodniopomorskie,51-200,workforce.dk
poland,"",pmth-ltd.,mining & metals,linkedin.com/company/pmth-ltd.,wroclaw,pmth ltd. (precious metals trading hub),dolnoslaskie,1-10,pmth.eu
poland,"",traders-centre---london-school-of-traders,arts and crafts,linkedin.com/company/traders-centre---london-school-of-traders,"",li,"",1-10,loremipusm.com.pl
poland,"",speeronpolska,information technology and services,linkedin.com/company/speeronpolska,gdansk,speeron polska,pomorskie,1-10,riversoft.io
poland,"",biuro-rachunkowe-katarzyna-nowak,accounting,linkedin.com/company/biuro-rachunkowe-katarzyna-nowak,sosnowiec,biuro rachunkowe katarzyna nowak,slaskie,1-10,knbiuro.pl
poland,"",ergis,"",linkedin.com/company/ergis,"",ergis,"",51-200,eurofilms.eu
poland,2015,szutszut,motion pictures and film,linkedin.com/company/szutszut,warsaw,szut szut studio,mazowieckie,11-50,szutszutstudio.pl
poland,"",mocart,"",linkedin.com/company/mocart,"",mocart,"",11-50,""
poland,2012,eurofisc-eu-sp-z-o-o-,legal services,linkedin.com/company/eurofisc-eu-sp-z-o-o-,kalisz,eurofisc.eu sp. z o.o.,wielkopolskie,1-10,eurofisc.eu
poland,2007,labnatek,biotechnology,linkedin.com/company/labnatek,warsaw,labnatek,mazowieckie,1-10,labnatek.pl
poland,"",shakers-club,entertainment,linkedin.com/company/shakers-club,"",shakers club,"",1-10,shakers.com.pl
poland,2009,1000ideas,marketing and advertising,linkedin.com/company/1000ideas,"",1000ideas,lesser poland voivodeship,11-50,1000i.pl
poland,1991,eurotherm-niewiadomscy,renewables & environment,linkedin.com/company/eurotherm-niewiadomscy,"",eurotherm niewiadomscy,"",11-50,eurotherm-niewiadomski.pl
poland,2009,restarta,design,linkedin.com/company/restarta,wroclaw,restarta,dolnoslaskie,1-10,restarta.com
poland,"",skubacz.pl,information technology and services,linkedin.com/company/skubacz.pl,zabrze,skubacz.pl,slaskie,1-10,skubacz.pl
poland,1948,centrostal-s-a-kielce,mechanical or industrial engineering,linkedin.com/company/centrostal-s-a-kielce,kielce,centrostal s.a. kielce,swietokrzyskie,201-500,centrostal-kielce.pl
poland,"",dobrowolscy-sp-z-o-o-,"",linkedin.com/company/dobrowolscy-sp-z-o-o-,"",dobrowolscy sp. z o.o.,"",51-200,dobrowolscy.com.pl
poland,"",polca-parts-sp-j-,"",linkedin.com/company/polca-parts-sp-j-,"",polca parts sp.j.,"",1-10,polcaparts.eu
poland,1990,olimp-laboratories-sp.-z-o.o.,"health, wellness and fitness",linkedin.com/company/olimp-laboratories-sp.-z-o.o.,pustynia,olimp laboratories sp. z o.o.,podkarpackie,501-1000,olimp-supplements.com
poland,2014,hachi.media,publishing,linkedin.com/company/hachi.media,skorzewo,88em,wielkopolskie,1-10,88em.eu
poland,2019,zebrahubpl,management consulting,linkedin.com/company/zebrahubpl,"",zebrahub,mazovia,1-10,zebrahub.pl
poland,2019,proste-clo,import and export,linkedin.com/company/proste-clo,polska,agencja celna proste cło,kujawsko-pomorskie,11-50,prosteclo.pl
poland,1919,schrack-technik-polska,electrical/electronic manufacturing,linkedin.com/company/schrack-technik-polska,"",schrack technik polska sp. z o.o.,lesser poland voivodeship,501-1000,schrack.pl
poland,"",going.,entertainment,linkedin.com/company/going.,warsaw,going.,mazowieckie,1-10,goingapp.pl
poland,"",ania-kuczynska,design,linkedin.com/company/ania-kuczynska,"",ania kuczynska,"",1-10,""
poland,2007,frupl,"leisure, travel & tourism",linkedin.com/company/frupl,warsaw,fru.pl s.a.,mazowieckie,51-200,fru.pl
poland,"",roundwood-primary-school,education management,linkedin.com/company/roundwood-primary-school,"",roundwood primary school,"",1-10,""
poland,2010,innovagtech,information services,linkedin.com/company/innovagtech,"",innovagtech,lesser poland voivodeship,11-50,innovagtech.pl
poland,2011,tru-finanse,banking,linkedin.com/company/tru-finanse,"",tru finanse,mazovia,1-10,trufinanse.pl
poland,"",megatrans,transportation/trucking/railroad,linkedin.com/company/megatrans,"",megatrans,"",51-200,megatrans.com.pl
poland,2014,pay´s,apparel & fashion,linkedin.com/company/pay´s,legnica,pay’s ®,dolnoslaskie,1-10,ppaayyss.com
poland,"",finance-in-sp-z-o-o-,management consulting,linkedin.com/company/finance-in-sp-z-o-o-,warsaw,finance.in sp. z o.o.,mazovia,1-10,financein.pl
poland,1991,dc-s.a.,information technology and services,linkedin.com/company/dc-s.a.,gdansk,dc s.a.,pomorskie,11-50,dc.com.pl
poland,"",materne-polska-sp-z-o-o-,food production,linkedin.com/company/materne-polska-sp-z-o-o-,"",materne polska sp. z o. o.,"",11-50,""
poland,2009,digitalenvision,telecommunications,linkedin.com/company/digitalenvision,warsaw,digital envision,mazowieckie,1-10,digital-envision.com
poland,2015,smewenet,computer networking,linkedin.com/company/smewenet,"",smewenet,"",1-10,smewenet.pl
poland,2005,ink-communication,motion pictures and film,linkedin.com/company/ink-communication,warsaw,ink communication,mazovia,11-50,ink.com.pl
poland,2020,dynamic-estate-s-a,real estate,linkedin.com/company/dynamic-estate-s-a,katowice,dynamic estate s.a.,slaskie,1-10,dynamicestate.pl
poland,"",eurologistyka-wschód-sp-z-o-o-,"",linkedin.com/company/eurologistyka-wschód-sp-z-o-o-,"",eurologistyka-wschód sp. z o.o.,"",1-10,eurologistyka.com
poland,2016,beba-nowak---speakly-studio-języka-angielskiego,consumer services,linkedin.com/company/beba-nowak---speakly-studio-języka-angielskiego,kraków,beba nowak - speakly studio języka angielskiego,lesser poland voivodeship,1-10,""
poland,2006,3a-pl-sp-z-o-o-,computer software,linkedin.com/company/3a-pl-sp-z-o-o-,"",3a.pl,"",1-10,3a.pl
poland,2007,ewlgroup,staffing and recruiting,linkedin.com/company/ewlgroup,warsaw,ewl sp. z o.o.,mazowieckie,1001-5000,ewl.com.pl
poland,"",c2home,architecture & planning,linkedin.com/company/c2home,warsaw,©2 home,mazowieckie,11-50,c2home.eu
poland,2017,clippingpathservice,graphic design,linkedin.com/company/clippingpathservice,elblag,clipping path global,warminsko-mazurskie,11-50,clippingpathglobal.com
poland,2012,sharman-church-chartered-surveyors,commercial real estate,linkedin.com/company/sharman-church-chartered-surveyors,warsaw,sharman church chartered surveyors,mazovia,11-50,sharmanchurch.com
poland,"",auto-miras,automotive,linkedin.com/company/auto-miras,zukowo,auto miras autoryzowany serwis samochodowy,mazowieckie,1-10,""
poland,"",software-business-group-sp-z-o-o,computer software,linkedin.com/company/software-business-group-sp-z-o-o,"",software business group sp z o o,"",1-10,""
poland,1997,pm-doradztwo-gospodarcze-sp-z-o-o-,management consulting,linkedin.com/company/pm-doradztwo-gospodarcze-sp-z-o-o-,"",pm doradztwo gospodarcze sp. z o.o.,"",11-50,pmdg.pl
poland,"",aquafront-s-c,"",linkedin.com/company/aquafront-s-c,"",aquafront s.c,"",1-10,aquafront.eu
poland,1998,point-group,media production,linkedin.com/company/point-group,"",pmpg polskie media sa,"",51-200,pmpg.pl
poland,2015,moose-spółka-z-ograniczoną-odpowiedzialnością,outsourcing/offshoring,linkedin.com/company/moose-spółka-z-ograniczoną-odpowiedzialnością,"",moose spółka z ograniczoną odpowiedzialnością,podlaskie,11-50,mooseinc.eu
poland,2010,jcd-pl,internet,linkedin.com/company/jcd-pl,warsaw,jcd.pl,mazovia,11-50,jcd.pl
poland,2013,okami,computer software,linkedin.com/company/okami,"",okami,"",11-50,okami-technology.com
poland,"",look-for-staff-pro,human resources,linkedin.com/company/look-for-staff-pro,"",look for staff pro,mazovia,1-10,lfspro.com.pl
poland,1995,graffiti-films,motion pictures and film,linkedin.com/company/graffiti-films,"",graffiti films sp. zo.o. bis sp. k.,mazovia,11-50,graffitifilms.pl
poland,2014,cmoar-vr,consumer electronics,linkedin.com/company/cmoar-vr,katowice,cmoar vr,slaskie,1-10,cmoar.com
poland,1996,encomtech,management consulting,linkedin.com/company/encomtech,skierniewice,encomtech,lodzkie,1-10,encomtech.com
poland,"",microsecond,computer & network security,linkedin.com/company/microsecond,"",microsecond,"",1-10,msec.com.pl
poland,2004,drewno-gamrat,building materials,linkedin.com/company/drewno-gamrat,paczkowo,drewno gamrat,wielkopolskie,1-10,drewnogamrat.pl
poland,"",centrum-dystrybucja-sp-z-o-o-,information technology and services,linkedin.com/company/centrum-dystrybucja-sp-z-o-o-,"",centrum dystrybucja sp. z o.o.,"",11-50,cede.info.pl
poland,2010,biowatt,renewables & environment,linkedin.com/company/biowatt,poznan,biowatt s.a.,wielkopolskie,11-50,biowatt.pl
poland,"",f4b-leasing-broker,"",linkedin.com/company/f4b-leasing-broker,"",f4b leasing broker,"",11-50,f4b.pl
poland,2008,inż-geo-badania-i-roboty-geotechniczne-sp.-z-o.o.-sp.-k.,civil engineering,linkedin.com/company/inż-geo-badania-i-roboty-geotechniczne-sp.-z-o.o.-sp.-k.,psary,inż-geo badania i roboty geotechniczne sp. z o.o. sp. k.,silesia,51-200,inzgeo.pl
poland,"",exclusive-line,individual & family services,linkedin.com/company/exclusive-line,swidwin,exclusive line,zachodniopomorskie,1-10,naszemiasto.pl
poland,2013,kwiecinski-business-advisory,management consulting,linkedin.com/company/kwiecinski-business-advisory,warsaw,kwiecinski business advisory,mazowieckie,1-10,kwiecinski-ba.com
poland,"",instal-technika-medyczna-sp-z-o-o-,"",linkedin.com/company/instal-technika-medyczna-sp-z-o-o-,"",instal technika medyczna sp. z o.o.,"",1-10,instaltm.pl
poland,"",nzoz-sigma-bi,information technology and services,linkedin.com/company/nzoz-sigma-bi,"",nzoz sigma-bi,"",11-50,sigma-bi.pl
poland,2018,javips-fundacja,information technology and services,linkedin.com/company/javips-fundacja,szczecin,javips,zachodniopomorskie,1-10,javips.pl
poland,1989,wolters-kluwer-polska,information technology and services,linkedin.com/company/wolters-kluwer-polska,warsaw,wolters kluwer polska,mazowieckie,501-1000,wolterskluwer.pl
poland,1997,tmtoys,consumer goods,linkedin.com/company/tmtoys,szczecin,tm toys,zachodniopomorskie,51-200,tmtoys.pl
poland,2007,agilers,information technology and services,linkedin.com/company/agilers,wroclaw,agilers,dolnoslaskie,1-10,agilers.com
poland,2015,fermium,computer software,linkedin.com/company/fermium,litzmannstadt,fermium,lodzkie,1-10,fermium.co
poland,2014,eureka-architekci,architecture & planning,linkedin.com/company/eureka-architekci,jozefow,eureka architekci,mazowieckie,1-10,eurekaarchitekci.info
poland,2009,ict-project-mariusz-ornowski,telecommunications,linkedin.com/company/ict-project-mariusz-ornowski,pomorskie,ict-project mariusz ornowski,west pomerania,1-10,ict-project.pl
poland,"",ipm-sp.-z-o.o.,management consulting,linkedin.com/company/ipm-sp.-z-o.o.,"",ipm sp. z o.o.,"",1-10,ipm-innowacje.pl
poland,2016,fundacjatargpietruszkowy,civic & social organization,linkedin.com/company/fundacjatargpietruszkowy,kraków,fundacja targ pietruszkowy,lesser poland voivodeship,1-10,targpietruszkowy.pl
poland,2016,progware-piotr-rogowski,computer software,linkedin.com/company/progware-piotr-rogowski,raszyn,progware piotr rogowski,mazovia,1-10,""
poland,2011,4k-studio,media production,linkedin.com/company/4k-studio,"",4k studio,mazovia,1-10,4kstudio.pl
poland,"",bds-instal-sp,construction,linkedin.com/company/bds-instal-sp,rzeszow,bds instal sp,podkarpackie,1-10,bdsinstal.pl
poland,2016,codersfirst,information technology and services,linkedin.com/company/codersfirst,warsaw,codersfirst,mazovia,11-50,codersfirst.com
poland,"",dogmat-systemy,financial services,linkedin.com/company/dogmat-systemy,suchy las,dogmat systemy sp. z o.o.,wielkopolskie,11-50,dogmatsystemy.pl
poland,2015,celebratepl,marketing and advertising,linkedin.com/company/celebratepl,gdansk,celebrate polska,pomorskie,1-10,celebrate.com.pl
poland,2013,garstech,computer software,linkedin.com/company/garstech,"",garstech,"",1-10,garstech.pl
poland,2013,singularity-music,music,linkedin.com/company/singularity-music,warsaw,singularity music,mazovia,1-10,singularity-music.com
poland,"",reprin-grupa-sp.-z-o.o.,environmental services,linkedin.com/company/reprin-grupa-sp.-z-o.o.,"",reprin grupa sp. z o.o.,"",1-10,reprin.eu
poland,2016,lublin.today,internet,linkedin.com/company/lublin.today,lublin,lublin.today,lubelskie,1-10,lublin.today
poland,2014,sycko,publishing,linkedin.com/company/sycko,warsaw,sycko,mazowieckie,1-10,sycko-fab.com
poland,"",ergis-eurofilms,plastics,linkedin.com/company/ergis-eurofilms,"",ergis-eurofilms,"",51-200,ergis.eu
poland,2014,lovefinance,accounting,linkedin.com/company/lovefinance,wolomin,love finance - biuro rachunkowe w wołominie,mazowieckie,1-10,lovefinance.pl
poland,2012,out2source.com,outsourcing/offshoring,linkedin.com/company/out2source.com,warsaw,out2source,mazovia,11-50,out2source.com
poland,2015,kancelaria-prawna-matula,law practice,linkedin.com/company/kancelaria-prawna-matula,"",kancelaria prawna matula,"",1-10,""
poland,"",teatr-figur-kraków,performing arts,linkedin.com/company/teatr-figur-kraków,"",teatr figur kraków,"",11-50,""
poland,1992,greenpoint-s-a,apparel & fashion,linkedin.com/company/greenpoint-s-a,kraków,greenpoint s.a.,lesser poland voivodeship,1001-5000,greenpoint.pl
poland,"",dorożkarnia,performing arts,linkedin.com/company/dorożkarnia,"",dorożkarnia,"",1-10,dorozkarnia.pl
poland,1992,cdn-materiały-budowlane,retail,linkedin.com/company/cdn-materiały-budowlane,olawa,cdn materiały budowlane,dolnoslaskie,1-10,ceramika.olawa.pl
poland,"",parm-polska,computer software,linkedin.com/company/parm-polska,wroclaw,parm polska sp. z o.o.,dolnoslaskie,11-50,parm.pl
poland,1999,autoideamercedes-benz,automotive,linkedin.com/company/autoideamercedes-benz,lomianki,auto idea mercedes-benz sp. z o.o.,mazowieckie,11-50,autoidea.pl
poland,"",przedsiebiorstwo-handlowo-uslugowe-andropol,international trade and development,linkedin.com/company/przedsiebiorstwo-handlowo-uslugowe-andropol,"",przedsiebiorstwo handlowo uslugowe andropol,"",1-10,""
poland,"",wielka-żywiecka-sp-z-o-o-,"",linkedin.com/company/wielka-żywiecka-sp-z-o-o-,"",wielka żywiecka sp. z o.o.,"",1-10,wielka-zywiecka.pl
poland,"",tkk-konstrukcje,"",linkedin.com/company/tkk-konstrukcje,"",tkk konstrukcje,"",11-50,t-k-k.pl
poland,2016,evryplace,information technology and services,linkedin.com/company/evryplace,wroclaw,evryplace,dolnoslaskie,1-10,evryplace.com
poland,"",górbet-refractories,retail,linkedin.com/company/górbet-refractories,trzebinia,górbet refractories,malopolskie,1-10,gorbet.com.pl
poland,"",rolmasz,business supplies and equipment,linkedin.com/company/rolmasz,kamionka,rolmasz,pomorskie,1-10,rolmasz.eu
poland,"",kraksport,"",linkedin.com/company/kraksport,"",kraksport,"",1-10,kraksport.com.pl
poland,2016,deveris-polska,food production,linkedin.com/company/deveris-polska,turek,deveris polska sp. z o.o.,wielkopolskie,11-50,deveris.pl
poland,1972,grupa-lotos-sa,oil & energy,linkedin.com/company/grupa-lotos-sa,gdansk,grupa lotos s.a.,pomorskie,1001-5000,lotos.pl
poland,2010,gotrackpl,industrial automation,linkedin.com/company/gotrackpl,warka,gotrack,mazowieckie,11-50,gotrack.pl
poland,"",orfin-studio-kreatywne,graphic design,linkedin.com/company/orfin-studio-kreatywne,wroclaw,orfin studio kreatywne,dolnoslaskie,11-50,orfinstudio.pl
poland,2014,ordergroup,information technology and services,linkedin.com/company/ordergroup,warsaw,order group sp. z o. o.,mazowieckie,11-50,ordergroup.pl
poland,2000,polcomm,mechanical or industrial engineering,linkedin.com/company/polcomm,lubartow,polcomm,lubelskie,51-200,polcomm.com.pl
poland,1966,gerda-hydomat-s-a,automotive,linkedin.com/company/gerda-hydomat-s-a,warsaw,gerda hydomat,mazowieckie,51-200,hydomat.pl
poland,"",lazienkatop-pl,internet,linkedin.com/company/lazienkatop-pl,"",lazienkatop.pl,"",1-10,lazienkatop.pl
poland,2012,domeknawyspie-pl,"leisure, travel & tourism",linkedin.com/company/domeknawyspie-pl,"",domeknawyspie.pl,swietokrzyskie,1-10,domeknawyspie.pl
poland,2018,wroctypescript,computer software,linkedin.com/company/wroctypescript,wroclaw,wrocław typescript,dolnoslaskie,1-10,typescript.community
poland,1943,beaphar-polska,pharmaceuticals,linkedin.com/company/beaphar-polska,reda,beaphar polska,pomorskie,11-50,beaphar.pl
poland,"",mazowiecki-instytut-kultury,entertainment,linkedin.com/company/mazowiecki-instytut-kultury,warsaw,mazowiecki instytut kultury,mazowieckie,51-200,mik.waw.pl
poland,"",samodzielny-publiczny-wojewódzki-szpital-chirurgii-urazowej-im.-j.-daaba,individual & family services,linkedin.com/company/samodzielny-publiczny-wojewódzki-szpital-chirurgii-urazowej-im.-j.-daaba,piekary slaskie,samodzielny publiczny wojewódzki szpital chirurgii urazowej im. j. daaba,slaskie,1-10,piekary.pl
poland,2008,codedose,computer software,linkedin.com/company/codedose,wroclaw,codedose,dolnoslaskie,11-50,codedose.com
poland,2015,virtuallysmart,information technology and services,linkedin.com/company/virtuallysmart,lodz,virtuallysmart,wielkopolskie,11-50,virtuallysmart.net
poland,"",powiatowa-stacja-sanitarno-epidemiologiczna-w-poznaniu,biotechnology,linkedin.com/company/powiatowa-stacja-sanitarno-epidemiologiczna-w-poznaniu,"",powiatowa stacja sanitarno epidemiologiczna w poznaniu,"",11-50,""
poland,"",craneagency,marketing and advertising,linkedin.com/company/craneagency,gdansk,crane agency,pomorskie,1-10,""
poland,2015,start-up-development-house,information technology and services,linkedin.com/company/start-up-development-house,warsaw,startup development house,mazowieckie,51-200,start-up.house
poland,2013,fundacja-zobaczyć,civic & social organization,linkedin.com/company/fundacja-zobaczyć,warsaw,fundacja zobaczyć,mazowieckie,1-10,zobaczyc.org
poland,"",inter-vulkanisier,"",linkedin.com/company/inter-vulkanisier,"",inter vulkanisier,"",1-10,""
poland,"",ecc-polska,"",linkedin.com/company/ecc-polska,legnica,ecc polska,lower silesia,1-10,""
poland,1937,university-of-economics-in-katowice,higher education,linkedin.com/company/university-of-economics-in-katowice,katowice,university of economics in katowice,slaskie,1001-5000,ue.katowice.pl
poland,"",tangramcare-poland,information technology and services,linkedin.com/company/tangramcare-poland,białystok,tangramcare poland,podlasie,11-50,tangramcare.pl
poland,1995,stowarzyszenie-akademickie-magpress,publishing,linkedin.com/company/stowarzyszenie-akademickie-magpress,warsaw,academic association magpress,mazovia,51-200,magiel.waw.pl
poland,"",starostwo-powiatowe-w-lidzbarku-warmińskim,"",linkedin.com/company/starostwo-powiatowe-w-lidzbarku-warmińskim,"",starostwo powiatowe w lidzbarku warmińskim,"",1-10,powiatlidzbarski.pl
poland,"",ncr-poland-llc,government administration,linkedin.com/company/ncr-poland-llc,"",ncr poland llc,"",1-10,""
poland,2007,filtrowent,mechanical or industrial engineering,linkedin.com/company/filtrowent,nowy tomysl,filtrowent,wielkopolskie,11-50,filtrowent.com.pl
poland,"",proaxis_2,information technology and services,linkedin.com/company/proaxis_2,"",proaxis,"",1-10,proaxis.pl
poland,"",krakowskie-centrum-bhp,hospital & health care,linkedin.com/company/krakowskie-centrum-bhp,"",krakowskie centrum bhp,lesser poland voivodeship,11-50,c-bhp.pl
poland,"",kadex,"",linkedin.com/company/kadex,"",kadex,"",11-50,kadex.pl
poland,2008,up-studio,architecture & planning,linkedin.com/company/up-studio,"",up studio,lesser poland voivodeship,1-10,upstudio.pl
poland,2015,qprojekt,design,linkedin.com/company/qprojekt,warsaw,qprojekt,mazowieckie,1-10,""
poland,1998,squiz-poland-sp--z-o-o-,information technology and services,linkedin.com/company/squiz-poland-sp--z-o-o-,szczecin,squiz poland sp. z o.o.,zachodniopomorskie,501-1000,squiz.pl
poland,2003,boxmech-com,machinery,linkedin.com/company/boxmech-com,slupsk,boxmech,pomorskie,11-50,boxmech.com
poland,2003,stowarzyszenie-ostrowskie-centrum-wspierania-przedsiębiorczości,financial services,linkedin.com/company/stowarzyszenie-ostrowskie-centrum-wspierania-przedsiębiorczości,ostrow wielkopolski,stowarzyszenie ostrowskie centrum wspierania przedsiębiorczości,wielkopolskie,11-50,ocwp.org.pl
poland,"",compackspzoo,packaging and containers,linkedin.com/company/compackspzoo,grojec,compack,mazowieckie,11-50,compack.pl
poland,2008,polischnationalsalesawards,civic & social organization,linkedin.com/company/polischnationalsalesawards,warsaw,polish national sales awards (pnsa),mazowieckie,1-10,pnsa.pl
poland,1991,aiut,industrial automation,linkedin.com/company/aiut,gliwice,aiut,slaskie,501-1000,aiut.com.pl
poland,"",bis-consulting,information technology and services,linkedin.com/company/bis-consulting,szczecin,bis consulting,zachodniopomorskie,51-200,bizintelsolutions.com
poland,2017,luxe-property-ltd-,real estate,linkedin.com/company/luxe-property-ltd-,warsaw,luxe property ltd,mazowieckie,1-10,luxeproperty.pl
poland,2013,think-things,marketing and advertising,linkedin.com/company/think-things,gdynia,agencja think things,pomorskie,1-10,thinkthings.pl
poland,"",natural-poland,international trade and development,linkedin.com/company/natural-poland,warsaw,natural poland,mazowieckie,11-50,naturalpoland.pl
poland,1990,cenzin-sp.-z-o.o.,international trade and development,linkedin.com/company/cenzin-sp.-z-o.o.,warsaw,cenzin (grupa pgz),mazowieckie,51-200,cenzin.com
poland,1995,still-polska,logistics and supply chain,linkedin.com/company/still-polska,"",still polska,wielkopolskie,201-500,still.pl
poland,1995,wrocławskie-centrum-transferu-technologii-przy-politechnice-wrocławskiej,research,linkedin.com/company/wrocławskie-centrum-transferu-technologii-przy-politechnice-wrocławskiej,wroclaw,wrocławskie centrum transferu technologii politechniki wrocławskiej (wctt),dolnoslaskie,11-50,""
poland,2013,nelro-data,computer hardware,linkedin.com/company/nelro-data,warsaw,nelro data,mazovia,51-200,nelrodata.eu
poland,"",podhalegroup-pl,"",linkedin.com/company/podhalegroup-pl,"",podhalegroup.pl,"",1-10,podhalegroup.pl
poland,2006,sum-poland-ltd-sp-z-o-o-,oil & energy,linkedin.com/company/sum-poland-ltd-sp-z-o-o-,litzmannstadt,sum poland (ltd) sp. z o.o.,lodzkie,11-50,sumltd.pl
poland,"",gks-piast-gliwice,sports,linkedin.com/company/gks-piast-gliwice,"",gks piast gliwice,"",11-50,piast.gliwice.pl
poland,2016,harleywarszawa,automotive,linkedin.com/company/harleywarszawa,"",twin peaks salon harley-davidson,mazovia,1-10,harleywarszawa.pl
poland,"",pragma-faktoring-sa,management consulting,linkedin.com/company/pragma-faktoring-sa,katowice,pragma faktoring sa,slaskie,1-10,pragmafaktoring.pl
poland,"",agencja-artystyczna-fipo,music,linkedin.com/company/agencja-artystyczna-fipo,"",agencja artystyczna fipo,"",1-10,akurat.pl
poland,"",jasmir-sp-z-o-o-,"",linkedin.com/company/jasmir-sp-z-o-o-,"",jasmir sp. z o.o.,"",1-10,jasmir.com.pl
poland,"",big-data-passion,information technology and services,linkedin.com/company/big-data-passion,warsaw,big data passion,mazowieckie,1-10,bigdatapassion.pl
poland,2016,shumee-s.a.,internet,linkedin.com/company/shumee-s.a.,lodz,shumee s.a.,wielkopolskie,1-10,shumee.pl
poland,"",convertiser,marketing and advertising,linkedin.com/company/convertiser,dol,convertiser sp. z o.o.,podkarpackie,11-50,convertiser.com
poland,2008,mediaflex-sp--z-o--o-,information technology and services,linkedin.com/company/mediaflex-sp--z-o--o-,"",mediaflex,lesser poland voivodeship,11-50,mediaflex.pl
poland,1993,encon-sp.-z-o.o.,industrial automation,linkedin.com/company/encon-sp.-z-o.o.,wroclaw,encon sp. z o.o.,dolnoslaskie,11-50,encon.pl
poland,2000,hb-polska-sp-z-o-o-,international trade and development,linkedin.com/company/hb-polska-sp-z-o-o-,baniocha,hb polska sp. z o.o.,mazovia,11-50,hbpolska.pl
poland,2017,monteka,outsourcing/offshoring,linkedin.com/company/monteka,"",monteka ltd,"",1-10,monteka.bg
poland,2012,woodpecker-motion-pictures,media production,linkedin.com/company/woodpecker-motion-pictures,warsaw,woodpecker motion pictures,mazowieckie,1-10,woodpeckermp.pl
poland,1993,grupaeurozet,broadcast media,linkedin.com/company/grupaeurozet,warsaw,grupa eurozet,mazowieckie,201-500,eurozet.pl
poland,"",cnc-artego,machinery,linkedin.com/company/cnc-artego,czekanow,cnc artego,greater poland,1-10,cnc-artego.com
poland,"",gfsamr,computer software,linkedin.com/company/gfsamr,"",gfsamr,"",1-10,gfsamr.pl
poland,2016,mikrotik-warsaw-training-center,computer networking,linkedin.com/company/mikrotik-warsaw-training-center,warsaw,mikrotik warsaw training center,mazowieckie,1-10,mwtc.pl
poland,"",direx-sp-z-o-o-,"",linkedin.com/company/direx-sp-z-o-o-,"",direx sp.z o.o.,"",11-50,direx.pl
poland,2012,esce-net,internet,linkedin.com/company/esce-net,stalowa wola,esce net,podkarpackie,1-10,esce.net.pl
poland,2017,foodjobspl,internet,linkedin.com/company/foodjobspl,kielce,foodjobs pl,swietokrzyskie,1-10,foodjobs.pl
poland,2016,decodetechnology,information technology and services,linkedin.com/company/decodetechnology,katowice,decode,slaskie,1-10,decode.technology
poland,2013,trans-feed-sp--z-o-o--spółka-komandytowo-akcyjna,farming,linkedin.com/company/trans-feed-sp--z-o-o--spółka-komandytowo-akcyjna,mlawa,trans feed sp. z o.o. spółka komandytowo-akcyjna,mazowieckie,11-50,transfeed.eu
poland,2015,vitality-fitness-sp-zo-o,"health, wellness and fitness",linkedin.com/company/vitality-fitness-sp-zo-o,kraków,vitality fitness sp.zo.o,lesser poland voivodeship,1-10,vitalityfitness.pl
poland,"",małgorzata-lorenc-urban-shooting,"",linkedin.com/company/małgorzata-lorenc-urban-shooting,biala,małgorzata lorenc-urban shooting,mazowieckie,1-10,""
poland,"",skalski-group,civil engineering,linkedin.com/company/skalski-group,"",skalski group,"",51-200,skalski.com.pl
poland,1998,wilhelm-herm-müller-polska-sp.-z-o.o.,mechanical or industrial engineering,linkedin.com/company/wilhelm-herm-müller-polska-sp.-z-o.o.,nowy dwor mazowiecki,wilhelm herm müller polska sp. z o.o.,mazowieckie,51-200,whm.pl
poland,2014,cremsp-z-o-o,outsourcing/offshoring,linkedin.com/company/cremsp-z-o-o,wroclaw,crem sp.z.o.o,dolnoslaskie,51-200,""
poland,"",centrum-dokumentacji-i-studi-w-podatkowych-w-odzi,research,linkedin.com/company/centrum-dokumentacji-i-studi-w-podatkowych-w-odzi,"",centrum dokumentacji i studiów podatkowych w łodzi,"",1-10,cdsp.pl
poland,"",know-house-projekty-psychologiczne,"",linkedin.com/company/know-house-projekty-psychologiczne,"",know-house projekty psychologiczne,"",1-10,know-house.pl
poland,2014,bianco-dental-clinic,medical practice,linkedin.com/company/bianco-dental-clinic,warsaw,bianco dental clinic,mazovia,1-10,bianco.eu.com
poland,1993,stegu,building materials,linkedin.com/company/stegu,"",stegu sp. z o.o.,"",201-500,stegu.pl
poland,2010,pizzaportal,food & beverages,linkedin.com/company/pizzaportal,litzmannstadt,pizzaportal,lodzkie,51-200,pizzaportal.pl
poland,"",nitai,internet,linkedin.com/company/nitai,"",nitai,"",1-10,helfy.pl
poland,2015,it-leasingteam-sp.-z-o.o.,information technology and services,linkedin.com/company/it-leasingteam-sp.-z-o.o.,warsaw,it leasingteam,mazowieckie,11-50,itlt.pl
poland,1949,wydawnictwo-czasopism-i-książek-technicznych-sigma-not-sp.-z-o.o.,newspapers,linkedin.com/company/wydawnictwo-czasopism-i-książek-technicznych-sigma-not-sp.-z-o.o.,"",wydawnictwo czasopism i książek technicznych sigma-not sp. z o.o.,mazovia,51-200,sigma-not.pl
poland,1997,kancelaria-sroda,translation and localization,linkedin.com/company/kancelaria-sroda,"",kancelaria sroda,"",51-200,sroda.com.pl
poland,2018,talentsbenefit,staffing and recruiting,linkedin.com/company/talentsbenefit,gdansk,talentsbenefit,pomorskie,1-10,talentsbenefit.com
poland,"",stocznia-gdanska-s-a-,shipbuilding,linkedin.com/company/stocznia-gdanska-s-a-,"",stocznia gdanska s.a.,"",501-1000,gdanskshipyard.pl
poland,1916,legia-warszawa,sports,linkedin.com/company/legia-warszawa,warsaw,legia warszawa s.a.,mazowieckie,201-500,legia.com
poland,2015,leverage-partners-ltd,management consulting,linkedin.com/company/leverage-partners-ltd,warsaw,leverage partners ltd,mazowieckie,1-10,leveragepartners.pl
poland,"",andreburbelaarchitects,architecture & planning,linkedin.com/company/andreburbelaarchitects,warsaw,andre burbela,mazovia,1-10,""
poland,"",anda-travel,"leisure, travel & tourism",linkedin.com/company/anda-travel,tarnowskie gory,anda travel,slaskie,1-10,anda-travel.pl
poland,2004,chilli-agencja-marketingu-i-reklamy,marketing and advertising,linkedin.com/company/chilli-agencja-marketingu-i-reklamy,poznan,chilli agencja marketingu i reklamy,wielkopolskie,11-50,agencja-chilli.pl
poland,"",powiatowe-centrum-zdrowia-sp.-z-o.o.,medical practice,linkedin.com/company/powiatowe-centrum-zdrowia-sp.-z-o.o.,lwowek slaski,powiatowe centrum zdrowia sp. z o.o.,dolnoslaskie,1-10,pczlwowek.pl
poland,2015,maxie-hill,management consulting,linkedin.com/company/maxie-hill,poznan,maxie hill,wielkopolskie,1-10,maxiehill.com
poland,"",photo-studio---deep-art-weddings,"",linkedin.com/company/photo-studio---deep-art-weddings,"",photo studio - deep art weddings,"",1-10,deepartweddings.com
poland,2018,lts-poland,mechanical or industrial engineering,linkedin.com/company/lts-poland,wroclaw,lts poland sp. z o. o.,dolnoslaskie,1-10,ltspoland.com
poland,2007,politanskibranddesign,design,linkedin.com/company/politanskibranddesign,litzmannstadt,politanski brand design,lodzkie,1-10,pbd.pl
poland,2015,leantrix-sp--z-o-o-,management consulting,linkedin.com/company/leantrix-sp--z-o-o-,wroclaw,leantrix sp. z o.o.,dolnoslaskie,1-10,leantrix.com
poland,2008,peryskop.pl,computer software,linkedin.com/company/peryskop.pl,"",peryskop.pl,"",1-10,peryskop.pl
poland,2015,grupa-fny,construction,linkedin.com/company/grupa-fny,warsaw,grupa fny,mazovia,1-10,""
poland,1991,tts-company-sp.-z-o.-o.,computer software,linkedin.com/company/tts-company-sp.-z-o.-o.,"",tts company sp. z o. o.,mazowieckie,11-50,tts.com.pl
poland,"",laxogroup,staffing and recruiting,linkedin.com/company/laxogroup,poznan,laxo group,wielkopolskie,201-500,laxo.pl
poland,1996,mercedes-benzpolska,automotive,linkedin.com/company/mercedes-benzpolska,warsaw,mercedes-benz polska,mazowieckie,201-500,mercedes-benz.pl
poland,"",pan-samochodzik-sp.-z-o.o.,consumer goods,linkedin.com/company/pan-samochodzik-sp.-z-o.o.,"",pan samochodzik sp. z o.o.,"",11-50,pan-s.pl
poland,1993,colourlockpolska,wholesale,linkedin.com/company/colourlockpolska,"",colourlock® polska,"",11-50,colourlock.pl
poland,1996,proxmus,mechanical or industrial engineering,linkedin.com/company/proxmus,pasłęk,proxmus,warmia-masuria,51-200,proxmus.com
poland,2010,supergraviton-llc,information technology and services,linkedin.com/company/supergraviton-llc,wroclaw,graviton llc,dolnoslaskie,1-10,graviton.mn
poland,"",mepp-european-freight-solutions-sp-z-o-o-,transportation/trucking/railroad,linkedin.com/company/mepp-european-freight-solutions-sp-z-o-o-,warsaw,mepp european freight solutions sp. z o.o.,mazowieckie,11-50,meppeurope.com
poland,"",muzeum-łazienki-królewskie,management consulting,linkedin.com/company/muzeum-łazienki-królewskie,"",muzeum łazienki królewskie,mazovia,1-10,lazienki-krolewskie.pl
poland,1992,sacer-s-c,computer software,linkedin.com/company/sacer-s-c,gdynia,sacer s.c.,pomorskie,11-50,sacer.pl
poland,"",satrevolution-s.a.,"",linkedin.com/company/satrevolution-s.a.,wroclaw,satrevolution s.a.,dolnoslaskie,1-10,""
poland,1999,orgadata-east-europe,computer software,linkedin.com/company/orgadata-east-europe,koszalin,orgadata east europe,zachodniopomorskie,201-500,""
poland,2016,foreach-software,information technology and services,linkedin.com/company/foreach-software,wroclaw,foreach software,dolnoslaskie,1-10,4each.software
poland,2006,klinika-bocian,hospital & health care,linkedin.com/company/klinika-bocian,bialystok,klinika bocian,podlaskie,11-50,klinikabocian.pl
poland,1998,vitasport-pl,sports,linkedin.com/company/vitasport-pl,gdynia,vita-sport sp. z o. o.,pomorskie,51-200,vitasport.pl
poland,1969,bertrand,construction,linkedin.com/company/bertrand,luzino,bertrand okna i drzwi,pomorskie,201-500,bertrand.pl
poland,2015,glatz-polska,furniture,linkedin.com/company/glatz-polska,warsaw,glatz polska,mazowieckie,1-10,glatz-parasol.pl
poland,"",pnos,"",linkedin.com/company/pnos,"",pnos,"",1-10,pnos.pl
poland,"",delta-optical,"",linkedin.com/company/delta-optical,"",delta optical,"",11-50,trajektoria.com
poland,2011,overstep-business-solutions,management consulting,linkedin.com/company/overstep-business-solutions,warsaw,overstep business solutions,mazovia,1-10,michalposnik.pl
poland,2020,sopotorium,hospitality,linkedin.com/company/sopotorium,pomorskie,sopotorium medical resort,west pomerania,51-200,sopotorium.pl
poland,"",praefa,"",linkedin.com/company/praefa,"",praefa,"",51-200,praefa.com
poland,"",green-shop,"",linkedin.com/company/green-shop,"",green shop,"",11-50,green.shop.pl
poland,2013,dpcm,marketing and advertising,linkedin.com/company/dpcm,wroclaw,delikatna praca ciężkich maszyn,dolnoslaskie,1-10,dpcm.pl
poland,2010,ekon,management consulting,linkedin.com/company/ekon,warsaw,ekon,mazowieckie,1-10,ekon.it
poland,2008,mbrecycling,environmental services,linkedin.com/company/mbrecycling,micigozd,mb recycling,swietokrzyskie,51-200,mbrecycling.pl
poland,2010,reino-partners,real estate,linkedin.com/company/reino-partners,warsaw,reino partners,mazovia,11-50,reinopartners.com
poland,2017,mampsaicoteraz,education management,linkedin.com/company/mampsaicoteraz,poznan,mam psa. i co teraz?,wielkopolskie,1-10,mampsaicoteraz.com
poland,"",exposite-sp-z-o-o-sp-k,marketing and advertising,linkedin.com/company/exposite-sp-z-o-o-sp-k,pomorskie,exposite,west pomerania,51-200,exposite.pl
poland,1990,stolmarwitryny,design,linkedin.com/company/stolmarwitryny,rumia,stolmar witryny,pomorskie,11-50,stolmar.co
poland,"",synthelio,logistics and supply chain,linkedin.com/company/synthelio,wroclaw,synthelio,dolnoslaskie,1-10,synthelio.com
poland,"",rodan-agencja-reklamowa,marketing and advertising,linkedin.com/company/rodan-agencja-reklamowa,poznan,rodan agencja reklamowa,wielkopolskie,11-50,rodantv.pl
poland,2010,d-fusion-communication,public relations and communications,linkedin.com/company/d-fusion-communication,warsaw,d*fusion communication,mazowieckie,11-50,dfusion.pl
poland,2016,think-mice,newspapers,linkedin.com/company/think-mice,"",think mice,mazovia,1-10,thinkmice.pl
poland,2007,pietrzak-sidor-wspolnicy,law practice,linkedin.com/company/pietrzak-sidor-wspolnicy,warsaw,pietrzak sidor & partners,mazovia,11-50,pietrzaksidor.pl
poland,"",ksp-polonia-warszawa-ssa,sports,linkedin.com/company/ksp-polonia-warszawa-ssa,"",ksp polonia warszawa ssa,mazovia,1-10,ksppolonia.pl
poland,"",nzoz-centrum-uśmiechu,marketing and advertising,linkedin.com/company/nzoz-centrum-uśmiechu,"",nzoz centrum uśmiechu,"",1-10,""
poland,1990,kosmedusg,medical devices,linkedin.com/company/kosmedusg,kielce,kosmed sp. z o. o.,swietokrzyskie,11-50,kielce.com
poland,2012,the-software-house,computer software,linkedin.com/company/the-software-house,gliwice,the software house,slaskie,51-200,tsh.io
poland,1991,pegasus-group,marketing and advertising,linkedin.com/company/pegasus-group,"",pegasus group,mazovia,11-50,pegasus.pl
poland,"",cyber-folks,information technology and services,linkedin.com/company/cyber-folks,poznan,cyberfolks.pl,wielkopolskie,201-500,cyberfolks.pl
poland,2005,ssangyong-poland,automotive,linkedin.com/company/ssangyong-poland,warsaw,ssangyong poland,mazowieckie,11-50,ssangyong.pl
poland,"",zoz-sucha-beskidzka,"",linkedin.com/company/zoz-sucha-beskidzka,"",zoz sucha beskidzka,"",51-200,zozsuchabeskidzka.pl
poland,"",fokus-studio-badania-marketingowe,"",linkedin.com/company/fokus-studio-badania-marketingowe,"",fokus studio badania marketingowe,"",1-10,fokusstudio.pl
poland,"",tu-meble,furniture,linkedin.com/company/tu-meble,"",tu-meble,lubelskie,1-10,tu-meble.pl
poland,"",ugpoland,mechanical or industrial engineering,linkedin.com/company/ugpoland,bialystok,ug poland sp. z o.o.,podlaskie,1-10,unworn.pl
poland,2014,meigee,computer software,linkedin.com/company/meigee,warsaw,meigee sp.z.o.o,mazowieckie,1-10,meigeedev.com
poland,1997,skrivanek-poland,translation and localization,linkedin.com/company/skrivanek-poland,warsaw,"skrivanek poland, part of skrivanek group",mazowieckie,51-200,skrivanek.pl
poland,1991,interservis,marketing and advertising,linkedin.com/company/interservis,"",interservis,"",1-10,interservis.pl
poland,1999,poliman,internet,linkedin.com/company/poliman,"",poliman,"",11-50,poliman.pl
poland,"",biuro-brokerskie-omega,"",linkedin.com/company/biuro-brokerskie-omega,"",biuro brokerskie omega,"",1-10,omegabroker.pl
poland,2007,mjwpu,government administration,linkedin.com/company/mjwpu,warsaw,mjwpu,mazowieckie,201-500,funduszedlamazowsza.eu
poland,"",budowa,marketing and advertising,linkedin.com/company/budowa,"",budowa,"",51-200,budowa.lowicz.pl
poland,2012,dogadamycie,translation and localization,linkedin.com/company/dogadamycie,koszalin,dogadamycie.pl,west pomerania,201-500,dogadamycie.pl
poland,"",in-polish--polish-language-courses,education management,linkedin.com/company/in-polish--polish-language-courses,"",in polish- polish language courses,"",1-10,inpolish.edu.pl
poland,2014,wroclaw-service-jam,design,linkedin.com/company/wroclaw-service-jam,wroclaw,wroclaw service jam,dolnoslaskie,1-10,wroclawservicejam.pl
poland,"",biela-sp-z-o-o-,automotive,linkedin.com/company/biela-sp-z-o-o-,"",biela sp. z o.o.,"",11-50,hondabiela.pl
poland,2011,baushoponline-com,building materials,linkedin.com/company/baushoponline-com,szczecin,baushoponline.com,zachodniopomorskie,1-10,baushoponline.com
poland,2016,baltic-media-group,marketing and advertising,linkedin.com/company/baltic-media-group,gdansk,baltic media group,pomorskie,1-10,balticmediagroup.pl
poland,2012,instytut-kultury-miejskiej,civic & social organization,linkedin.com/company/instytut-kultury-miejskiej,gdansk,instytut kultury miejskiej,pomorskie,11-50,ikm.gda.pl
poland,1989,fundacja-rozwoju-demokracji-lokalnej-centrum-mazowsze,education management,linkedin.com/company/fundacja-rozwoju-demokracji-lokalnej-centrum-mazowsze,warsaw,fundacja rozwoju demokracji lokalnej centrum mazowsze,mazowieckie,11-50,frdl.mazowsze.pl
poland,2019,polishairspace,airlines/aviation,linkedin.com/company/polishairspace,nowa wola,polish airspace foundation (fundacja polskie niebo),mazowieckie,11-50,fundacjapolskieniebo.pl
poland,2020,wsparciepsychiczne-pl,mental health care,linkedin.com/company/wsparciepsychiczne-pl,poznan,wsparciepsychiczne.pl,wielkopolskie,1-10,wsparciepsychiczne.pl
poland,"",spwsz,"",linkedin.com/company/spwsz,"",spwsz,"",51-200,spwsz.szczecin.pl
poland,"",tritex-investment-sp-z-o-o-,"",linkedin.com/company/tritex-investment-sp-z-o-o-,"",tritex investment sp. z o.o.,"",11-50,tritexinvestment.eu
poland,2012,green-points,environmental services,linkedin.com/company/green-points,nowy sacz,green points,malopolskie,1-10,green-points.com
poland,2019,creative-media-fly,e-learning,linkedin.com/company/creative-media-fly,warsaw,creative media fly,mazovia,11-50,creativemediafly.com
poland,"",bagpak-polska,"",linkedin.com/company/bagpak-polska,"",bagpak polska,"",51-200,bagpak.pl
poland,2002,ci-games,computer games,linkedin.com/company/ci-games,warsaw,ci games,mazowieckie,51-200,cigames.com
poland,2016,cookie-unit,computer games,linkedin.com/company/cookie-unit,"",cookieunit,wielkopolskie,1-10,cookieunit.com
poland,"",magdalenanowak-com,"",linkedin.com/company/magdalenanowak-com,poznan,magdalenanowak.com,wielkopolskie,1-10,magdalenanowak.com
poland,2015,pigalopus,architecture & planning,linkedin.com/company/pigalopus,"",pigalopus,lesser poland voivodeship,1-10,pigalopus.pl
poland,"",ambra-sp-z-o-o-,"",linkedin.com/company/ambra-sp-z-o-o-,"",ambra sp.z o.o.,"",51-200,ambra-czechowice.pl
poland,2013,corelens,medical devices,linkedin.com/company/corelens,warsaw,corelens joint-stock company,mazovia,1-10,corelens.pl
poland,"",spotlux,"",linkedin.com/company/spotlux,"",spotlux,"",11-50,spotlux.eu
poland,2016,a-k-e,internet,linkedin.com/company/a-k-e,adamowek,ake,mazowieckie,1-10,""
poland,"",instytut-psycholog-w-biznesu,human resources,linkedin.com/company/instytut-psycholog-w-biznesu,"",instytut psychologów biznesu,"",1-10,instytutpsychologowbiznesu.pl
poland,1949,rafako-s.a,mechanical or industrial engineering,linkedin.com/company/rafako-s.a,"",rafako s.a,"",1001-5000,rafako.com.pl
poland,"",autel-intelligent-technology-co-ltd-,automotive,linkedin.com/company/autel-intelligent-technology-co-ltd-,rzeszow,autel intelligent technology co (ltd),podkarpackie,11-50,autel-tech.com
poland,"",magicom-sp-z-o-o-,"",linkedin.com/company/magicom-sp-z-o-o-,"",magicom sp. z o.o.,"",1-10,magicom.com.pl
poland,"",baltazar-kompozyty,chemicals,linkedin.com/company/baltazar-kompozyty,pomorskie,baltazar kompozyty,west pomerania,11-50,baltazarkompozyty.pl
poland,"",centermedica,"",linkedin.com/company/centermedica,"",centermedica,"",11-50,centermedica.pl
poland,1998,kruk-s-a-,financial services,linkedin.com/company/kruk-s-a-,wroclaw,kruk s.a.,dolnoslaskie,1001-5000,kruk.eu
poland,1998,catering24,food & beverages,linkedin.com/company/catering24,chorzow,catering24,slaskie,51-200,catering24.pl
poland,"",bielbit-serwis,"",linkedin.com/company/bielbit-serwis,"",bielbit serwis,"",1-10,bbserwis.com.pl
poland,2006,brian-tracy-international-sp-z-o-o-,education management,linkedin.com/company/brian-tracy-international-sp-z-o-o-,warsaw,brian tracy international sp. z o.o.,mazovia,11-50,""
poland,2002,agencjavi,events services,linkedin.com/company/agencjavi,warsaw,agencja vi,mazowieckie,11-50,agencjavi.pl
poland,"",związek-piłki-ręcznej-w-polsce-polish-handball-federation,sports,linkedin.com/company/związek-piłki-ręcznej-w-polsce-polish-handball-federation,warsaw,związek piłki ręcznej w polsce/polish handball federation,mazowieckie,1-10,zprp.pl
poland,2005,horus,computer software,linkedin.com/company/horus,warsaw,horus,mazowieckie,11-50,horus.pl
poland,"",villa-cuprum,"",linkedin.com/company/villa-cuprum,"",villa cuprum,"",1-10,villacuprum.pl
poland,2014,smart-monitoring-sp.-z-o.o.,facilities services,linkedin.com/company/smart-monitoring-sp.-z-o.o.,kielce,smart monitoring sp. z o.o.,swietokrzyskie,11-50,smart-monitoring.pl
poland,2017,magazif,publishing,linkedin.com/company/magazif,lodz,magazif,wielkopolskie,1-10,magazif.com
poland,2002,graf-polska,environmental services,linkedin.com/company/graf-polska,skierniewice,graf polska,lodzkie,11-50,grafpolska.pl
poland,2013,bi4real,information technology and services,linkedin.com/company/bi4real,warsaw,bi4real,mazovia,1-10,bi4real.com
poland,2009,vis-systems-sp.-z-o.o.,mechanical or industrial engineering,linkedin.com/company/vis-systems-sp.-z-o.o.,gliwice,vis systems sp. z o.o.,silesia,11-50,vis-systems.pl
poland,1952,meblomor-s-a-,shipbuilding,linkedin.com/company/meblomor-s-a-,"",meblomor s.a.,"",51-200,meblomor.pl
poland,1997,magazyn-e-commerce,publishing,linkedin.com/company/magazyn-e-commerce,poznan,magazyn e-commerce,wielkopolskie,201-500,magazyn-ecommerce.pl
poland,2015,keyhelp,information technology and services,linkedin.com/company/keyhelp,warsaw,keyhelp,mazowieckie,11-50,keyhelp.co
poland,2012,goglobal24,logistics and supply chain,linkedin.com/company/goglobal24,bielany wroclawskie,goglobal24,lower silesia,11-50,goglobal24.com
poland,1992,diag-mot-serwis,automotive,linkedin.com/company/diag-mot-serwis,warsaw,diag-mot-serwis,mazowieckie,1-10,diagmot.pl
poland,2012,mg-home,consumer goods,linkedin.com/company/mg-home,warsaw,mg home,mazowieckie,11-50,mghome.com.pl
poland,"",hmp-sp-z-o-o-spółka-doradztwa-podatkowego-nr-624,legal services,linkedin.com/company/hmp-sp-z-o-o-spółka-doradztwa-podatkowego-nr-624,katowice,hmp sp. z o.o. spółka doradztwa podatkowego nr 624,slaskie,1-10,hmplegal.pl
poland,2009,studioz2-com,design,linkedin.com/company/studioz2-com,glogow,studioz2.com,dolnoslaskie,1-10,studioz2.com
poland,2008,apply-poland-sp.-z-o.o.,oil & energy,linkedin.com/company/apply-poland-sp.-z-o.o.,kraków,apply poland sp. z o.o.,lesser poland voivodeship,51-200,applypoland.com
poland,2011,puidukoda-polska-sp-z-o-o,building materials,linkedin.com/company/puidukoda-polska-sp-z-o-o,golina,puidukoda polska sp. z o.o.,wielkopolskie,11-50,drewnoestonskie.pl
poland,2015,huspi,computer software,linkedin.com/company/huspi,rzeszow,huspi,podkarpackie,11-50,huspi.com
poland,2009,fashioner.com,apparel & fashion,linkedin.com/company/fashioner.com,gdynia,fashioner.com,pomorskie,1-10,fashioner.com
poland,2006,conekt,internet,linkedin.com/company/conekt,kraków,conekt,lesser poland voivodeship,1-10,conekted.com
poland,2014,knpsh-societas,law practice,linkedin.com/company/knpsh-societas,poznan,"koło naukowe prawa spółek handlowych "societas"​",wielkopolskie,11-50,knpshsocietas.pl
poland,2018,it-heroes,internet,linkedin.com/company/it-heroes,poznan,it-heroes,wielkopolskie,1-10,it-heroes.pl
poland,"",fundacja-pantomima,"",linkedin.com/company/fundacja-pantomima,"",fundacja pantomima,"",1-10,fundacjapantomima.pl
poland,2010,robomaticon,information technology and services,linkedin.com/company/robomaticon,warsaw,robomaticon - mobile robots competition,mazowieckie,11-50,robomaticon.pl
poland,1991,osce-odihr,international affairs,linkedin.com/company/osce-odihr,"",osce office for democratic institutions and human rights (odihr),"",51-200,""
poland,2010,sid-on,computer games,linkedin.com/company/sid-on,"",sid on,"",11-50,sid-on.com
poland,1947,zamak-mercator,chemicals,linkedin.com/company/zamak-mercator,skawina,zamak mercator,malopolskie,51-200,zamakmercator.pl
poland,"",silesiapolis,"",linkedin.com/company/silesiapolis,katowice,silesiapolis,slaskie,1-10,""
poland,2009,askmed,medical devices,linkedin.com/company/askmed,wroclaw,askmed,dolnoslaskie,1-10,askmed.pl
poland,2020,ake-systemtechnik-polska-sp-z-o-o,automotive,linkedin.com/company/ake-systemtechnik-polska-sp-z-o-o,katowice,ake systemtechnik polska sp. z o.o,slaskie,11-50,ake-systemtechnik.pl
poland,2008,tupolska,online media,linkedin.com/company/tupolska,rybnik,tupolska,slaskie,11-50,tupolska.com
poland,"",lewpartner,outsourcing/offshoring,linkedin.com/company/lewpartner,poznan,lewpartner,wielkopolskie,51-200,lewpartner.com
poland,1999,pentagon-research,market research,linkedin.com/company/pentagon-research,wroclaw,pentagon research,dolnoslaskie,51-200,pentagon-research.com
poland,"",morska-stocznia-remontowa-s-a-,shipbuilding,linkedin.com/company/morska-stocznia-remontowa-s-a-,"",morska stocznia remontowa s.a.,"",11-50,msr.com.pl
poland,2016,credit-special-situations-fund,financial services,linkedin.com/company/credit-special-situations-fund,warsaw,credit special situations fund,mazovia,1-10,fpss.pl
poland,"",yellow-cargo,"",linkedin.com/company/yellow-cargo,"",yellow cargo,"",1-10,yellowcargo.pl
poland,"",centrum-nowej-technologii,"",linkedin.com/company/centrum-nowej-technologii,"",centrum nowej technologii,"",1-10,cntech.pl
poland,"",4xrobo,professional training & coaching,linkedin.com/company/4xrobo,warsaw,4xrobo.com - praktyczna strona nauki,mazowieckie,11-50,4xrobo.com
poland,"",dekpol-steel,construction,linkedin.com/company/dekpol-steel,pinczyn,dekpol steel sp. z o.o.,pomorskie,201-500,""
poland,2011,propertytalents,real estate,linkedin.com/company/propertytalents,warsaw,propertytalents,mazowieckie,1-10,propertytalents.com
poland,2012,risk-partner-as,financial services,linkedin.com/company/risk-partner-as,tychy,risk-partner as,slaskie,1-10,risk-partner.no
poland,1937,gamrat-sa,construction,linkedin.com/company/gamrat-sa,jaslo,gamrat sa,podkarpackie,201-500,gamrat.com.pl
poland,"",image-recording-solutions-południe-sp.-z-o.o.,consumer electronics,linkedin.com/company/image-recording-solutions-południe-sp.-z-o.o.,wroclaw,image recording solutions południe sp. z o.o.,dolnoslaskie,11-50,irspoludnie.pl
poland,2003,bargo-taknemli,graphic design,linkedin.com/company/bargo-taknemli,lomianki,bargo,mazowieckie,1-10,bargo.dk
poland,2019,zia-agency,marketing and advertising,linkedin.com/company/zia-agency,poznan,zia.agency,wielkopolskie,1-10,zia.agency
poland,"",sport-angels,public relations and communications,linkedin.com/company/sport-angels,"",sport angels,"",1-10,sportangels.pl
poland,"",minder-education,higher education,linkedin.com/company/minder-education,warsaw,minder education,mazovia,11-50,minderedu.com
poland,1991,tapflo-polska,mechanical or industrial engineering,linkedin.com/company/tapflo-polska,pomorskie,tapflo polska | pompy i rozwiązania pompowe przemysłowe i higieniczne,west pomerania,51-200,tapflo.com.pl
poland,1993,aplitt-s-a-,information services,linkedin.com/company/aplitt-s-a-,gdansk,aplitt s.a.,pomorskie,501-1000,tfskok.pl
poland,2014,pallza,packaging and containers,linkedin.com/company/pallza,kaniow,pallza,slaskie,11-50,pallza.eu
poland,"",revis-s-c-,"",linkedin.com/company/revis-s-c-,"",revis s.c.,"",1-10,revis.pl
poland,"",maxkomfort,"",linkedin.com/company/maxkomfort,"",maxkomfort,"",11-50,maxkomfort.com
poland,2015,codepany,internet,linkedin.com/company/codepany,katowice,codepany,slaskie,1-10,codepany.com
poland,2014,dermatic-pl,retail,linkedin.com/company/dermatic-pl,poznan,dermatic.pl,wielkopolskie,11-50,dermatic.pl
poland,"",niepubliczna-przychodnia-psychologiczno-pedagogiczna-i-rehabilitacyjna-asq,medical practice,linkedin.com/company/niepubliczna-przychodnia-psychologiczno-pedagogiczna-i-rehabilitacyjna-asq,wolomin,niepubliczna przychodnia psychologiczno-pedagogiczna i rehabilitacyjna asq,mazowieckie,11-50,asqporadnia.pl
poland,"",europeum-hotel,hospitality,linkedin.com/company/europeum-hotel,wroclaw,europeum hotel,dolnoslaskie,11-50,europeum.pl
poland,"",national-medicines-institute,pharmaceuticals,linkedin.com/company/national-medicines-institute,warsaw,national medicines institute,mazovia,201-500,il.waw.pl
poland,2016,tygrysy-biznesu,newspapers,linkedin.com/company/tygrysy-biznesu,warsaw,magazyn tygrysy biznesu,mazovia,1-10,tygrysybiznesu.com.pl
poland,"",mat-dania-sp-z-o-o,machinery,linkedin.com/company/mat-dania-sp-z-o-o,slupno,mat dania sp. z o.o.,mazowieckie,51-200,""
poland,2015,po-wiśle,entertainment,linkedin.com/company/po-wiśle,warsaw,po wiśle,mazowieckie,1-10,po-wisle.pl
poland,"",wintringham-school,education management,linkedin.com/company/wintringham-school,"",wintringham school,"",1-10,""
poland,"",stoke-heath-primary-school,education management,linkedin.com/company/stoke-heath-primary-school,"",stoke heath primary school,"",11-50,""
poland,2018,lodestone-investments,commercial real estate,linkedin.com/company/lodestone-investments,warsaw,lodestone investments,mazowieckie,1-10,lodestone-investments.com
poland,1991,cft-polska,computer software,linkedin.com/company/cft-polska,tychy,cft polska,slaskie,51-200,cftpolska.pl
poland,"",new-moon-talent,staffing and recruiting,linkedin.com/company/new-moon-talent,warsaw,new moon talent,mazovia,1-10,newmoontalent.com
poland,1994,advisor-technologie-informatyczne,information technology and services,linkedin.com/company/advisor-technologie-informatyczne,poznan,advisor technologie informatyczne,wielkopolskie,11-50,advisor.pl
poland,2012,jamiński-zespół-indeksacyjny,civic & social organization,linkedin.com/company/jamiński-zespół-indeksacyjny,augustow,jamiński zespół indeksacyjny,podlaskie,1-10,""
poland,"",orlen-oil-sp--z-o-o-,oil & energy,linkedin.com/company/orlen-oil-sp--z-o-o-,"",orlen oil sp. z o.o.,"",201-500,orlenoil.pl
poland,2019,s-machines,mechanical or industrial engineering,linkedin.com/company/s-machines,zamosc,s-machines,lubelskie,11-50,s-machines.pl
poland,1992,drukpol-flexo-sp,printing,linkedin.com/company/drukpol-flexo-sp,nowy dwor mazowiecki,drukpol.flexo,mazowieckie,201-500,drukpolflexo.pl
poland,2013,suma-architekt-w,architecture & planning,linkedin.com/company/suma-architekt-w,"",suma architektów,lesser poland voivodeship,1-10,sumaarchitektow.pl
poland,2010,symmetry-sp--z-o-o-,information technology and services,linkedin.com/company/symmetry-sp--z-o-o-,warsaw,symmetry sp. z o.o.,mazovia,51-200,symmetry.pl
poland,2011,foundation-it-leader-club-poland,non-profit organization management,linkedin.com/company/foundation-it-leader-club-poland,warsaw,foundation it leader club poland,mazowieckie,11-50,itleader.org.pl
poland,2011,wec-public-relations,public relations and communications,linkedin.com/company/wec-public-relations,"",wec public relations,lesser poland voivodeship,1-10,wec24.pl
poland,2013,pantarey-foundation,international affairs,linkedin.com/company/pantarey-foundation,warsaw,pantarey foundation,mazovia,11-50,pantarey.org
poland,"",takduzogenialnejmuzyki,entertainment,linkedin.com/company/takduzogenialnejmuzyki,wroclaw,tak dużo genialnej muzyki,dolnoslaskie,1-10,""
poland,2016,bohoboco-perfume,cosmetics,linkedin.com/company/bohoboco-perfume,warsaw,bohoboco • perfume,mazowieckie,11-50,""
poland,2016,studio-ip-iwona-pawłowska,international trade and development,linkedin.com/company/studio-ip-iwona-pawłowska,warsaw,studio ip iwona pawłowska,mazowieckie,1-10,iwonapawlowska.pl
poland,"",mobo-architekt-wnętrz,architecture & planning,linkedin.com/company/mobo-architekt-wnętrz,szczecin,mobo architekt wnętrz,zachodniopomorskie,11-50,mobo-arch.pl
poland,2003,stabos-sp.-z-o.o.,renewables & environment,linkedin.com/company/stabos-sp.-z-o.o.,szczecin,stabos sp. z o.o.,zachodniopomorskie,11-50,stabos.pl
poland,"",big-city-broker,real estate,linkedin.com/company/big-city-broker,lublin,big city broker,lubelskie,11-50,bigcitybroker.pl
poland,1994,sylva-drewno,paper & forest products,linkedin.com/company/sylva-drewno,pomorskie,sylvadrewno,west pomerania,201-500,sylvadrewno.com
poland,2010,evoenergypl,renewables & environment,linkedin.com/company/evoenergypl,mlawa,evoenergy,mazowieckie,11-50,evoenergy.pl
poland,2012,iehr-eu,information technology and services,linkedin.com/company/iehr-eu,wiazowna,iehr.eu,mazovia,1-10,iehr.eu
poland,2016,ipp-management,financial services,linkedin.com/company/ipp-management,warsaw,ipp management,mazovia,1-10,ippmanagement.pl
poland,1989,cryospace,"health, wellness and fitness",linkedin.com/company/cryospace,"",cryospace,"",201-500,cryospace.eu
poland,2003,bssg,information technology and services,linkedin.com/company/bssg,warsaw,bssg,mazowieckie,11-50,bssg.pl
poland,2016,voight-interiors,architecture & planning,linkedin.com/company/voight-interiors,warsaw,voight interiors,mazovia,1-10,voight.pl
poland,1992,emiter,electrical/electronic manufacturing,linkedin.com/company/emiter,zgierz,zakład usługowo-produkcyjny emiter sp. j.,łódź voivodeship,201-500,emiter.com
poland,1919,pko-bp,banking,linkedin.com/company/pko-bp,warsaw,pko bank polski,mazowieckie,10001+,pkobp.pl
poland,"",deni-cler,internet,linkedin.com/company/deni-cler,"",deni cler,"",1-10,""
poland,2000,centrum-systemów-informacyjnych-ochrony-zdrowia,government administration,linkedin.com/company/centrum-systemów-informacyjnych-ochrony-zdrowia,warsaw,centrum systemów informacyjnych ochrony zdrowia,mazowieckie,11-50,""
poland,1993,lazarski-university,education management,linkedin.com/company/lazarski-university,warsaw,lazarski university,mazovia,201-500,lazarski.pl
poland,2017,influential.com.pl,professional training & coaching,linkedin.com/company/influential.com.pl,warsaw,influential,mazovia,1-10,influential.com.pl
poland,"",pge-s.a.,mining & metals,linkedin.com/company/pge-s.a.,"",pge polska grupa energetyczna,"",10001+,gkpge.pl
poland,"",nissan-nivette,management consulting,linkedin.com/company/nissan-nivette,"",nissan nivette,mazovia,11-50,nivette.pl
poland,"",mega-sp-z-o-o-,"",linkedin.com/company/mega-sp-z-o-o-,"",mega sp. z o.o.,"",51-200,megabelzyce.pl
poland,2001,stowarzyszenie-wiosna,civic & social organization,linkedin.com/company/stowarzyszenie-wiosna,"",stowarzyszenie wiosna,"",10001+,wiosna.org.pl
poland,"",technopol-group-sp-z-o-o-,"",linkedin.com/company/technopol-group-sp-z-o-o-,"",technopol group sp. z o.o.,"",11-50,technopol.com.pl
poland,2007,bus1,transportation/trucking/railroad,linkedin.com/company/bus1,warsaw,bus1,mazovia,51-200,bus1.com
poland,2010,easthunter,outsourcing/offshoring,linkedin.com/company/easthunter,bydgoszcz,easthunter.pl,kujawsko-pomorskie,1-10,easthunter.pl
poland,"",doris-spa,hospitality,linkedin.com/company/doris-spa,"",doris spa,"",1-10,dorisspa.pl
poland,2017,autoagencja,automotive,linkedin.com/company/autoagencja,warsaw,auto agencja,mazowieckie,1-10,autoagencja.pl
poland,2008,88consulting,marketing and advertising,linkedin.com/company/88consulting,"",88consulting,mazovia,1-10,88consulting.eu
poland,2009,phimar-process-engineering,food & beverages,linkedin.com/company/phimar-process-engineering,piaseczno,phimar polska sp. z o. o.,mazowieckie,11-50,phimar.eu
poland,"",szypryt,"",linkedin.com/company/szypryt,"",szypryt,"",11-50,szypryt.pl
poland,2013,warsaw-beijing-forum,non-profit organization management,linkedin.com/company/warsaw-beijing-forum,warsaw,warsaw-beijing forum,mazowieckie,11-50,warsaw-beijing.pl
poland,2019,digitalrocketmedia,marketing and advertising,linkedin.com/company/digitalrocketmedia,sosnowiec,digital rocket,slaskie,1-10,digitalrocket.cc
poland,1722,kuhne-polska,food production,linkedin.com/company/kuhne-polska,walbrzych,kuhne polska,dolnoslaskie,1001-5000,kuehne-international.com
poland,"",prosperitytime,financial services,linkedin.com/company/prosperitytime,warsaw,prosperity time sp. z o.o.,mazowieckie,1-10,prosperitytime.pl
poland,2007,primeglobal,information technology and services,linkedin.com/company/primeglobal,wroclaw,primeglobal,dolnoslaskie,11-50,primeglobal.pl
poland,1988,fonbud,telecommunications,linkedin.com/company/fonbud,wroclaw,fonbud,dolnoslaskie,51-200,fonbud.com.pl
poland,2014,kmk-roboty-przemysłowe,mechanical or industrial engineering,linkedin.com/company/kmk-roboty-przemysłowe,warsaw,kmk roboty przemysłowe,mazovia,1-10,kmkrp.pl
poland,2013,shake-hands-agency,marketing and advertising,linkedin.com/company/shake-hands-agency,warsaw,shake hands,mazowieckie,1-10,shakehands.pl
poland,"",portos-sp-j-,"",linkedin.com/company/portos-sp-j-,"",portos sp.j/,"",11-50,""
poland,2011,4sync,information technology and services,linkedin.com/company/4sync,warsaw,4sync,mazowieckie,11-50,4sync.com
poland,2003,saganconsulting,financial services,linkedin.com/company/saganconsulting,oswiecim,sagan consulting,malopolskie,1-10,saganconsulting.pl
poland,2012,dip-polska,building materials,linkedin.com/company/dip-polska,pomorskie,dip polska,west pomerania,11-50,ogrodzenia-przenosne.pl
poland,"",ulmer,"",linkedin.com/company/ulmer,"",ulmer,"",11-50,ulmer.pl
poland,2004,image-line-communications-pr,public relations and communications,linkedin.com/company/image-line-communications-pr,"",image line communications pr,"",1-10,imageline.pl
poland,2017,cavatina-partners,architecture & planning,linkedin.com/company/cavatina-partners,kraków,cavatina & partners,lesser poland voivodeship,11-50,cavatina-partners.com
poland,1993,maruta-wachta,law practice,linkedin.com/company/maruta-wachta,warsaw,maruta wachta sp.j.,mazowieckie,51-200,maruta.pl
poland,2009,tara-consulting,staffing and recruiting,linkedin.com/company/tara-consulting,warsaw,tara consulting,mazovia,1-10,tarahrc.com
poland,2005,doktor-gsm,retail,linkedin.com/company/doktor-gsm,warsaw,doktor gsm,mazowieckie,1-10,doktorgsm.pl
poland,"",adrian-fabryka-rajstop,retail,linkedin.com/company/adrian-fabryka-rajstop,zgierz,adrian fabryka rajstop,łódź voivodeship,11-50,adrian-rajstopy.pl
poland,1990,automatic-systems-engineering-sp.-z-o.o.,industrial automation,linkedin.com/company/automatic-systems-engineering-sp.-z-o.o.,gdansk,ase - automatic systems engineering sp. z o.o.,pomorskie,11-50,ase.com.pl
poland,2005,ambrożuk-dąbrowski-garnowski-wesołowski-radcowie-prawni-spółka-partnerska,law practice,linkedin.com/company/ambrożuk-dąbrowski-garnowski-wesołowski-radcowie-prawni-spółka-partnerska,szczecin,"ambrożuk, dąbrowski, garnowski, wesołowski radcowie prawni spółka partnerska",zachodniopomorskie,11-50,prawni.pl
poland,"",skwp-krakow,financial services,linkedin.com/company/skwp-krakow,kraków,akademia outsourcingu skwp / stowarzyszenie księgowych w polsce ( kraków),lesser poland voivodeship,11-50,skwp.krakow.pl
poland,2014,lfpindustrialsolutions,machinery,linkedin.com/company/lfpindustrialsolutions,wroclaw,lfp industrial solutions sp. z o.o.,dolnoslaskie,11-50,lfp-industrial.pl
poland,2013,view-sp-z-o-o-,marketing and advertising,linkedin.com/company/view-sp-z-o-o-,otrebusy,view sp. z o.o.,mazowieckie,1-10,v-reklama.pl
poland,1995,acartus-s-a-,accounting,linkedin.com/company/acartus-s-a-,"",acartus s.a.,"",11-50,acartus.pl
poland,2009,exposs-sp.-z-o.o.,marketing and advertising,linkedin.com/company/exposs-sp.-z-o.o.,"",exposs sp. z o.o.,"",11-50,exposs.pl
poland,2007,national-stadium-warsaw,sports,linkedin.com/company/national-stadium-warsaw,warsaw,pge narodowy,mazowieckie,51-200,""
poland,2011,unidoc,information technology and services,linkedin.com/company/unidoc,bydgoszcz,unidoc,kujawsko-pomorskie,11-50,unidocsoft.com
poland,2010,redexperts,internet,linkedin.com/company/redexperts,"",redexperts,"",11-50,redexperts.co
poland,2010,nurte,information technology and services,linkedin.com/company/nurte,warsaw,nurte,mazovia,1-10,nurte.com
poland,2017,navimarine,maritime,linkedin.com/company/navimarine,gdynia,navi marine ltd,pomorskie,1-10,navi-marine.pl
poland,"",northstar-poland-sp-z-o-o-,"glass, ceramics & concrete",linkedin.com/company/northstar-poland-sp-z-o-o-,"",northstar poland sp. z o.o.,"",1-10,northstar.pl
poland,2015,mikelangelo,computer software,linkedin.com/company/mikelangelo,wroclaw,mikelangelo,dolnoslaskie,11-50,mikelangelo-project.eu
poland,2009,dcgroup-sp-z-o-o-,financial services,linkedin.com/company/dcgroup-sp-z-o-o-,"",del group sp. z o.o.,mazovia,11-50,dcgroup.pl
poland,2009,4directions-ip,human resources,linkedin.com/company/4directions-ip,wroclaw,4directions ip,dolnoslaskie,1-10,4directions.pl
poland,2006,cameron-sp.-z-o.o.,publishing,linkedin.com/company/cameron-sp.-z-o.o.,"",cameron sp. z o.o.,mazovia,1-10,cameron.com.pl
poland,2003,staypoland,"leisure, travel & tourism",linkedin.com/company/staypoland,warsaw,staypoland,mazovia,11-50,staypoland.com
poland,2016,smartwaysrecruitment,human resources,linkedin.com/company/smartwaysrecruitment,cracow,smartways (smartways.io),malopolskie,11-50,smartways.io
poland,1999,grzegrzółka&ko-spółka-jawna,marketing and advertising,linkedin.com/company/grzegrzółka&ko-spółka-jawna,warsaw,grzegrzółka&ko spółka jawna,mazovia,1-10,grzegrzolka.pl
poland,"",agroleo-consulting,renewables & environment,linkedin.com/company/agroleo-consulting,"",agroleo consulting,"",1-10,agroleoconsulting.com
poland,2016,lifestylemedicinefoundation,hospital & health care,linkedin.com/company/lifestylemedicinefoundation,warsaw,lifestyle medicine foundation (fundacja medycyny stylu życia),mazowieckie,1-10,lifestyle-medicine.pl
poland,2011,hmd-consulting,management consulting,linkedin.com/company/hmd-consulting,warsaw,hmd consulting,mazowieckie,11-50,hmd-consulting.com
poland,2013,egzotech-sp-z-o-o-,medical devices,linkedin.com/company/egzotech-sp-z-o-o-,gliwice,egzotech sp. z o.o.,silesia,11-50,egzotech.com
poland,1990,urząd-miejski-w-sędziszowie,government administration,linkedin.com/company/urząd-miejski-w-sędziszowie,"",urząd miejski w sędziszowie,swietokrzyskie,51-200,""
poland,2005,moore-stephens-central-audit-sp.-z-o.o.,accounting,linkedin.com/company/moore-stephens-central-audit-sp.-z-o.o.,warsaw,moore stephens central audit,mazowieckie,11-50,msca.pl
poland,"",termap,"",linkedin.com/company/termap,"",termap,"",11-50,termap.pl
poland,2019,grasta,information technology and services,linkedin.com/company/grasta,gliwice,grasta,slaskie,1-10,grasta.pl
poland,2012,boxofads-com,marketing and advertising,linkedin.com/company/boxofads-com,wroclaw,boxofads.com,dolnoslaskie,11-50,boxofads.com
poland,"",paleton,marketing and advertising,linkedin.com/company/paleton,"",paleton,mazovia,1-10,paleton.pl
poland,"",gabos-centrum-medyczne,hospital & health care,linkedin.com/company/gabos-centrum-medyczne,piekary slaskie,gabos centrum medyczne,slaskie,51-200,gaboscm.pl
