country,founded,id,industry,linkedin_url,locality,name,region,size,website
portugal,2016,dynamik---tecnologias-e-comunicação,information technology and services,linkedin.com/company/dynamik---tecnologias-e-comunicação,ilhavo,dynamik - tecnologias e comunicação,aveiro,1-10,""
portugal,2015,psicologia-digital,"health, wellness and fitness",linkedin.com/company/psicologia-digital,portimão,psicologia digital,faro,1-10,psicologiadigital.net
portugal,2011,loopaudiovisual,motion pictures and film,linkedin.com/company/loopaudiovisual,lisbon,loop audiovisual studio,lisbon,1-10,loopaudiovisual.com
portugal,"",amadeu-ferreira-da-silva-lda,renewables & environment,linkedin.com/company/amadeu-ferreira-da-silva-lda,lisbon,"amadeu ferreira da silva, lda",lisbon,1-10,afs-ascensores.com
portugal,2017,anepbpt-associação-nacional-dos-estudantes-e-pesquisadores-brasileiros-em-portugal,higher education,linkedin.com/company/anepbpt-associação-nacional-dos-estudantes-e-pesquisadores-brasileiros-em-portugal,"",anepbpt - associação nacional dos estudantes e pesquisadores brasileiros em portugal,braganca,11-50,anepbp.org
portugal,"",central-de-compras-electr-nicas-da-rea-metropolitana-de-lisboa,government administration,linkedin.com/company/central-de-compras-electr-nicas-da-rea-metropolitana-de-lisboa,"",central de compras electrónicas da área metropolitana de lisboa,"",11-50,""
portugal,1995,ubineec,higher education,linkedin.com/company/ubineec,covilha,ubineec- núcleo de estudantes de economia da ubi,castelo branco,11-50,""
portugal,"",emarp,"",linkedin.com/company/emarp,"",emarp,"",51-200,emarp.pt
portugal,"",fernando-roda-lda,"",linkedin.com/company/fernando-roda-lda,"",fernando roda lda,"",11-50,fernandoroda.pt
portugal,"",salvor-s-a-,"",linkedin.com/company/salvor-s-a-,lisbon,salvor s.a.,lisbon,1-10,""
portugal,"",federação-portuguesa-de-aikido,internet,linkedin.com/company/federação-portuguesa-de-aikido,carcavelos,federação portuguesa de aikido,lisbon,11-50,fpaikido.pt
portugal,2008,sa-formacao,professional training & coaching,linkedin.com/company/sa-formacao,torres vedras,sa formação,lisbon,51-200,sa-formacao.pt
portugal,2017,strategic-fawnders,management consulting,linkedin.com/company/strategic-fawnders,matosinhos,strategic fawnders,porto,1-10,strategicfawnders.pt
portugal,2008,imogain-sa,commercial real estate,linkedin.com/company/imogain-sa,"","imogain, sa","",1-10,imogain.pt
portugal,2005,corrisiel-lda,design,linkedin.com/company/corrisiel-lda,oeiras,"corrisiel - imobilíaria, importação, exportação,lda",lisbon,11-50,contento.com.pt
portugal,2000,hpztavira,information technology and services,linkedin.com/company/hpztavira,tavira,hpz ricoh,faro,11-50,hpz.pt
portugal,2009,grupo-ccra,restaurants,linkedin.com/company/grupo-ccra,lisbon,grupo ccra,lisbon,51-200,ccragroup.com
portugal,2016,gata-comunicação,marketing and advertising,linkedin.com/company/gata-comunicação,lisbon,gata /// comunicação,lisbon,1-10,gata.pt
portugal,1998,via-directa,insurance,linkedin.com/company/via-directa,lisbon,via directa,lisbon,51-200,viadirecta.pt
portugal,2003,anywind,renewables & environment,linkedin.com/company/anywind,"",anywind,"",201-500,anywind.com
portugal,"",next-proaudio,consumer electronics,linkedin.com/company/next-proaudio,rio tinto,next-proaudio,porto,1-10,next-proaudio.com
portugal,2009,sysnovare,information technology and services,linkedin.com/company/sysnovare,"",sysnovare - innovative solutions s.a.,porto,11-50,sysnovare.pt
portugal,1948,marcal_homedecorproducts,building materials,linkedin.com/company/marcal_homedecorproducts,porto,marçal home decor products,porto,51-200,marcalfilhos.pt
portugal,2018,hdp-consulting-lda,marketing and advertising,linkedin.com/company/hdp-consulting-lda,fontinha,hdp consulting lda,coimbra,1-10,hdpconsulting.pt
portugal,1989,drc-data-risk-and-consulting,information technology and services,linkedin.com/company/drc-data-risk-and-consulting,carnaxide,drc data risk and consulting,lisbon,1-10,""
portugal,2013,web2business,internet,linkedin.com/company/web2business,"",web2business,braga,1-10,web2business.pt
portugal,"",in-situ-conserva-o-de-bens-culturais,museums and institutions,linkedin.com/company/in-situ-conserva-o-de-bens-culturais,rio de mouro,in situ conservação de bens culturais,lisbon,11-50,insitu.pt
portugal,2017,cuddle-home,textiles,linkedin.com/company/cuddle-home,"",cuddle home,porto,1-10,cuddle-home.com
portugal,1953,megasa-megasider,mining & metals,linkedin.com/company/megasa-megasider,portugal,megasa portugal,portalegre,501-1000,""
portugal,1994,pse---produtos-e-servi-os-de-estat-stica-lda,information technology and services,linkedin.com/company/pse---produtos-e-servi-os-de-estat-stica-lda,lisbon,"pse - produtos e serviços de estatística, lda",lisbon,11-50,pse.pt
portugal,2015,brandhunters,marketing and advertising,linkedin.com/company/brandhunters,lisbon,brandhunters,lisbon,1-10,brandhunters.net
portugal,2018,goitconcept,information technology and services,linkedin.com/company/goitconcept,oliveira de azemeis,go it concept,aveiro,1-10,goitconcept.com
portugal,1995,speakwell,professional training & coaching,linkedin.com/company/speakwell,parede,cli - consultores de línguas - cursos speakwell,lisbon,11-50,speakwell.pt
portugal,2009,chlorus,online media,linkedin.com/company/chlorus,porto,chlorus,porto,1-10,wos-chlorus.com
portugal,2017,invesport-real-estate,real estate,linkedin.com/company/invesport-real-estate,campo grande,invesport real estate,viana do castelo,1-10,invesportgroup.com
portugal,1991,latino-coelho-87-business-center,commercial real estate,linkedin.com/company/latino-coelho-87-business-center,lisbon,latino coelho 87 business center,lisbon,1-10,latinocoelho87.pt
portugal,2000,área-pedagógica,human resources,linkedin.com/company/área-pedagógica,lisbon,área pedagógica,lisbon,11-50,areapedagogica.com
portugal,2013,owlpharma-consulting-lda,pharmaceuticals,linkedin.com/company/owlpharma-consulting-lda,"",owlpharma,coimbra,11-50,owlpharma.pt
portugal,2012,inspirart-lda,design,linkedin.com/company/inspirart-lda,amadora,inspirart lda,lisbon,1-10,inspirart.pt
portugal,2020,projaqk,design,linkedin.com/company/projaqk,guimarães,projaqk,braga,1-10,projaqk.com
portugal,2007,sos-animal---grupo-de-socorro-animal-de-portugal,non-profit organization management,linkedin.com/company/sos-animal---grupo-de-socorro-animal-de-portugal,lisbon,sos animal - grupo de socorro animal de portugal,lisbon,11-50,sosanimal.com
portugal,"",unixira,human resources,linkedin.com/company/unixira,vila franca de xira,unixira,lisbon,11-50,unixira.pt
portugal,1998,associação-juvenil-cume,non-profit organization management,linkedin.com/company/associação-juvenil-cume,arganil,associação juvenil c.u.m.e,coimbra,11-50,ajcume.pt
portugal,1983,rorene,textiles,linkedin.com/company/rorene,valongo,rorene confeções lda,porto,51-200,rorene.pt
portugal,2008,united-resins-sa,chemicals,linkedin.com/company/united-resins-sa,figueira da foz,united resins sa,coimbra,11-50,unitedresins.com
portugal,2019,here4you,telecommunications,linkedin.com/company/here4you,azambuja,here4you - soluções empresariais,lisbon,1-10,""
portugal,2013,cafeína,marketing and advertising,linkedin.com/company/cafeína,vila do conde,cafeína,porto,11-50,cafeina.ec
portugal,2003,cdca,law practice,linkedin.com/company/cdca,lisbon,cdca,lisbon,1-10,cdca.com.pt
portugal,2004,associa-o-viver-a-ci-ncia,fund-raising,linkedin.com/company/associa-o-viver-a-ci-ncia,lisbon,associação viver a ciência,lisbon,1-10,viveraciencia.org
portugal,2008,elergone-energia-lda,renewables & environment,linkedin.com/company/elergone-energia-lda,leca da palmeira,"elergone energia, lda",porto,11-50,elergone.pt
portugal,"",especial-1-segurança-privada-s.a,"",linkedin.com/company/especial-1-segurança-privada-s.a,olhao,"especial 1, segurança privada s.a",faro,1-10,""
portugal,"",futuro-feliz-em-fam-lia-apoio-domicili-rio-e-ajudas-t-cnicas,hospital & health care,linkedin.com/company/futuro-feliz-em-fam-lia-apoio-domicili-rio-e-ajudas-t-cnicas,"",futuro feliz em família-apoio domiciliário e ajudas técnicas,"",11-50,fff.pt
portugal,2014,socold-lda.,mechanical or industrial engineering,linkedin.com/company/socold-lda.,ovar,socold lda.,aveiro,11-50,socold.pt
portugal,2014,home-hunting,internet,linkedin.com/company/home-hunting,lisbon,home hunting lisboa,lisbon,11-50,homehunting.pt
portugal,2013,completamente,"health, wellness and fitness",linkedin.com/company/completamente,almada,completamente - saúde & educação,setubal,1-10,completamente.pt
portugal,2016,terzihan,luxury goods & jewelry,linkedin.com/company/terzihan,"",terzihan,lisbon,11-50,terzihan.com
portugal,2002,bee-consulting-lda,human resources,linkedin.com/company/bee-consulting-lda,"","bee consulting, lda",porto,1-10,bee.pt
portugal,"",gerauxilio,individual & family services,linkedin.com/company/gerauxilio,carcavelos,"gerauxílio - serviço de apoio domiciliário, unipessoal lda.",lisbon,11-50,gerauxilio.pt
portugal,"",talentship-forma-o-e-gest-o-de-talentos,human resources,linkedin.com/company/talentship-forma-o-e-gest-o-de-talentos,lisbon,talentship - recrutamento e gestão de talentos,lisbon,11-50,talentship.com.pt
portugal,2017,blue-tale,furniture,linkedin.com/company/blue-tale,gaia,blue tale,castelo branco,1-10,blue-tale.com
portugal,2011,sefrea-com---systems-engineering-and-software-development-,information technology and services,linkedin.com/company/sefrea-com---systems-engineering-and-software-development-,freamunde,sefrea - systems engineering and software development.,porto,1-10,sefrea.com
portugal,1999,fundação-do-gil,non-profit organization management,linkedin.com/company/fundação-do-gil,lisbon,fundação do gil,lisbon,11-50,fundacaodogil.pt
portugal,2018,quinta-da-comporta,hospitality,linkedin.com/company/quinta-da-comporta,carvalhal,quinta da comporta - wellness boutique resort,setubal,51-200,guestcentric.net
portugal,"",resiquimica,chemicals,linkedin.com/company/resiquimica,"",resiquimica,"",51-200,resiquimica.pt
portugal,"",sofamóvel,furniture,linkedin.com/company/sofamóvel,pataias,sofamóvel,leiria,51-200,sofamovel.com
portugal,"",hto-portugal,"",linkedin.com/company/hto-portugal,"",hto portugal,"",1-10,htoportugal.com
portugal,2009,aromáticas-vivas,farming,linkedin.com/company/aromáticas-vivas,"",aromáticas vivas,viana do castelo,1-10,""
portugal,2016,cinquentaedois,arts and crafts,linkedin.com/company/cinquentaedois,estoril,cinquenta e dois,lisbon,1-10,cinquentaedois.com
portugal,1995,corticeira-viking-importação-e-exportação-lda,paper & forest products,linkedin.com/company/corticeira-viking-importação-e-exportação-lda,rio meao,corticeira viking - importação e exportação lda,aveiro,11-50,corticeiraviking.pt
portugal,2005,colégio-são-filipe,primary/secondary education,linkedin.com/company/colégio-são-filipe,"",colégio são filipe,setubal,11-50,saofilipe.pt
portugal,"",condi-alimentar,food & beverages,linkedin.com/company/condi-alimentar,camarate,condi alimentar,lisbon,201-500,condi.pt
portugal,"",tribunais-judiciais,judiciary,linkedin.com/company/tribunais-judiciais,"",tribunais judiciais,"",501-1000,""
portugal,"",jdoisj-sociedade-de-mediação-de-seguros-lda,insurance,linkedin.com/company/jdoisj-sociedade-de-mediação-de-seguros-lda,agueda,jdoisj sociedade de mediação de seguros lda,aveiro,1-10,""
portugal,2012,weadvice,marketing and advertising,linkedin.com/company/weadvice,oeiras,weadvice,lisbon,11-50,weadvice.pt
portugal,2011,sul-informação,newspapers,linkedin.com/company/sul-informação,faro,sul informação,faro,1-10,sulinformacao.pt
portugal,"",magnify-equity-operating-partners,investment banking,linkedin.com/company/magnify-equity-operating-partners,portugal,magnify partners,portalegre,1-10,magnify.partners
portugal,2015,afuturocerto,philanthropy,linkedin.com/company/afuturocerto,belas,associação futuro certo,lisbon,11-50,afuturocerto.org
portugal,2017,imdigital-consultoria,management consulting,linkedin.com/company/imdigital-consultoria,"",imdigital - consultoria e inovação,porto,1-10,imdigital.pt
portugal,2003,basilaris,professional training & coaching,linkedin.com/company/basilaris,sao domingos de rana,basilaris,lisboa,11-50,basilaris.com
portugal,"",sociedade-hípica-portuguesa,civic & social organization,linkedin.com/company/sociedade-hípica-portuguesa,lisbon,sociedade hípica portuguesa,lisbon,11-50,sociedadehipica.pt
portugal,1964,colégiopaulovi,primary/secondary education,linkedin.com/company/colégiopaulovi,gondomar,colégio paulo vi,porto,51-200,colegiopaulovi.com
portugal,2014,best-horizon,venture capital & private equity,linkedin.com/company/best-horizon,lisbon,best horizon,lisbon,1-10,besthorizon.pt
portugal,2018,lewk-inc,computer games,linkedin.com/company/lewk-inc,lisbon,lewk inc.,lisbon,1-10,lewk.pt
portugal,2011,promptar,computer software,linkedin.com/company/promptar,parede,promptar,lisbon,1-10,promptar.com
portugal,2018,pinto-ribeiro-advogados,law practice,linkedin.com/company/pinto-ribeiro-advogados,portugal,pinto ribeiro advogados,portalegre,11-50,pintoribeiro.pt
portugal,1990,joshua´s-shoarma-grill,restaurants,linkedin.com/company/joshua´s-shoarma-grill,alcabideche,joshua´s shoarma grill,lisbon,201-500,joshuas.pt
portugal,"",toworkfor,textiles,linkedin.com/company/toworkfor,guimarães,toworkfor,braga,51-200,toworkfor.pt
portugal,"",números-que-falam---fiscalidade-e-gestão,accounting,linkedin.com/company/números-que-falam---fiscalidade-e-gestão,lourinha,números que falam - fiscalidade e gestão,lisboa,1-10,numerosquefalam.pt
portugal,2020,cabulasdonegocio,management consulting,linkedin.com/company/cabulasdonegocio,"",cábulas do negócio,lisbon,1-10,""
portugal,"",junta-de-freguesia-de-s-joao-da-madeira,government administration,linkedin.com/company/junta-de-freguesia-de-s-joao-da-madeira,"",junta de freguesia de s. joão da madeira,aveiro,1-10,fsjm.pt
portugal,2006,white_way,design,linkedin.com/company/white_way,oeiras,white_brand services,lisbon,11-50,white.com.pt
portugal,"",real-saboaria,luxury goods & jewelry,linkedin.com/company/real-saboaria,"",real saboaria,"",1-10,""
portugal,1990,advance-station,education management,linkedin.com/company/advance-station,"",advance station,porto,11-50,advancestation.pt
portugal,"",iplnt,education management,linkedin.com/company/iplnt,"",iplnt - instituto português de línguas e novas tecnologias,porto,11-50,iplnt.pt
portugal,2016,digitalowl,marketing and advertising,linkedin.com/company/digitalowl,lisbon,digitalowl,lisbon,1-10,digitalowl.pt
portugal,2011,amutgondomar,civic & social organization,linkedin.com/company/amutgondomar,gondomar,amut associação mutualista de gondomar,porto,11-50,amut.pt
portugal,"",longo-indústria-alimentar-de-carnes-lda,food & beverages,linkedin.com/company/longo-indústria-alimentar-de-carnes-lda,vila nova de famalicao,longo-indústria alimentar de carnes lda,braga,1-10,""
portugal,"",câmara-de-comércio-e-indústria-luso-russa,international trade and development,linkedin.com/company/câmara-de-comércio-e-indústria-luso-russa,"",ccilr - chamber of commerce and industry luso-russian,lisbon,1-10,russiaportugal.org
portugal,2015,one-select-properties,real estate,linkedin.com/company/one-select-properties,loule,one select properties,faro,1-10,oneselectproperties.com
portugal,1942,carlos-santos-shoes,luxury goods & jewelry,linkedin.com/company/carlos-santos-shoes,portugal,carlos santos shoes,portalegre,201-500,santosshoes.com
portugal,2011,tangente-sas,management consulting,linkedin.com/company/tangente-sas,fronteira,tangente sas,faro,1-10,tangente.com.co
portugal,"",justino-alexandre-sardinha-lda,facilities services,linkedin.com/company/justino-alexandre-sardinha-lda,lisbon,"justino alexandre sardinha, lda",lisbon,1-10,jasardinha.pt
portugal,2012,cardpresso,information technology and services,linkedin.com/company/cardpresso,"",cardpresso,madeira,11-50,cardpresso.com
portugal,2005,fneec,civil engineering,linkedin.com/company/fneec,porto,federação nacional de estudantes de engenharia civil,porto,1-10,fneec.org
portugal,1964,maniindustriasplasticas,packaging and containers,linkedin.com/company/maniindustriasplasticas,aldeia de paio pires,"mani industrias plasticas, sa",setubal,51-200,mani.pt
portugal,2013,ctl-portugal,civil engineering,linkedin.com/company/ctl-portugal,lisbon,ctl portugal,lisbon,11-50,cte-sa.com
portugal,2000,biz-group,financial services,linkedin.com/company/biz-group,lisbon,biz group,lisbon,11-50,bizgroup.eu
portugal,2016,noxinova,mining & metals,linkedin.com/company/noxinova,lagares,noxinova,porto,11-50,noxinova.com
portugal,2012,everglee,information technology and services,linkedin.com/company/everglee,"",everglee,"",1-10,everglee.pt
portugal,2017,elusa,oil & energy,linkedin.com/company/elusa,sintra,elusa,lisbon,1-10,elusa.pt
portugal,"",chetocorporation,machinery,linkedin.com/company/chetocorporation,"",chetocorporation,"",11-50,cheto.eu
portugal,1975,glaciar-water,food & beverages,linkedin.com/company/glaciar-water,marco,glaciar water,faro,11-50,glaciarwater.com
portugal,1994,ovalordotempo,retail,linkedin.com/company/ovalordotempo,murtosa,grupo o valor do tempo,aveiro,201-500,ovalordotempo.pt
portugal,"",imoplasticgroup,plastics,linkedin.com/company/imoplasticgroup,marinha grande,imoplasticgroup,leiria,51-200,imoplasticgroup.pt
portugal,2005,myid---publicidade-lda,marketing and advertising,linkedin.com/company/myid---publicidade-lda,trofa,"myid - publicidade, lda",porto,11-50,""
portugal,"",cpgp1995,museums and institutions,linkedin.com/company/cpgp1995,sao caetano,centro português de geo-história e pré-história,coimbra,1-10,cpgp.pt
portugal,1940,a-electrificadora,business supplies and equipment,linkedin.com/company/a-electrificadora,esmoriz,a electrificadora,aveiro,11-50,ael.com.pt
portugal,2008,noshape,computer software,linkedin.com/company/noshape,lisbon,noshape,lisbon,11-50,noshape.com
portugal,"",mercedes-benz-portugal,automotive,linkedin.com/company/mercedes-benz-portugal,mem martins,mercedes-benz portugal,lisbon,51-200,mercedes-benz.pt
portugal,1990,associação-para-o-desenvolvimento-social-da-loureira,"health, wellness and fitness",linkedin.com/company/associação-para-o-desenvolvimento-social-da-loureira,santa catarina da serra,associação para o desenvolvimento social da loureira,leiria,11-50,adsloureira.pt
portugal,"",credito-agricola,banking,linkedin.com/company/credito-agricola,"",crédito agrícola,lisbon,1001-5000,creditoagricola.pt
portugal,2009,graumconstrucao,construction,linkedin.com/company/graumconstrucao,guimarães,graum construção,braga,51-200,graum.pt
portugal,"",capitalges-contabilidade-e-gestão,accounting,linkedin.com/company/capitalges-contabilidade-e-gestão,guimarães,capitalges | contabilidade e gestão,braga,51-200,capitalges.pt
portugal,2015,magikbee,entertainment,linkedin.com/company/magikbee,braga,magikbee,braga,1-10,magikbee.com
portugal,"",orlando-sousa-&-associados---sociedade-de-agentes-de-execução-r-l-,"",linkedin.com/company/orlando-sousa-&-associados---sociedade-de-agentes-de-execução-r-l-,"",orlando sousa & associados - sociedade de agentes de execução r.l.,"",1-10,orlandosousaeassociados.pt
portugal,2000,gbc-lda,media production,linkedin.com/company/gbc-lda,"","gbc, lda - your vip partner | global business magazine","",11-50,yourvippartner.com
portugal,1995,armazém-inteligente,warehousing,linkedin.com/company/armazém-inteligente,funchal,armazém inteligente,madeira,1-10,armazeminteligente.com
portugal,2016,mapa-brands,marketing and advertising,linkedin.com/company/mapa-brands,lisbon,mapa brands,lisbon,1-10,mapabrands.com
portugal,"",lotadigital,fishery,linkedin.com/company/lotadigital,caldas da rainha,lota digital,leiria,1-10,lotadigital.com
portugal,2020,remaxsupreme,real estate,linkedin.com/company/remaxsupreme,moscavide,re/max supreme,lisboa,11-50,remaxsupreme.com
portugal,2014,freakloset,apparel & fashion,linkedin.com/company/freakloset,lisbon,freakloset,lisbon,1-10,freakloset.com
portugal,2007,armaz-m-das-artes,museums and institutions,linkedin.com/company/armaz-m-das-artes,alcobaça,armazém das artes,leiria,1-10,armazemdasartes.pt
portugal,2013,engikit---engenharia-e-serviços-lda,construction,linkedin.com/company/engikit---engenharia-e-serviços-lda,odivelas,"engikit - engenharia e serviços, lda",lisbon,11-50,engikit.pt
portugal,"",sumocerve,food & beverages,linkedin.com/company/sumocerve,leca da palmeira,sumocerve,porto,11-50,sumocerve.com
portugal,2002,label-brand-studio-,marketing and advertising,linkedin.com/company/label-brand-studio-,lisbon,label brand studio™,lisbon,11-50,label.com.pt
portugal,2016,finy-club,venture capital & private equity,linkedin.com/company/finy-club,figueira da foz,finy ventures,coimbra,1-10,finy.pt
portugal,2014,união-de-exportadores---cplp,investment management,linkedin.com/company/união-de-exportadores---cplp,lisbon,união de exportadores - cplp,lisbon,1-10,uniaodeexportadores.org
portugal,2009,aquaservice-pt,environmental services,linkedin.com/company/aquaservice-pt,"",aquaservice.pt,lisbon,51-200,aquaservice.pt
portugal,1991,vivenda-plus,investment management,linkedin.com/company/vivenda-plus,portugal,vivenda plus,portalegre,11-50,vivendaplus.com
portugal,1980,tua-seca---com-rcio-e-ind-stria-de-bacalhaus-lda,fishery,linkedin.com/company/tua-seca---com-rcio-e-ind-stria-de-bacalhaus-lda,mirandela,"tua seca - comércio e indústria de bacalhaus, lda",braganca,11-50,tuaseca.pt
portugal,2009,goclick-lda,information technology and services,linkedin.com/company/goclick-lda,"","goclick, lda",madeira,1-10,goclick.pt
portugal,"",sporting-clube-de-coimbrões,sports,linkedin.com/company/sporting-clube-de-coimbrões,vila nova de gaia,sporting clube de coimbrões,porto,11-50,sccoimbroes.net
portugal,2013,zoom-in-research,market research,linkedin.com/company/zoom-in-research,"",zoom in research,lisbon,1-10,zoom-in-research.com
portugal,2000,geoibericos-topografia-e-geotecnia,civil engineering,linkedin.com/company/geoibericos-topografia-e-geotecnia,alcochete,geoibericos topografia e geotecnia,setubal,11-50,geoibericos.com
portugal,"",factorchave,events services,linkedin.com/company/factorchave,"",factorchave,"",1-10,factorchave.pt
portugal,2011,italicshift-斜体シフト,design,linkedin.com/company/italicshift-斜体シフト,"",italicshift 斜体シフト,lisbon,1-10,italicshift.com
portugal,2019,women-s-empowerment-fashion-solutions,apparel & fashion,linkedin.com/company/women-s-empowerment-fashion-solutions,paredes,women's empowerment & fashion solutions,porto,1-10,mia-mo.com
portugal,"",doble-ss,computer networking,linkedin.com/company/doble-ss,carregado,doble ss,lisbon,1-10,dobless.eu
portugal,2020,trends-and-culture-management-lab,research,linkedin.com/company/trends-and-culture-management-lab,"",trends and culture management lab,lisbon,1-10,""
portugal,2013,coworkfunchal,executive office,linkedin.com/company/coworkfunchal,funchal,cowork funchal,madeira,1-10,coworkfunchal.com
portugal,2007,texbag-solu-es-de-embalagem,packaging and containers,linkedin.com/company/texbag-solu-es-de-embalagem,quinta do anjo,texbag,setubal,51-200,texbag.pt
portugal,"",nativo-studio,marketing and advertising,linkedin.com/company/nativo-studio,"",nativo studio,porto,11-50,nativostudio.pt
portugal,2012,sustainability-foresight,environmental services,linkedin.com/company/sustainability-foresight,"",sustainability foresight,lisbon,1-10,""
portugal,2015,huub,logistics and supply chain,linkedin.com/company/huub,maia,huub,porto,51-200,thehuub.co
portugal,"",futurenet,"",linkedin.com/company/futurenet,"",futurenet,"",51-200,futurenet.pt
portugal,2008,dentalteam,hospital & health care,linkedin.com/company/dentalteam,"",dentalteam,"",1-10,dentalteam.pt
portugal,1994,numil-lda,automotive,linkedin.com/company/numil-lda,vila nova da rainha,"numil, lda",lisboa,1-10,numilinspeccoes.pt
portugal,"",fátima-mendes,retail,linkedin.com/company/fátima-mendes,"",fátima mendes,porto,11-50,fatimamendes.com
portugal,2017,scubic-smart-software-solution,computer software,linkedin.com/company/scubic-smart-software-solution,ilhavo,scubic - smart software solutions,aveiro,1-10,scubic.tech
portugal,"",infamilia,non-profit organization management,linkedin.com/company/infamilia,"",infamilia,"",1-10,infamilia.org
portugal,2011,pan-pessoas-animais-natureza,public policy,linkedin.com/company/pan-pessoas-animais-natureza,"",pan - pessoas- animais- natureza,"",1-10,pan.com.pt
portugal,2013,lince-world-investments,real estate,linkedin.com/company/lince-world-investments,lisbon,lince real estate,lisbon,11-50,linceco.com
portugal,2014,stabörd-&-co.,furniture,linkedin.com/company/stabörd-&-co.,porto,stabörd,porto,1-10,stabord.com
portugal,1999,alert-life-sciences-computing-s.a.,information technology and services,linkedin.com/company/alert-life-sciences-computing-s.a.,vila nova de gaia,"alert life sciences computing, s.a.",porto,201-500,alert.pt
portugal,"",instituto-superior-de-ciências-policiais-e-segurança-interna,public safety,linkedin.com/company/instituto-superior-de-ciências-policiais-e-segurança-interna,lisbon,instituto superior de ciências policiais e segurança interna,lisbon,11-50,""
portugal,1996,ifa-instituto-de-forma-o-actuarial,insurance,linkedin.com/company/ifa-instituto-de-forma-o-actuarial,"",grupo actuarial,lisbon,11-50,actuarial.pt
portugal,"",ghvs,"",linkedin.com/company/ghvs,amora,ghvs,setubal,11-50,""
portugal,2017,técnico-futebol-clube,sports,linkedin.com/company/técnico-futebol-clube,lisbon,técnico futebol clube,lisbon,1-10,tecnicofc.pt
portugal,"",caetano-baviera-bmw,retail,linkedin.com/company/caetano-baviera-bmw,vila nova de gaia,caetano baviera | bmw,porto,1-10,caetanobavierabmw.pt
portugal,2017,trans-actions,transportation/trucking/railroad,linkedin.com/company/trans-actions,"",trans-actions,coimbra,1-10,trans-actions.eu
portugal,"",air-sea-lopes,package/freight delivery,linkedin.com/company/air-sea-lopes,maia,air-sea lopes,porto,1-10,airsealopes.com
portugal,2014,neuroevolution---sistemas-médicos-lda,medical devices,linkedin.com/company/neuroevolution---sistemas-médicos-lda,lisbon,"neuroevolution - sistemas médicos, lda",lisbon,1-10,neuroevolution.pt
portugal,1992,omdportugal,marketing and advertising,linkedin.com/company/omdportugal,carnaxide,omd portugal,lisbon,51-200,""
portugal,"",is-industrialsolutions,mechanical or industrial engineering,linkedin.com/company/is-industrialsolutions,vila nova de famalicao,i-solutions,braga,11-50,i-solutions.pt
portugal,"",grupo-dueto,information technology and services,linkedin.com/company/grupo-dueto,"",grupo dueto,"",11-50,""
portugal,2016,rrtv-import-and-export,international trade and development,linkedin.com/company/rrtv-import-and-export,mem martins,rrtv import and export,lisbon,1-10,rrtv.pt
portugal,1946,construtora-do-tamega-s-a-,construction,linkedin.com/company/construtora-do-tamega-s-a-,bucelas,"construtora do tâmega, s.a.",lisbon,51-200,ctamega.pt
portugal,"",fapas,environmental services,linkedin.com/company/fapas,"",fapas,"",11-50,fapas.pt
portugal,2015,mitoxt-services,biotechnology,linkedin.com/company/mitoxt-services,cantanhede,mitoxt-services,coimbra,1-10,""
portugal,"",off-on,human resources,linkedin.com/company/off-on,"",off on,porto,1-10,offon.pt
portugal,2012,watt-intelligent-solutions,computer software,linkedin.com/company/watt-intelligent-solutions,carnaxide,watt intelligent solutions,lisbon,1-10,watt-is.com
portugal,"",alvaro-covelo-&-pinto-lda,retail,linkedin.com/company/alvaro-covelo-&-pinto-lda,coina,"alvaro covelo & pinto, lda",setúbal,1-10,alvarocovelopinto.pt
portugal,"",april-lda,"",linkedin.com/company/april-lda,"",april lda,"",11-50,april.pt
portugal,"",auto-industrial,"",linkedin.com/company/auto-industrial,"",auto-industrial,"",51-200,autousados.pt
portugal,1989,alfatubo,utilities,linkedin.com/company/alfatubo,"",alfatubo,"",51-200,alfatubo.pt
portugal,2012,tclab---tecnologias-celulares-para-aplicação-médica-unipessoal-lda-,biotechnology,linkedin.com/company/tclab---tecnologias-celulares-para-aplicação-médica-unipessoal-lda-,"","tclab - tecnologias celulares para aplicação médica, unipessoal, lda.",évora,1-10,""
portugal,1998,ife---international-faculty-for-executives-sa,professional training & coaching,linkedin.com/company/ife---international-faculty-for-executives-sa,lisbon,ife - international faculty for executives,lisbon,51-200,ife.pt
portugal,1984,vestan-sa,cosmetics,linkedin.com/company/vestan-sa,lisbon,vestan sa,lisbon,11-50,vestan.pt
portugal,2010,liss,higher education,linkedin.com/company/liss,campo grande,liss - lusofona information systems school,lisboa,51-200,""
portugal,2014,ysium-lda,mechanical or industrial engineering,linkedin.com/company/ysium-lda,vila nova de famalicao,ysium - advanced engineering solutions,braga,51-200,ysium.pt
portugal,1991,arcum---associação-recreativa-e-cultural-universitária-do-minho,music,linkedin.com/company/arcum---associação-recreativa-e-cultural-universitária-do-minho,"",arcum - associação recreativa e cultural universitária do minho,braga,201-500,arcum.pt
portugal,"",centro-clínico-e-dentário-de-nelas,medical practice,linkedin.com/company/centro-clínico-e-dentário-de-nelas,nelas,centro clínico e dentário de nelas,viseu,1-10,ccdnelas.com
portugal,2005,construgal,building materials,linkedin.com/company/construgal,braga,"construgal, lda",braga,1-10,construgal.pt
portugal,2005,new-vibrations,telecommunications,linkedin.com/company/new-vibrations,cascais,new vibrations,lisbon,51-200,new-vibrations.com
portugal,2014,casa-do-areal,"leisure, travel & tourism",linkedin.com/company/casa-do-areal,sao roque do pico,casa do areal,azores,1-10,casadoareal.com
portugal,"",motoboxe,"",linkedin.com/company/motoboxe,"",motoboxe,"",11-50,motoboxe.pt
portugal,2009,dvconsultinglda,management consulting,linkedin.com/company/dvconsultinglda,matosinhos,"dv consulting, lda.",porto,1-10,dvconsulting.pt
portugal,2019,vn2r,civil engineering,linkedin.com/company/vn2r,porto,vn2r,porto,1-10,vn2r.pt
portugal,"",tipografia-do-ave,"",linkedin.com/company/tipografia-do-ave,"",tipografia do ave,"",1-10,tipografiadoave.pt
portugal,2014,eimigrante,international affairs,linkedin.com/company/eimigrante,lisbon,ei!,lisbon,1-10,eimigrante.pt
portugal,"",pessoas-nicas,graphic design,linkedin.com/company/pessoas-nicas,"",pessoas únicas,"",1-10,lkm.pt
portugal,"",consulgest-ag-ncia-de-comunica-o-e-consultoria-web,information technology and services,linkedin.com/company/consulgest-ag-ncia-de-comunica-o-e-consultoria-web,"","consulgest, agência de comunicação e consultoria web","",1-10,consulgest.pt
portugal,2014,gabinete-de-engenharia-de-barcelos,civil engineering,linkedin.com/company/gabinete-de-engenharia-de-barcelos,barcelos,gabinete de engenharia de barcelos,braga,1-10,gebarcelos.com
portugal,2009,epdm---empresa-de-perfura-o-e-desenvolvimento-mineiro-sa,construction,linkedin.com/company/epdm---empresa-de-perfura-o-e-desenvolvimento-mineiro-sa,"","epdm - empresa de perfuração e desenvolvimento mineiro, sa",beja,201-500,epdm.pt
portugal,"",simlis,"",linkedin.com/company/simlis,"",simlis,"",1-10,simlis.pt
portugal,1992,rcsoftpt,information technology and services,linkedin.com/company/rcsoftpt,coimbra,"rcsoft - desenvolvimento de software, lda",coimbra,11-50,rcsoft.pt
portugal,2012,veniam,wireless,linkedin.com/company/veniam,porto,veniam,porto,51-200,veniam.com
portugal,2009,voipunify-telecom,telecommunications,linkedin.com/company/voipunify-telecom,pousada,voipunify telecom,porto,1-10,voipunify.com
portugal,"",bombeiros-municipais-de-viseu,government administration,linkedin.com/company/bombeiros-municipais-de-viseu,"",bombeiros municipais de viseu,viseu,11-50,""
portugal,"",indústrias-invicta-sa,chemicals,linkedin.com/company/indústrias-invicta-sa,"","indústrias invicta, sa","",1-10,""
portugal,2017,arpuads,marketing and advertising,linkedin.com/company/arpuads,lisbon,arpuads,lisbon,1-10,arpu-ads.com
portugal,"",convi-algodão-multiserviços-lda,facilities services,linkedin.com/company/convi-algodão-multiserviços-lda,"","convi algodão-multiserviços, lda","",1-10,""
portugal,1997,maricartão---embalagens-de-cartão-canelado-lda,packaging and containers,linkedin.com/company/maricartão---embalagens-de-cartão-canelado-lda,oleiros,"maricartão - embalagens de cartão canelado, lda",setúbal,11-50,maricartao.pt
portugal,2018,nomadcard,"leisure, travel & tourism",linkedin.com/company/nomadcard,"",nomad card,lisbon,1-10,nomadcard.city
portugal,2005,autovision-portugal,automotive,linkedin.com/company/autovision-portugal,palmela,autovision portugal (a volkswagen group company),setubal,51-200,""
portugal,2018,ecoplanos,information technology and services,linkedin.com/company/ecoplanos,"",ecoplanos,porto,1-10,ecoplanos.pt
portugal,"",faculdade-de-medicina-dentaria--universidade-de-lisboa,higher education,linkedin.com/company/faculdade-de-medicina-dentaria--universidade-de-lisboa,"",faculdade de medicina dentaria- universidade de lisboa,"",201-500,""
portugal,2005,extreme---events-&-services,events services,linkedin.com/company/extreme---events-&-services,lisbon,extreme - events & services,lisbon,11-50,extreme.pt
portugal,2019,catolica4future,environmental services,linkedin.com/company/catolica4future,"",católica4future,lisbon,1-10,""
portugal,2015,pro-coded,information technology and services,linkedin.com/company/pro-coded,portugal,pro-coded,portalegre,1-10,pro-coded.com
portugal,1998,lusochav,import and export,linkedin.com/company/lusochav,"","lusochav, comércio de chaves, lda",porto,11-50,lusochav.pt
portugal,2008,icuib-consulting-services,information technology and services,linkedin.com/company/icuib-consulting-services,lisbon,icuib consulting services,lisbon,1-10,icuib.com
portugal,2014,spootlab---cloud-mobile-and-web-solutions,computer software,linkedin.com/company/spootlab---cloud-mobile-and-web-solutions,portugal,"spootlab - cloud, mobile and web solutions",portalegre,1-10,spootlab.com
portugal,"",a.-santo---media-o-imobili-ria-s.a.,real estate,linkedin.com/company/a.-santo---media-o-imobili-ria-s.a.,cascais,"a. santo - mediação imobiliária, s.a.",lisbon,1-10,asantomediacao.pt
portugal,2016,design-privé,international trade and development,linkedin.com/company/design-privé,maia,design privé,porto,1-10,designprive.pt
portugal,2019,team-njinga,computer games,linkedin.com/company/team-njinga,"",team njinga,lisbon,11-50,indiedb.com
portugal,2000,erofio-atlântico,plastics,linkedin.com/company/erofio-atlântico,batalha,erofio atlântico sa,setubal,51-200,""
portugal,1983,ibotec---indústria-de-tubagens-s-a-,building materials,linkedin.com/company/ibotec---indústria-de-tubagens-s-a-,oliveira de azemeis,"ibotec - indústria de tubagens, s.a.",aveiro,51-200,ibotec.pt
portugal,2014,aircourts,internet,linkedin.com/company/aircourts,lisbon,aircourts,lisbon,1-10,aircourts.com
portugal,"",majora-lda.,design,linkedin.com/company/majora-lda.,"",majora lda.,"",1-10,""
portugal,2015,pws-consulting,management consulting,linkedin.com/company/pws-consulting,braga,pws consulting,braga,1-10,pwsconsulting.pt
portugal,2010,meevo-tdt,textiles,linkedin.com/company/meevo-tdt,maia,meevo - textile display technology,porto,11-50,meevo.pt
portugal,2007,nxtmanagementpt,marketing and advertising,linkedin.com/company/nxtmanagementpt,"",nxt management,lisbon,11-50,""
portugal,"",ortomedifar,medical devices,linkedin.com/company/ortomedifar,maia,ortomedifar,porto,11-50,ortomedifar.pt
portugal,2016,m2b-management-to-business-consultoria-lda,management consulting,linkedin.com/company/m2b-management-to-business-consultoria-lda,matosinhos,"m2b, management to business, consultoria, lda",porto,1-10,m2b.pt
portugal,"",logpartnershr,human resources,linkedin.com/company/logpartnershr,"",log partners,lisbon,1-10,""
portugal,"",bovi,textiles,linkedin.com/company/bovi,"",bovi,"",11-50,bovi.pt
portugal,"",otojal,computer software,linkedin.com/company/otojal,guimarães,otojal,braga,11-50,otojal.pt
portugal,"",wrinf-com,information technology and services,linkedin.com/company/wrinf-com,"",wrinf.com,"",1-10,wrinf.com
portugal,"",cdp,information services,linkedin.com/company/cdp,"",cdp,"",1-10,portodigital.pt
portugal,2013,flat-in-porto,real estate,linkedin.com/company/flat-in-porto,"",flat in porto,porto,1-10,flatinporto.com
portugal,"",profit-plan-lda.,transportation/trucking/railroad,linkedin.com/company/profit-plan-lda.,lisbon,profit-plan lda.,lisbon,1-10,profit-plan.net
portugal,"",proyecto-y-construcción-tres-s.c.,architecture & planning,linkedin.com/company/proyecto-y-construcción-tres-s.c.,"","proyecto y construcción tres, s.c.",santarem,51-200,""
portugal,2014,atelier-da-calcada,architecture & planning,linkedin.com/company/atelier-da-calcada,lisbon,atelier da calçada,lisbon,1-10,atelierdacalcada.pt
portugal,2015,international-thermal-refractories-unipessoal-lda-,mechanical or industrial engineering,linkedin.com/company/international-thermal-refractories-unipessoal-lda-,"",international thermal refractories,setubal,11-50,itr.pt
portugal,"",top-atlântico-dmc,executive office,linkedin.com/company/top-atlântico-dmc,"",top atlântico dmc,faro,11-50,topatlanticodmc.com
portugal,2013,the-portuguese-diet,international trade and development,linkedin.com/company/the-portuguese-diet,"",the portuguese diet,porto,1-10,theportuguesediet.com
portugal,1994,galeria-zé-dos-bois,museums and institutions,linkedin.com/company/galeria-zé-dos-bois,"",galeria zé dos bois,lisbon,11-50,zedosbois.org
portugal,"",myoclinic,"health, wellness and fitness",linkedin.com/company/myoclinic,francelos,myoclinic,porto,1-10,myoclinics.pt
portugal,2015,smartset-pt,events services,linkedin.com/company/smartset-pt,matosinhos,smart set,porto,1-10,smartset.pt
portugal,"",construções-corte-recto-lda,construction,linkedin.com/company/construções-corte-recto-lda,laundos,"construções corte recto, lda",porto,11-50,""
portugal,2010,safe-spot---soluções-globais-de-segurança-lda,security and investigations,linkedin.com/company/safe-spot---soluções-globais-de-segurança-lda,alverca,"safe spot - soluções globais de segurança, lda",lisboa,1-10,safespot.pt
portugal,1990,islaleiria,higher education,linkedin.com/company/islaleiria,romao,isla leiria,leiria,11-50,islaleiria.pt
portugal,"",multivacportugal,packaging and containers,linkedin.com/company/multivacportugal,carnaxide,multivac portugal,lisbon,11-50,""
portugal,1997,migtr-fego,transportation/trucking/railroad,linkedin.com/company/migtr-fego,damaia,migtráfego,lisboa,11-50,migtrafego.com
portugal,"",appnuma,computer software,linkedin.com/company/appnuma,torres novas,appnuma,santarem,1-10,appnuma.com
portugal,2012,goodryser---forest-management-s.a.,chemicals,linkedin.com/company/goodryser---forest-management-s.a.,oliveira de azemeis,"goodryser - forest management, s.a.",aveiro,1-10,goodryser.com
portugal,2010,cruz-de-oito-engenharia,civil engineering,linkedin.com/company/cruz-de-oito-engenharia,maia,cruz de oito - engenharia,porto,1-10,cruzdeoito.pt
portugal,1990,sdoconsulting,human resources,linkedin.com/company/sdoconsulting,lisbon,sdo consultoria,lisbon,11-50,sdoconsultoria.com
portugal,2014,agix-innovative-engineering,industrial automation,linkedin.com/company/agix-innovative-engineering,"",agix | innovative engineering,leiria,1-10,agix.pt
portugal,1967,manuel&lopes-lda,mechanical or industrial engineering,linkedin.com/company/manuel&lopes-lda,"",manuel&lopes lda,"",11-50,manuelelopes.pt
portugal,"",communication-project-development,investment management,linkedin.com/company/communication-project-development,"",communication project development,"",1-10,inotank.org
portugal,1999,remaxportugal,real estate,linkedin.com/company/remaxportugal,sintra,remax portugal,lisbon,5001-10000,""
portugal,"",inrb,research,linkedin.com/company/inrb,"",inrb,"",1001-5000,inrb.pt
portugal,2011,sardine-&-carbone-lda.,design,linkedin.com/company/sardine-&-carbone-lda.,lisbon,sardine & carbone,lisbon,1-10,sardinecarbone.com
portugal,2015,georem,telecommunications,linkedin.com/company/georem,vila nova de famalicao,georem,braga,1-10,georem.fr
portugal,1995,pc-guia,publishing,linkedin.com/company/pc-guia,"",pc guia,"",11-50,pcguia.pt
portugal,1998,artmadesign,marketing and advertising,linkedin.com/company/artmadesign,leiria,artmadesign,leiria,1-10,artmadesign.pt
portugal,1990,softfinanca,information technology and services,linkedin.com/company/softfinanca,"","softfinança, s.a.","",11-50,softfinanca.com
portugal,2005,magnocomp,information technology and services,linkedin.com/company/magnocomp,"",magnocomp,porto,1-10,magnocomp.com
portugal,2020,apsin,management consulting,linkedin.com/company/apsin,aveiro,apsin management consultancy,aveiro,1-10,apsin.pt
portugal,1910,instituto-superior-de-agronomia,renewables & environment,linkedin.com/company/instituto-superior-de-agronomia,lisbon,instituto superior de agronomia,lisbon,501-1000,""
portugal,"",clínica-dentária-josé-matos,"health, wellness and fitness",linkedin.com/company/clínica-dentária-josé-matos,"",clínica dentária josé matos,"",1-10,clinicajosematos.com
portugal,"",electro-siluz-sa,"",linkedin.com/company/electro-siluz-sa,"",electro siluz sa,"",11-50,""
portugal,2018,enlightenment-ai,information technology and services,linkedin.com/company/enlightenment-ai,portugal,enlightenment.ai,portalegre,1-10,eai.company
portugal,2013,big-start---support-services-lda,individual & family services,linkedin.com/company/big-start---support-services-lda,sintra,"bs - support services, lda",lisbon,51-200,bs-services.pt
portugal,1982,inepi,professional training & coaching,linkedin.com/company/inepi,lisbon,inepi,lisbon,51-200,inepi.com.pt
portugal,"",well-polished-portugal,consumer services,linkedin.com/company/well-polished-portugal,"",well polished portugal,"",11-50,""
portugal,2004,nominaurea,accounting,linkedin.com/company/nominaurea,porto,nominaurea,porto,11-50,nominaurea.pt
portugal,2011,bet---bring-entrepreneurs-together,non-profit organization management,linkedin.com/company/bet---bring-entrepreneurs-together,lisbon,bet - bring entrepreneurs together,lisbon,11-50,betventures.org
portugal,"",engenho-novo-da-madeira,"",linkedin.com/company/engenho-novo-da-madeira,"",engenho novo da madeira,"",11-50,enmadeira.com
portugal,"",grupo-alentejo,"",linkedin.com/company/grupo-alentejo,"",grupo alentejo,"",51-200,grupoalentejo.pt
portugal,2011,mc65-engenharia-e-construção-sa,civil engineering,linkedin.com/company/mc65-engenharia-e-construção-sa,alpiarça,"mc65, engenharia e construção sa",santarem,1-10,mc65.pt
portugal,2009,b.-prime,real estate,linkedin.com/company/b.-prime,lisbon,b. prime,lisbon,11-50,bprime.pt
portugal,"",sysvalue,information technology and services,linkedin.com/company/sysvalue,lisbon,sysvalue,lisbon,11-50,sysvalue.com
portugal,"",isocreativo-lda,"",linkedin.com/company/isocreativo-lda,"",isocreativo lda,"",1-10,isocreativo.com
portugal,2016,kitchen-agency,design,linkedin.com/company/kitchen-agency,lisbon,kitchen agency,lisbon,1-10,kitchen-agency.com
portugal,2000,rockbuilding,real estate,linkedin.com/company/rockbuilding,lisbon,rockbuilding,lisbon,11-50,rockbuilding.com
portugal,2017,clinicapsicologiavc,"health, wellness and fitness",linkedin.com/company/clinicapsicologiavc,vila nova de famalicao,clínica de psicologia vc,braga,1-10,clinicadepsicologiavc.pt
portugal,"",du-bois-de-la-roche,food & beverages,linkedin.com/company/du-bois-de-la-roche,maia,du bois de la roche,porto,51-200,duboisdelaroche.pt
portugal,2007,c-tec---consultores-t-cnicos-de-engenharia-e-constru-o,civil engineering,linkedin.com/company/c-tec---consultores-t-cnicos-de-engenharia-e-constru-o,portalegre,c-tec - consultores técnicos de engenharia e construção,portalegre,1-10,""
portugal,2017,imperioglobal.pt,telecommunications,linkedin.com/company/imperioglobal.pt,oliveira do bairro,império global telecomunicações lda,aveiro,11-50,imperioglobal.com
portugal,"",auto-bemguiados,individual & family services,linkedin.com/company/auto-bemguiados,vila do conde,auto bemguiados,porto,11-50,autobemguiados.com
portugal,1980,falual-s-a,mechanical or industrial engineering,linkedin.com/company/falual-s-a,trofa,falual s.a,aveiro,201-500,""
portugal,"",ibermaros,mechanical or industrial engineering,linkedin.com/company/ibermaros,chaves,ibermaros,vila real,11-50,ibermaros.pt
portugal,"",telgal,information technology and services,linkedin.com/company/telgal,"",telgal,"",1-10,telgal.pt
portugal,1989,digidelta-software,information technology and services,linkedin.com/company/digidelta-software,"",digidelta software,leiria,11-50,digidelta-software.com
portugal,"",gar---gest-o-de-artes-gr-ficas-s.a.,printing,linkedin.com/company/gar---gest-o-de-artes-gr-ficas-s.a.,amadora,gar - gestão de artes gráficas s.a.,lisbon,51-200,gar.pt
portugal,2006,visualbox-audiovisuais,motion pictures and film,linkedin.com/company/visualbox-audiovisuais,"",visualbox audiovisuais,setubal,1-10,visualbox.tv
portugal,"",diurban-lda,construction,linkedin.com/company/diurban-lda,pinheiro,"diurban, lda",viana do castelo,11-50,diurban.pt
portugal,2012,design-thinking,graphic design,linkedin.com/company/design-thinking,"",design thinking,"",1-10,designthinking.pt
portugal,2016,farmcloud,information technology and services,linkedin.com/company/farmcloud,"",farmcloud,"",1-10,farmcloud.io
portugal,2008,hyline-building-systems,construction,linkedin.com/company/hyline-building-systems,portugal,hyline building systems,portalegre,51-200,hyline-bsi.com
portugal,2001,dynasys---engenharia-e-telecomunicações-s.a.,electrical/electronic manufacturing,linkedin.com/company/dynasys---engenharia-e-telecomunicações-s.a.,"",dynasys - engenharia e telecomunicações s.a.,setubal,11-50,""
portugal,"",santa-fé-orange,design,linkedin.com/company/santa-fé-orange,lisbon,santa fé orange,lisbon,11-50,santafe.com.pt
portugal,2014,orangedynamic-lda,internet,linkedin.com/company/orangedynamic-lda,cacem,"orangedynamic, lda",lisbon,1-10,orangedynamic.pt
portugal,1986,grup-tico,"health, wellness and fitness",linkedin.com/company/grup-tico,póvoa de varzim,grupótico,porto,11-50,grupotico.pt
portugal,2010,equinvictus,internet,linkedin.com/company/equinvictus,"",equinvictus,porto,1-10,equinvictus.com
portugal,1992,oficinaware-lda,information technology and services,linkedin.com/company/oficinaware-lda,"","oficinaware, lda",madeira,1-10,oficinaware.com
portugal,"",loropark,individual & family services,linkedin.com/company/loropark,funchal,loropark,madeira,1-10,loropark.pt
portugal,1956,duartecruz---f-brica-de-pl-sticos-lda.,chemicals,linkedin.com/company/duartecruz---f-brica-de-pl-sticos-lda.,vila nova de gaia,"duartecruz - fábrica de plásticos, lda.",porto,11-50,duartecruz.pt
portugal,2000,byfullscreen,program development,linkedin.com/company/byfullscreen,serzedo,fullscreen advanced web,porto,11-50,fullscreen.pt
portugal,"",ministério-da-justiça-e-a-legislação-dos-direitos-do-homem,law practice,linkedin.com/company/ministério-da-justiça-e-a-legislação-dos-direitos-do-homem,amarante,ministério da justiça e a legislação dos direitos do homem,porto,10001+,""
portugal,2008,uniqo---comunicacao-e-marketing,internet,linkedin.com/company/uniqo---comunicacao-e-marketing,"",uniqo - comunicacao e marketing,viana do castelo,1-10,uniqo.pt
portugal,2005,quartel,telecommunications,linkedin.com/company/quartel,ribeira brava,quartel,madeira,11-50,quartel.com.cn
portugal,2006,addiction-creativethinking,marketing and advertising,linkedin.com/company/addiction-creativethinking,lisbon,addiction - for brands,lisbon,11-50,addiction.com.pt
portugal,2009,cognos-formação-e-desenvolvimento-pessoal,higher education,linkedin.com/company/cognos-formação-e-desenvolvimento-pessoal,vila nova de gaia,"cognos, formação e desenvolvimento pessoal",porto,1-10,cognos.pt
portugal,1980,soplast,plastics,linkedin.com/company/soplast,campo,"soplast - moura, moutinho & morais, s.a",porto,51-200,soplast.com
portugal,1988,viemil,textiles,linkedin.com/company/viemil,barcelos,viemil,braga,11-50,viemil.com
portugal,"",fcee-cat-lica,government administration,linkedin.com/company/fcee-cat-lica,lisbon,fct ip,lisbon,201-500,""
portugal,"",grupo-malva-real,import and export,linkedin.com/company/grupo-malva-real,lisbon,grupo malva real,lisbon,1-10,malva-real.com
portugal,2013,ama---design,building materials,linkedin.com/company/ama---design,vila nova de gaia,ama - design,porto,1-10,amadesign.pt
portugal,1980,isal-instituto-superior-de-administração-e-línguas,higher education,linkedin.com/company/isal-instituto-superior-de-administração-e-línguas,"",isal | instituto superior de administração e línguas,"",1-10,isal.pt
portugal,"",wavefunction-vr,computer software,linkedin.com/company/wavefunction-vr,braga,wavefunction vr,braga,1-10,wavefunctionvr.com
portugal,2018,prismaat,management consulting,linkedin.com/company/prismaat,portugal,prismaat,portalegre,11-50,prismaat.com
portugal,2004,boca-do-rio,hospitality,linkedin.com/company/boca-do-rio,"",boca do rio,"",51-200,bocadorioresort.com
portugal,2018,social-dimension,management consulting,linkedin.com/company/social-dimension,braga,social dimension,braga,1-10,""
portugal,1981,jpaiva---engenharia-e-construção,construction,linkedin.com/company/jpaiva---engenharia-e-construção,"","jpaiva - engenharia e construção, lda",coimbra,11-50,jpaiva.pt
portugal,"",ips_innovative-prison-systems,judiciary,linkedin.com/company/ips_innovative-prison-systems,"",ips_innovative prison systems,lisbon,11-50,prisonsystems.eu
portugal,"",campilusa,"",linkedin.com/company/campilusa,"",campilusa,"",1-10,""
portugal,2015,loqr,information technology and services,linkedin.com/company/loqr,felgueiras,loqr,porto,11-50,loqr.io
portugal,2013,starcorp-worldwide-express-portugal-s-a-,transportation/trucking/railroad,linkedin.com/company/starcorp-worldwide-express-portugal-s-a-,"","starcorp - worldwide express, s.a.",braga,1-10,""
portugal,"",allstorage,computer software,linkedin.com/company/allstorage,"",allstorage,"",1-10,allstorage.pt
portugal,2014,outstanding-investment-properties,real estate,linkedin.com/company/outstanding-investment-properties,lisbon,outstanding investment properties,lisbon,1-10,oiproperties.com
portugal,2009,acquamonte,sports,linkedin.com/company/acquamonte,sao joao da madeira,acquamonte,aveiro,1-10,acquamonte.com
portugal,2013,edgeneering,information technology and services,linkedin.com/company/edgeneering,"",edge tech,lisbon,1-10,edge-tech.pt
portugal,"",atmosferas-visuais,architecture & planning,linkedin.com/company/atmosferas-visuais,lagos,atmosferas.,faro,1-10,atmosferas-visuais.com
portugal,"",jrtorres---consultores-de-engenharia-lda,management consulting,linkedin.com/company/jrtorres---consultores-de-engenharia-lda,bandeira,"jrtorres - consultores de engenharia, lda",viana do castelo,1-10,jrtorres.com
portugal,2003,anipop-ajacj,non-profit organization management,linkedin.com/company/anipop-ajacj,paco de arcos,anipop ajacj,lisboa,11-50,anipop.org
portugal,2014,grupo-rollercoaster,events services,linkedin.com/company/grupo-rollercoaster,"",rollercoaster group,porto,1-10,rollercoasterevents.com
portugal,"",jorge-manuel-inc.,apparel & fashion,linkedin.com/company/jorge-manuel-inc.,espinho,"jorge manuel, inc.",aveiro,1-10,jorgemanuelweddings.com
portugal,2008,hospital-veterinário-do-oeste,veterinary,linkedin.com/company/hospital-veterinário-do-oeste,lourinha,hospital veterinário do oeste,santarem,11-50,hvetoeste.com
portugal,"",consdep-sa,"",linkedin.com/company/consdep-sa,"",consdep sa,"",11-50,consdep.pt
portugal,1926,castro-linhares-lda,food & beverages,linkedin.com/company/castro-linhares-lda,póvoa de varzim,"castro linhares, lda",porto,11-50,castroelinhares.pt
portugal,1983,artifel-s.a,telecommunications,linkedin.com/company/artifel-s.a,lisbon,"artifel, s.a",lisbon,501-1000,artifel.com
portugal,2015,brandstamina,marketing and advertising,linkedin.com/company/brandstamina,são domingos de rana,brand stamina,lisbon,1-10,brandstamina.pt
portugal,2013,doree-it-consulting-services-llc,information technology and services,linkedin.com/company/doree-it-consulting-services-llc,estoril,doree it consulting services llc,lisbon,1-10,doreeit.com
portugal,1998,fatum-surfboards,sports,linkedin.com/company/fatum-surfboards,peniche,fatum surfboards,leiria,1-10,fatumsurfboards.com
portugal,2007,ditame-gestao-de-pessoas,staffing and recruiting,linkedin.com/company/ditame-gestao-de-pessoas,aveiro,ditame - gestão de pessoas,aveiro,11-50,ditame.com
portugal,"",cimpas,legal services,linkedin.com/company/cimpas,"",cimpas,"",11-50,cimpas.pt
portugal,2007,log-pme,logistics and supply chain,linkedin.com/company/log-pme,"",log-pme,leiria,11-50,log-pme.pt
portugal,2009,grupo-vapo,oil & energy,linkedin.com/company/grupo-vapo,portugal,grupo vapo,portalegre,51-200,grupovapo.com
portugal,2014,international-relations-insights-&-analysis-iria-,think tanks,linkedin.com/company/international-relations-insights-&-analysis-iria-,cascais,iria,lisboa,11-50,ir-ia.com
portugal,1996,ovo-solutions-portugal,environmental services,linkedin.com/company/ovo-solutions-portugal,pinhal novo,ovo solutions,setubal,11-50,ovosolutions.com
portugal,"",chave-nova---porto-oriente,real estate,linkedin.com/company/chave-nova---porto-oriente,"",chave nova - porto oriente,porto,11-50,portooriente.com
portugal,2013,rodon-biologics,biotechnology,linkedin.com/company/rodon-biologics,barcarena,rodon biologics,lisbon,1-10,rodonbiologics.com
portugal,2013,videogamer-portugal,online media,linkedin.com/company/videogamer-portugal,porto,videogamer portugal,porto,1-10,videogamer.com
portugal,2006,thing-pink,computer software,linkedin.com/company/thing-pink,vila nova de gaia,thing pink - digital & mobile,porto,11-50,thing-pink.com
portugal,"",kaalagency,marketing and advertising,linkedin.com/company/kaalagency,matosinhos,kaal agency,porto,1-10,kaalagency.com
portugal,2016,the-new-digital-school,design,linkedin.com/company/the-new-digital-school,"",the new digital school,porto,1-10,thenewdigitalschool.com
portugal,1987,petit-patapon,textiles,linkedin.com/company/petit-patapon,"",petit patapon,"",51-200,petitpatapon.com
portugal,1953,fress,museums and institutions,linkedin.com/company/fress,lisbon,fundação ricardo do espírito santo silva,lisbon,11-50,fress.pt
portugal,2009,ifix-lda,computer hardware,linkedin.com/company/ifix-lda,ferreiros,"ifix, lda",braga,1-10,iloja.pt
portugal,1984,nutridil,"health, wellness and fitness",linkedin.com/company/nutridil,bobadela,nutridil - trade and distribution of nutraceutical products,lisboa,1-10,nutridil.pt
portugal,"",implosion3d,biotechnology,linkedin.com/company/implosion3d,"",implosion3d,leiria,1-10,""
portugal,2015,artiks,design,linkedin.com/company/artiks,porto,artiks - multimedia solutions,porto,1-10,artiks.pt
portugal,"",faculdade-de-economia-feualg,higher education,linkedin.com/company/faculdade-de-economia-feualg,"",faculdade de economia feualg,faro,11-50,""
portugal,2015,iron-work-sociedade-de-serralharia-civil-lda,construction,linkedin.com/company/iron-work-sociedade-de-serralharia-civil-lda,sao bras de alportel,"iron work, sociedade de serralharia civil, lda",faro,1-10,ironwork.pt
portugal,"",smartstep,computer software,linkedin.com/company/smartstep,"",smartstep,"",11-50,smartstep.pt
portugal,"",hospital-da-lapa,"",linkedin.com/company/hospital-da-lapa,"",hospital da lapa,"",51-200,hospitaldalapa.pt
portugal,2008,greenfever-lda,computer hardware,linkedin.com/company/greenfever-lda,trofa,"greenfever, lda",porto,1-10,greenfever.pt
portugal,2016,bim-centro,construction,linkedin.com/company/bim-centro,"",bim centro,coimbra,1-10,bimcentro.pt
portugal,2007,qmusik-unipessoal-lda,arts and crafts,linkedin.com/company/qmusik-unipessoal-lda,"","qmusik, unipessoal, lda","",1-10,qmusika.com
portugal,"",hospitality-management-institute,hospitality,linkedin.com/company/hospitality-management-institute,"",hospitality management institute,"",1-10,hmiportugal.com
portugal,2012,easy-easy-apps,internet,linkedin.com/company/easy-easy-apps,"",easy easy apps,lisbon,11-50,easyeasyapps.net
portugal,2017,vendetecom,management consulting,linkedin.com/company/vendetecom,faro,vende-te.com,faro,11-50,vende-te.com
portugal,"",atelier-66-arquitetura,architecture & planning,linkedin.com/company/atelier-66-arquitetura,"",atelier 66,lisbon,1-10,atelier66.pt
portugal,"",wrightia-sa,information technology and services,linkedin.com/company/wrightia-sa,oeiras,"wrightia, sa",lisbon,11-50,wrightia.com
portugal,"",ideiasembau,marketing and advertising,linkedin.com/company/ideiasembau,"",ideiasembau,faro,1-10,ideiasembau.com
portugal,2006,chief-security-officers,computer & network security,linkedin.com/company/chief-security-officers,"","chief security officers, sa","",11-50,cso.pt
portugal,2011,ncriativa---soluções-de-publicidade,printing,linkedin.com/company/ncriativa---soluções-de-publicidade,avanca,ncriativa - soluções de publicidade,aveiro,1-10,ncriativa.com
portugal,2020,amygopt,individual & family services,linkedin.com/company/amygopt,cascais,amygo,lisbon,1-10,amygo.pt
portugal,1991,norcam-engenharia-e-design-industrial,mechanical or industrial engineering,linkedin.com/company/norcam-engenharia-e-design-industrial,"",norcam engenharia e design industrial,porto,11-50,norcam.pt
portugal,"",b.i.r.s.,management consulting,linkedin.com/company/b.i.r.s.,sacavem,b.i.r.s.,lisboa,11-50,birs.eu
portugal,2016,scapemarketingdesign,marketing and advertising,linkedin.com/company/scapemarketingdesign,rio meao,scape,aveiro,1-10,scape.com.pt
portugal,1998,rustievora,real estate,linkedin.com/company/rustievora,evora,rustiévora - soc. mediação imobiliária,evora,1-10,rustievora.pt
portugal,1982,arestalfer,mechanical or industrial engineering,linkedin.com/company/arestalfer,sever do vouga,"arestalfer, sa",aveiro,51-200,arestalfer.com
portugal,2017,neuropsycad,hospital & health care,linkedin.com/company/neuropsycad,"",neuropsycad,braga,11-50,neuropsycad.com
portugal,2014,bugle-video-training-and-knowledge-sharing,computer software,linkedin.com/company/bugle-video-training-and-knowledge-sharing,lisbon,bugle,lisbon,11-50,bugleon.com
portugal,2017,nepomuceno&silva,information services,linkedin.com/company/nepomuceno&silva,estarreja,nepomuceno&silva,aveiro,1-10,tmsilva.com.br
portugal,"",data-fax---comunic-es-e-sistemas-inform-ticos-lda,telecommunications,linkedin.com/company/data-fax---comunic-es-e-sistemas-inform-ticos-lda,"","data fax - comunicções e sistemas informáticos, lda","",51-200,datafax.pt
portugal,2013,darkcode,marketing and advertising,linkedin.com/company/darkcode,covilha,darkcode,castelo branco,1-10,darkcode.fr
portugal,2008,credideal,financial services,linkedin.com/company/credideal,"",credideal,"",11-50,credideal.pt
portugal,2013,coimbra-genomics,hospital & health care,linkedin.com/company/coimbra-genomics,cantanhede,"coimbra genomics, s.a.",coimbra,11-50,coimbra-genomics.com
portugal,2000,100metros,packaging and containers,linkedin.com/company/100metros,paços de ferreira,"100metros, soluções de embalagem",porto,1-10,100metros.pt
portugal,1986,ric-pia-solu-es-de-impress-o,information technology and services,linkedin.com/company/ric-pia-solu-es-de-impress-o,"",ricópia soluções de impressão,coimbra,1-10,ricopia.pt
portugal,2008,estúdio-corpo-e-alma,sports,linkedin.com/company/estúdio-corpo-e-alma,lisbon,estúdio corpo e alma,lisbon,1-10,estudio.pt
portugal,2013,is4science,research,linkedin.com/company/is4science,mem martins,is4science,lisbon,1-10,is4science.com
portugal,1993,produ-es-fict-cias-sa,media production,linkedin.com/company/produ-es-fict-cias-sa,lisbon,"produções fictícias, sa",lisbon,11-50,producoesficticias.pt
portugal,1982,pengest---planeamento-engenharia-e-gest-o-s-a-,civil engineering,linkedin.com/company/pengest---planeamento-engenharia-e-gest-o-s-a-,lisbon,"pengest - planeamento, engenharia e gestão s.a.",lisbon,51-200,pengest.pt
portugal,1994,sair-da-casca,management consulting,linkedin.com/company/sair-da-casca,lisbon,sair da casca,lisbon,11-50,sairdacasca.com
portugal,"",tartaruga-veloz---transportes-urgentes-lda,package/freight delivery,linkedin.com/company/tartaruga-veloz---transportes-urgentes-lda,lordelo,tartaruga veloz - transportes urgentes lda,porto,1-10,tartarugaveloz.pt
portugal,1967,entreposto-auto-portugal,retail,linkedin.com/company/entreposto-auto-portugal,lisbon,grupo entreposto,lisbon,501-1000,entrepostoauto.pt
portugal,2015,invest-porto,government administration,linkedin.com/company/invest-porto,porto,investporto,porto,11-50,investporto.pt
portugal,2012,canal-naminhaterra-tv,broadcast media,linkedin.com/company/canal-naminhaterra-tv,"",canal naminhaterra tv,"",11-50,naminhaterra.com
portugal,2017,eralousada,real estate,linkedin.com/company/eralousada,"",era lousada / freamunde,porto,11-50,""
portugal,"",securitas-direct-santo-tirso,retail,linkedin.com/company/securitas-direct-santo-tirso,santo tirso,securitas direct santo tirso,porto,11-50,securitasdircet.pt
portugal,2016,wetranslateontime,translation and localization,linkedin.com/company/wetranslateontime,lisbon,we translate on time,lisbon,1-10,wetranslateontime.com
portugal,2015,oceano-fresco---shellfish-breeding-for-aquaculture,food production,linkedin.com/company/oceano-fresco---shellfish-breeding-for-aquaculture,mira,oceano fresco - shellfish breeding for aquaculture,leiria,1-10,oceano-fresco.pt
portugal,2017,d-tailer,design,linkedin.com/company/d-tailer,vila do conde,d-tailer,porto,1-10,dtailer.com
portugal,2019,o-fundamento,textiles,linkedin.com/company/o-fundamento,porto,ofundamento | fndmt,porto,1-10,fndmt.eu
portugal,"",printdesk,marketing and advertising,linkedin.com/company/printdesk,"",printdesk,"",11-50,printdesk.net
portugal,"",mediamindsecurity,information technology and services,linkedin.com/company/mediamindsecurity,oeiras,media mind security,lisbon,1-10,mediamindsecurity.com
portugal,"",soresime,machinery,linkedin.com/company/soresime,"",soresime,leiria,1-10,soresime.pt
portugal,2001,mr-print,printing,linkedin.com/company/mr-print,rio de mouro,mr.print,lisbon,11-50,mrprint.pt
portugal,1921,barcelcom-têxteis-sa,textiles,linkedin.com/company/barcelcom-têxteis-sa,barcelos,"barcelcom têxteis, sa",braga,51-200,barcelcomtexteis.com
portugal,2019,bambubicycles,design,linkedin.com/company/bambubicycles,curia,bam•bu bicycles,aveiro,1-10,""
portugal,2015,agrovarius,food production,linkedin.com/company/agrovarius,lisbon,agrovarius,lisbon,11-50,agrovarius.pt
portugal,2009,pc33-lda-,information technology and services,linkedin.com/company/pc33-lda-,ajuda,"pc33, lda.",lisboa,1-10,pc33.pt
portugal,2003,east-atlantic-engineering-lda,internet,linkedin.com/company/east-atlantic-engineering-lda,lisbon,"east atlantic engineering, lda.",lisbon,11-50,eae.pt
portugal,2016,tedxbraga,civic & social organization,linkedin.com/company/tedxbraga,braga,tedxbraga,braga,1-10,tedxbraga.com
portugal,2002,empresa-mmwindow,construction,linkedin.com/company/empresa-mmwindow,vendas novas,empresa mmwindow,évora,11-50,mmwindow.pt
portugal,2014,upgrade-travel-&-dmc,"leisure, travel & tourism",linkedin.com/company/upgrade-travel-&-dmc,funchal,upgrade travel & dmc,madeira,1-10,upgrade-dmc.com
portugal,2000,winitroia,wine and spirits,linkedin.com/company/winitroia,setubal,winitróia,setubal,1-10,winitroia.pt
portugal,2015,be-corporate,management consulting,linkedin.com/company/be-corporate,"",becorporate - business consulting & project finance,faro,1-10,becorporate.pt
portugal,2020,melomeurope,construction,linkedin.com/company/melomeurope,sintra,melom europe,lisbon,51-200,melom.com
portugal,1995,fluidraulica-óleo-hidráulica,mechanical or industrial engineering,linkedin.com/company/fluidraulica-óleo-hidráulica,vila nova de famalicao,"fluidraulica, óleo-hidráulica",braga,11-50,fluidraulica.com
portugal,"",filsat,medical practice,linkedin.com/company/filsat,rio de mouro,filsat,lisbon,11-50,filsat.pt
portugal,2003,wow-wine-on-wheels,wine and spirits,linkedin.com/company/wow-wine-on-wheels,vila nova de gaia,wow - wine on wheels,porto,51-200,wow.com.pt
portugal,"",tekprivacy,information technology and services,linkedin.com/company/tekprivacy,porto,tekprivacy,porto,1-10,tekprivacy.pt
portugal,2017,loftzhousing,real estate,linkedin.com/company/loftzhousing,lisbon,loftz,lisbon,1-10,""
portugal,2017,osenhordobanco,financial services,linkedin.com/company/osenhordobanco,sintra,o senhor do banco,lisbon,1-10,osenhordobanco.pt
portugal,"",hutchinson-porto,automotive,linkedin.com/company/hutchinson-porto,gandra,hutchinson porto,porto,11-50,""
portugal,1995,pédegalo-lda,facilities services,linkedin.com/company/pédegalo-lda,"",pédegalo - administração de condomínios,braga,1-10,pedegalo.net
portugal,"",jcc-contabilidade-lda-,accounting,linkedin.com/company/jcc-contabilidade-lda-,"",jcc contabilidade lda.,"",11-50,jccontabilidade.pt
portugal,"",intercampus,market research,linkedin.com/company/intercampus,"",intercampus,"",11-50,intercampus.pt
portugal,"",select-remax,real estate,linkedin.com/company/select-remax,faro,remax select,faro,11-50,""
portugal,"",arquivo-de-ideias-gest-o-e-comunica-o-lda,real estate,linkedin.com/company/arquivo-de-ideias-gest-o-e-comunica-o-lda,matosinhos,"arquivo de ideias, gestão e comunicação lda",porto,11-50,comdominio.eu
portugal,"",beg-portugal,consumer electronics,linkedin.com/company/beg-portugal,linda a velha,b.e.g. portugal,lisbon,1-10,""
portugal,"",brifour-hotel-solutions,hospitality,linkedin.com/company/brifour-hotel-solutions,lordelo,brifour - hotel solutions,porto,51-200,brifour.com
portugal,1990,mva-electrotécnia---your-solution-partner-,industrial automation,linkedin.com/company/mva-electrotécnia---your-solution-partner-,carnaxide,mva electrotécnia - your solution partner!,lisbon,11-50,mva.pt
portugal,1989,grupo-medi-t,"health, wellness and fitness",linkedin.com/company/grupo-medi-t,porto,grupo medi-t,porto,51-200,medi-t.pt
portugal,2017,hccmconsulting-company,information technology and services,linkedin.com/company/hccmconsulting-company,lisbon,"hccm consulting, s.a.",lisbon,201-500,hccm.pt
portugal,2009,financeport,financial services,linkedin.com/company/financeport,portugal,financeport,portalegre,1-10,financeport.pt
portugal,"",taxvalue,accounting,linkedin.com/company/taxvalue,santa iria de azoia,taxvalue,lisboa,1-10,taxvalue.pt
portugal,2006,pc-time-lda---pc-care,information technology and services,linkedin.com/company/pc-time-lda---pc-care,"","pc time, lda - pc care","",1-10,pctime.pt
portugal,1978,ana-aeroportos-de-portugal-sa,airlines/aviation,linkedin.com/company/ana-aeroportos-de-portugal-sa,"","ana - aeroportos de portugal, sa",lisbon,1001-5000,ana.pt
portugal,"",abaular,"",linkedin.com/company/abaular,braga,growth spot,braga,1-10,""
portugal,2011,legal-link---advogados-consultores-jur-dicos,judiciary,linkedin.com/company/legal-link---advogados-consultores-jur-dicos,"",cavaleiro & associados sociedade de advogados r.l.,porto,1-10,cavaleiroadvogados.pt
portugal,2016,wisehs-healthcare-solutions,pharmaceuticals,linkedin.com/company/wisehs-healthcare-solutions,porto,wisehs - wise healthcare solutions,porto,11-50,wisehs.eu
portugal,"",storesace,computer software,linkedin.com/company/storesace,maia,storesace,porto,1-10,storesace.com
portugal,"",alba-associa-o-ayurv-dcia-luso-brasileira,non-profit organization management,linkedin.com/company/alba-associa-o-ayurv-dcia-luso-brasileira,porto,alba-associação ayurvédcia luso-brasileira,porto,11-50,ayurvedica.org
portugal,2014,expand-capital,financial services,linkedin.com/company/expand-capital,"",expand capital,lisbon,1-10,expandcapital.pt
