country,founded,id,industry,linkedin_url,locality,name,region,size,website
romania,2000,leaders-foundation,education management,linkedin.com/company/leaders-foundation,bucharest,leaders foundation,bucuresti,51-200,leaders.ro
romania,2017,arttourromania,"leisure, travel & tourism",linkedin.com/company/arttourromania,"",arttour romania,bacău,11-50,arttour.ro
romania,2016,amslaboratorgenetic,hospital & health care,linkedin.com/company/amslaboratorgenetic,"",amslaboratorgenetic,bucureşti,11-50,amsgeneticlab.ro
romania,2004,axten,information technology and services,linkedin.com/company/axten,"",axten,cluj,1-10,axten.ro
romania,2004,imobiliare,commercial real estate,linkedin.com/company/imobiliare,timisoara,sinergyest imobiliare,timis,11-50,eugene.ro
romania,2010,george-enescu-philharmonic-foundation,civic & social organization,linkedin.com/company/george-enescu-philharmonic-foundation,bucharest,george enescu foundation,bucuresti,11-50,fundatiaenescu.ro
romania,2012,lic-29-instalatii,retail,linkedin.com/company/lic-29-instalatii,timisoara,lic 29 instalatii,timis,1-10,instalatiitm.ro
romania,2012,pinewood-consulting,telecommunications,linkedin.com/company/pinewood-consulting,bucharest,pinewood consulting,bucuresti,1-10,pinewood-consulting.com
romania,2018,creative-marketing-ro,marketing and advertising,linkedin.com/company/creative-marketing-ro,oradea,creative marketing,bihor,1-10,creative-marketing.ro
romania,2007,rt-solutions-romania,telecommunications,linkedin.com/company/rt-solutions-romania,timisoara,rt solutions romania,timis,11-50,rtsolutions.ro
romania,1997,romero,financial services,linkedin.com/company/romero,"",romero,"",51-200,romero.ro
romania,"",netmeon-,telecommunications,linkedin.com/company/netmeon-,"",netmeon!,bucureşti,1-10,netmeon.ro
romania,2015,youthcancereurope,non-profit organization management,linkedin.com/company/youthcancereurope,"",youth cancer europe,cluj,1-10,youthcancereurope.org
romania,"",aldmagic-film,motion pictures and film,linkedin.com/company/aldmagic-film,"",aldmagic film,"",1-10,aldmagic.com
romania,2013,bellesser-living-art,retail,linkedin.com/company/bellesser-living-art,"",bellesser living art,"",51-200,bellesser.ro
romania,2015,spitalul-humanitas,hospital & health care,linkedin.com/company/spitalul-humanitas,"",spitalul humanitas,cluj,11-50,spitalhumanitas.ro
romania,1994,prisum-international-trading-co-s-r-l-,pharmaceuticals,linkedin.com/company/prisum-international-trading-co-s-r-l-,bucharest,prisum international trading co s.r.l.,bucuresti,51-200,prisum.ro
romania,2012,berylstudio,architecture & planning,linkedin.com/company/berylstudio,bucharest,berylstudio,bucuresti,1-10,berylstudio.ro
romania,2010,vakukfilms,animation,linkedin.com/company/vakukfilms,"",vakukfilms,"",1-10,vakukfilms.com
romania,"",woodcraftcompany,"",linkedin.com/company/woodcraftcompany,"",woodcraftcompany,"",1-10,woodcraftcompany.ro
romania,2005,essensys-software,computer software,linkedin.com/company/essensys-software,bucharest,essensys software,bucuresti,51-200,essensys.ro
romania,2007,blue-point-telecom,outsourcing/offshoring,linkedin.com/company/blue-point-telecom,bucharest,blue point telecom,bucuresti,201-500,blue-point.ro
romania,2012,transcom-danmar,import and export,linkedin.com/company/transcom-danmar,piteşti,transcom danmar,arges,11-50,frigo-express.ro
romania,"",millennium-bank,banking,linkedin.com/company/millennium-bank,"",millennium bank,"",501-1000,millenniumbank.ro
romania,2011,the-csr-agency,management consulting,linkedin.com/company/the-csr-agency,"",the csr agency,bucureşti,1-10,thecsragency.ro
romania,"",car-invatamant,"",linkedin.com/company/car-invatamant,"",car invatamant,"",51-200,car-invatamant.ro
romania,2010,epoque-hotel-bucharest,hospitality,linkedin.com/company/epoque-hotel-bucharest,bucharest,epoque hotel bucharest,bucuresti,51-200,epoque.ro
romania,"",esperandza-com-impex,"",linkedin.com/company/esperandza-com-impex,"",esperandza com impex,"",11-50,esperandza.ro
romania,2007,expert-it-srl,information technology and services,linkedin.com/company/expert-it-srl,reghin,expert it srl,mures,1-10,expertit.ro
romania,"",aquamarin-clinique,mental health care,linkedin.com/company/aquamarin-clinique,"","clinica aquamarin - psihologie, psihoterapie",bucureşti,1-10,aquamarin.ro
romania,1994,casaautotimisoara,automotive,linkedin.com/company/casaautotimisoara,timisoara,casa auto timisoara,timis,51-200,casaautotimisoara.ro
romania,"",onlinet-systems,information technology and services,linkedin.com/company/onlinet-systems,"",onlinet systems,bucureşti,11-50,onlinet.ro
romania,2014,brand-a-leader,higher education,linkedin.com/company/brand-a-leader,"",brand a leader,"",1-10,intrapenor.ro
romania,"",romanel,building materials,linkedin.com/company/romanel,bucharest,romanel,bucuresti,501-1000,romanel.ro
romania,"",atom-hosting,telecommunications,linkedin.com/company/atom-hosting,"",atom hosting,"",1-10,atom-hosting.com
romania,1994,cosmétiques-de-france,cosmetics,linkedin.com/company/cosmétiques-de-france,"",cosmétiques de france,bucuresti,501-1000,cosmetiquesdefrance.com
romania,"",kbt-equipment,machinery,linkedin.com/company/kbt-equipment,"",kbt equipment,"",1-10,cabinestivuitoare.ro
romania,2002,alf-company,real estate,linkedin.com/company/alf-company,pipera,alf company,ilfov,11-50,alfcompany.ro
romania,2012,hogash,internet,linkedin.com/company/hogash,bucharest,hogash,bucuresti,1-10,hogash.com
romania,2018,homemade-advertising,marketing and advertising,linkedin.com/company/homemade-advertising,bucharest,homemade advertising,bucuresti,1-10,homemade.agency
romania,2004,sato-imobiliare,real estate,linkedin.com/company/sato-imobiliare,"",sato imobiliare,bucureşti,1-10,satoimobiliare.ro
romania,"",resurse-psy,human resources,linkedin.com/company/resurse-psy,"",resurse psy,"",1-10,resursepsy.ro
romania,2008,lee-white-management,facilities services,linkedin.com/company/lee-white-management,"",lee white management,"",51-200,leewhite.ro
romania,"",delta-clinic-dent,"",linkedin.com/company/delta-clinic-dent,"",delta clinic dent,bucureşti,1-10,""
romania,2005,professional-translations,translation and localization,linkedin.com/company/professional-translations,timisoara,professional translations,timis,1-10,professional-translations.eu
romania,"",regie-radio-music,"",linkedin.com/company/regie-radio-music,"",regie radio music,"",11-50,rrm.ro
romania,"",vipas,"",linkedin.com/company/vipas,"",vipas,"",11-50,vipas.ro
romania,2014,csomopont,civic & social organization,linkedin.com/company/csomopont,"",csomopont,covasna,1-10,csomopont.com
romania,2003,neon-sign-romania,architecture & planning,linkedin.com/company/neon-sign-romania,reghin,neon&sign reghin,mures,51-200,neon-sign.ro
romania,1996,thyssenkrupp-bilstein,automotive,linkedin.com/company/thyssenkrupp-bilstein,cristian,thyssenkrupp bilstein sibiu,sibiu,501-1000,bilstein.ro
romania,"",azuga-waters,"",linkedin.com/company/azuga-waters,"",azuga waters,"",11-50,azugawaters.ro
romania,"",ctotech,computer software,linkedin.com/company/ctotech,"",ctotech,cluj,1-10,ctotech.io
romania,2016,aptet-hr,human resources,linkedin.com/company/aptet-hr,bucharest,aptet hr,bucuresti,1-10,aptet.ro
romania,1993,matrix-rom,computer software,linkedin.com/company/matrix-rom,bucharest,matrix rom,bucuresti,11-50,matrixrom.ro
romania,2004,internet-marketing-online-timisoara,gambling & casinos,linkedin.com/company/internet-marketing-online-timisoara,timisoara,internet marketing online timisoara,timis,51-200,imoservices.com
romania,"",cg-tech-labs,information technology and services,linkedin.com/company/cg-tech-labs,bucharest,cg tech labs,bucuresti,1-10,cgtechlabs.com
romania,1991,cronos-romania,business supplies and equipment,linkedin.com/company/cronos-romania,targoviste,cronos romania,dambovita,11-50,cronos-tgv.ro
romania,"",asociatialumebuna,education management,linkedin.com/company/asociatialumebuna,bucharest,asociatia lume buna,bucuresti,1-10,asociatialumebuna.com
romania,2019,frenchtechbucharest,information technology and services,linkedin.com/company/frenchtechbucharest,bucharest,french tech bucharest,bucuresti,1-10,""
romania,2016,grte-real-estate-investment,real estate,linkedin.com/company/grte-real-estate-investment,"",grte real estate investment,"",1-10,grte.ro
romania,"",iridex_2,civil engineering,linkedin.com/company/iridex_2,"",iridex,"",501-1000,iridexgroup.ro
romania,2013,vires-construct-srl,construction,linkedin.com/company/vires-construct-srl,"",vires construct srl,cluj,11-50,viresconstruct.com
romania,2015,leaders-reunited,online media,linkedin.com/company/leaders-reunited,bucharest,leaders reunited,bucuresti,1-10,leadersreunited.com
romania,2009,dachser-romania-srl,logistics and supply chain,linkedin.com/company/dachser-romania-srl,"",dachser romania srl,"",1-10,""
romania,2006,dolphin-communication-management,marketing and advertising,linkedin.com/company/dolphin-communication-management,"",dolphin communication management,bucuresti,11-50,dolphinmanagement.ro
romania,2011,fundatia-comunitara-bucuresti,non-profit organization management,linkedin.com/company/fundatia-comunitara-bucuresti,"",fundația comunitară bucurești,bucureşti,1-10,fundatiacomunitarabucuresti.ro
romania,"",mysong,entertainment,linkedin.com/company/mysong,"",mysong,"",1-10,mysong.ro
romania,2007,uzina-de-logo-srl,design,linkedin.com/company/uzina-de-logo-srl,bucharest,uzina de logo srl,bucuresti,1-10,delogo.ro
romania,"",rivium-galeria-mall-srl,retail,linkedin.com/company/rivium-galeria-mall-srl,"",rivium galeria mall srl,"",1-10,moldovamall.ro
romania,2014,next-gen-leaders-hub,education management,linkedin.com/company/next-gen-leaders-hub,bucharest,next gen leaders hub,bucuresti,1-10,nextgenclub.org
romania,2005,konis-kon,packaging and containers,linkedin.com/company/konis-kon,iasi,konis kon,iasi,11-50,konis.ro
romania,2004,ruxandra-elena-gindu-law-firm,legal services,linkedin.com/company/ruxandra-elena-gindu-law-firm,bucharest,ruxandra elena gindu law firm,bucuresti,1-10,avocat-gindu.ro
romania,2010,edge-business-restructuring-advisors-sprl,management consulting,linkedin.com/company/edge-business-restructuring-advisors-sprl,bucharest,edge business restructuring advisors sprl,bucuresti,1-10,edgeadvisors.ro
romania,1932,cluj-napoca-international-airport,aviation & aerospace,linkedin.com/company/cluj-napoca-international-airport,"",cluj-napoca international airport,cluj,201-500,""
romania,1993,opticris,retail,linkedin.com/company/opticris,"",opticris,"",11-50,opticris.ro
romania,2000,resonance-distribution,retail,linkedin.com/company/resonance-distribution,iasi,resonance distribution,iasi,51-200,resonance.ro
romania,2019,corebapp,information technology and services,linkedin.com/company/corebapp,"",corebapp | core business applications srl,ilfov,1-10,corebapp.com
romania,2015,webmarc,information technology and services,linkedin.com/company/webmarc,"",webmarc,bucureşti,11-50,""
romania,2016,decorentromania,events services,linkedin.com/company/decorentromania,bucharest,decorent,bucuresti,1-10,decorent.ro
romania,2018,the-guild-hall-cluj,recreational facilities and services,linkedin.com/company/the-guild-hall-cluj,"",the guild hall,cluj,1-10,guildhall.ro
romania,1997,smartsoft3ss,computer software,linkedin.com/company/smartsoft3ss,"",smartsoft,mures,51-200,smartsoft.ro
romania,2005,kingsmen-estate,real estate,linkedin.com/company/kingsmen-estate,"",kingsmen estate,bucureşti,1-10,kingsmen-estate.ro
romania,"",afi-europe-cotroceni-mall-bucharest-romania,recreational facilities and services,linkedin.com/company/afi-europe-cotroceni-mall-bucharest-romania,"","afi europe,cotroceni mall-bucharest romania","",51-200,afi-europe.eu
romania,"",clinica-urechii,medical practice,linkedin.com/company/clinica-urechii,"",clinica urechii,"",1-10,clinicaurechii.ro
romania,2008,bio-circle-surface-technology-srl,chemicals,linkedin.com/company/bio-circle-surface-technology-srl,"",bio-circle surface technology srl,braşov,11-50,bio-circle.ro
romania,"",tibi-clenci,"",linkedin.com/company/tibi-clenci,"",tibi clenci,"",1-10,tibiclenci.com
romania,2015,foundation-of-assessment-in-education,computer software,linkedin.com/company/foundation-of-assessment-in-education,"",fundatia de evaluare in educatie,"",1-10,yokomedia.ro
romania,2007,z&a-logistic,farming,linkedin.com/company/z&a-logistic,arad,z&a logistic,arad,1-10,zalogistic.ro
romania,1990,j&r-enterprises,apparel & fashion,linkedin.com/company/j&r-enterprises,bucharest,j&r enterprises,bucuresti,1001-5000,jaren.ro
romania,1994,paper-print-invest,printing,linkedin.com/company/paper-print-invest,"",paper print invest,braila,1-10,tipografiebraila.ro
romania,"",business-risto-development,"",linkedin.com/company/business-risto-development,feleacu,business risto development,cluj,1-10,""
romania,2008,x-hostel,hospitality,linkedin.com/company/x-hostel,bucharest,x hostel,bucuresti,11-50,xhostel.com
romania,2009,ayonesoftware,information technology and services,linkedin.com/company/ayonesoftware,iasi,ayone software,iasi,1-10,ayonesoftware.com
romania,"",quick-service,"",linkedin.com/company/quick-service,"",quick service,"",201-500,qs.ro
romania,2001,exe-software,computer software,linkedin.com/company/exe-software,bucharest,exe software,bucuresti,51-200,exesoftware.ro
romania,"",pegas-srl,food production,linkedin.com/company/pegas-srl,"",pegas srl,"",1-10,pegas.md
romania,"",hotel-koronna,hospitality,linkedin.com/company/hotel-koronna,timisoara,hotel koronna,timis,11-50,hotelkoronna.ro
romania,"",diamedix-impex-sa,"",linkedin.com/company/diamedix-impex-sa,"",diamedix impex sa,"",51-200,""
romania,1994,international-g&t,mechanical or industrial engineering,linkedin.com/company/international-g&t,"",international g&t,ilfov,11-50,internationalgt.ro
romania,2002,efectro-srl,information technology and services,linkedin.com/company/efectro-srl,"",efect.ro,"",11-50,efect.ro
romania,"",sepala,furniture,linkedin.com/company/sepala,"",sepala,"",11-50,sepala.ro
romania,2017,elixirtravel,"leisure, travel & tourism",linkedin.com/company/elixirtravel,ploieşti,elixir travel,prahova,1-10,elixirtravel.ro
romania,2018,vasile-buciuman-attorneys,legal services,linkedin.com/company/vasile-buciuman-attorneys,bucharest,vasile & buciuman | attorneys,bucuresti,1-10,vbalaw.ro
romania,2011,vertical-media-studio,design,linkedin.com/company/vertical-media-studio,"",vertical media studio,"",1-10,verticalmediastudio.com
romania,"",automatic-control,design,linkedin.com/company/automatic-control,"",automatic control,"",11-50,automatic-control.ro
romania,"",softwarex-srl,information technology and services,linkedin.com/company/softwarex-srl,"",softwarex srl,"",1-10,""
romania,2000,pharma-iasi,pharmaceuticals,linkedin.com/company/pharma-iasi,iasi,pharma iasi,iasi,201-500,pharma-iasi.ro
romania,2010,visual-playground-design-school,design,linkedin.com/company/visual-playground-design-school,bucharest,visual playground design school,bucuresti,1-10,visualplayground.ro
romania,1994,cord-impex,logistics and supply chain,linkedin.com/company/cord-impex,"",cord impex,"",201-500,cordimpex.ro
romania,"",cronus-ebusiness,information technology and services,linkedin.com/company/cronus-ebusiness,"",cronus ebusiness,"",11-50,cronus.ro
romania,2007,hyllan-pharma,pharmaceuticals,linkedin.com/company/hyllan-pharma,bucharest,hyllan pharma,bucuresti,51-200,hyllan.ro
romania,"",wall-street-cafe-trading,"",linkedin.com/company/wall-street-cafe-trading,craiova,wall street café,dolj,11-50,""
romania,2008,arplusromania,human resources,linkedin.com/company/arplusromania,iasi,arplus romania,iasi,11-50,arplus.ro
romania,1999,giurgiu&asociatii,legal services,linkedin.com/company/giurgiu&asociatii,"",giurgiu&asociatii,"",1-10,gplex.ro
romania,2015,sdg-auto,automotive,linkedin.com/company/sdg-auto,oradea,sdg auto,bihor,1-10,sdgauto.ro
romania,"",publicbet,gambling & casinos,linkedin.com/company/publicbet,"",publicbet,"",501-1000,publicbet.ro
romania,"",green-power-investment,"",linkedin.com/company/green-power-investment,"",green power investment,"",11-50,""
romania,2016,wetoggo,information technology and services,linkedin.com/company/wetoggo,bucharest,toggo.io,bucuresti,1-10,toggo.io
romania,1994,azad-enterprises,consumer goods,linkedin.com/company/azad-enterprises,bucharest,azad enterprises,bucuresti,51-200,azad.ro
romania,"",smartykids-bucuresti-titan-aritmetica-mentala,education management,linkedin.com/company/smartykids-bucuresti-titan-aritmetica-mentala,bucharest,smartykids bucuresti-titan-aritmetica mentala,bucuresti,1-10,""
romania,2000,sc-rotherm-grup-srl,construction,linkedin.com/company/sc-rotherm-grup-srl,iasi,sc rotherm grup srl,iasi,11-50,rotherm.ro
romania,2010,web-ventures,marketing and advertising,linkedin.com/company/web-ventures,bucharest,web ventures,bucuresti,11-50,webventures.ro
romania,2012,unicare-medical-solutions,medical devices,linkedin.com/company/unicare-medical-solutions,baia mare,unicare medical solutions,maramures,1-10,unicare.ro
romania,"",transsped,information technology and services,linkedin.com/company/transsped,bucharest,trans sped,bucuresti,11-50,transsped.ro
romania,"",vrk-expeditions-srl,transportation/trucking/railroad,linkedin.com/company/vrk-expeditions-srl,"",vrk expeditions srl,"",11-50,vrk.ro
romania,2017,tomax-web,computer software,linkedin.com/company/tomax-web,alba iulia,tomax web,alba,1-10,tomaxweb.ro
romania,2016,bringo2018,information technology and services,linkedin.com/company/bringo2018,bucharest,bringo,bucuresti,1001-5000,bringo.ro
romania,1990,institute-of-international-relations-and-economic-cooperation,government relations,linkedin.com/company/institute-of-international-relations-and-economic-cooperation,bucharest,institute of international relations and economic cooperation,bucuresti,11-50,""
romania,2009,depyos,non-profit organization management,linkedin.com/company/depyos,"",depyos,bucureşti,1-10,depyos.com
romania,2019,the-wellbeing-hub,human resources,linkedin.com/company/the-wellbeing-hub,bucharest,the wellbeing hub,bucuresti,11-50,thewellbeinghub.net
romania,2017,eon-esd,utilities,linkedin.com/company/eon-esd,iasi,e.on software development,iasi,51-200,eon-software.com
romania,"",cantarprod,"",linkedin.com/company/cantarprod,"",cantarprod,"",1-10,cantarprod.ro
romania,2011,alfa-club-system-s-r-l-,education management,linkedin.com/company/alfa-club-system-s-r-l-,bucharest,alfa club system s.r.l.,bucuresti,10001+,reformasanatate.ro
romania,"",grupo-demetra,management consulting,linkedin.com/company/grupo-demetra,bucharest,grupo demetra,bucuresti,1-10,grupodemetra.com
romania,2013,perfect-smile-studio,hospital & health care,linkedin.com/company/perfect-smile-studio,"",perfect smile studio,"",1-10,perfectsmilestudio.ro
romania,2013,hornet-mobile,computer software,linkedin.com/company/hornet-mobile,piteşti,hornet mobile,arges,11-50,hornetmobile.ro
romania,2014,zipper-romania,information technology and services,linkedin.com/company/zipper-romania,"",zipper,bucuresti,51-200,ezipper.ro
romania,2002,remark-ltd,internet,linkedin.com/company/remark-ltd,"",remark ltd,cluj,11-50,design1host.com
romania,2003,lemnar,furniture,linkedin.com/company/lemnar,"",lemnar,neamt,11-50,lemnar.ro
romania,2014,april-parts,automotive,linkedin.com/company/april-parts,rasnov,april parts,brasov,1-10,aprilparts.ro
romania,"",top-clima-ind,facilities services,linkedin.com/company/top-clima-ind,"",top clima ind,"",1-10,aerconditionat-clima.ro
romania,2010,enova-group,electrical/electronic manufacturing,linkedin.com/company/enova-group,rovinari,enova group,gorj,201-500,enova-group.biz
romania,"",active-idea-support,financial services,linkedin.com/company/active-idea-support,"",active idea support,cluj,1-10,ideasupport.ro
romania,1994,jpb-tabac,food & beverages,linkedin.com/company/jpb-tabac,"",jpb tabac shops,bucureşti,51-200,jpb.ro
romania,1995,intercapital-invest,capital markets,linkedin.com/company/intercapital-invest,bucharest,intercapital invest,bucuresti,11-50,intercapital.ro
romania,"",prefectura-judetului-cluj,government administration,linkedin.com/company/prefectura-judetului-cluj,"",prefectura judetului cluj,"",51-200,prefecturacluj.ro
romania,1990,rtc-holding,retail,linkedin.com/company/rtc-holding,"",rtc holding,"",1001-5000,rtc.ro
romania,2000,apa-nova-bucuresti--veolia-apa,utilities,linkedin.com/company/apa-nova-bucuresti--veolia-apa,"",apa nova bucuresti -veolia,bucuresti,1001-5000,apanovabucuresti.ro
romania,2009,twin-picks-music-accessories-company,music,linkedin.com/company/twin-picks-music-accessories-company,satu mare,twin picks music accessories company,satu mare,1-10,twinpicks.com
romania,2000,gant&sterling-consulting,management consulting,linkedin.com/company/gant&sterling-consulting,"",gant&sterling consulting,bucuresti,1-10,gant.ro
romania,1987,bnt-gilescu-valeanu-partners,law practice,linkedin.com/company/bnt-gilescu-valeanu-partners,bucharest,"bnt gilescu, văleanu & partenerii",bucuresti,51-200,""
romania,2003,grand-accommodation-apartments,hospitality,linkedin.com/company/grand-accommodation-apartments,"",grand accommodation apartments,"",1-10,for-rent.ro
romania,"",cte-rent,transportation/trucking/railroad,linkedin.com/company/cte-rent,ciorogarla,cte rent,ilfov,11-50,cterent.ro
romania,"",rofintech,financial services,linkedin.com/company/rofintech,bucharest,romanian fintech association,bucuresti,1-10,""
romania,2016,upbcampus,research,linkedin.com/company/upbcampus,bucharest,research center campus,bucuresti,201-500,""
romania,2018,team-activities,professional training & coaching,linkedin.com/company/team-activities,"",team activities,bucureşti,1-10,team-activities.ro
romania,2016,smartdev-3d,computer software,linkedin.com/company/smartdev-3d,timisoara,smartdev 3d,timis,1-10,smartdev3d.com
romania,2018,synapse-development,computer software,linkedin.com/company/synapse-development,dumbravita,synapse development,timis,1-10,""
romania,"",liceul-teoretic-w.-shakespeare-,education management,linkedin.com/company/liceul-teoretic-w.-shakespeare-,"","liceul teoretic "w. shakespeare"","",51-200,wiliamshakespeare.ro
romania,1996,vh-electronic,consumer electronics,linkedin.com/company/vh-electronic,craiova,vh electronic,dolj,51-200,vhe.ro
romania,2014,civicorientationandsocialintegration,civic & social organization,linkedin.com/company/civicorientationandsocialintegration,dobroesti,cosi (civic orientation and social integration),ilfov,11-50,cosiromania.com
romania,2009,kuxa-studio,furniture,linkedin.com/company/kuxa-studio,"",kuxa studio,bucureşti,11-50,kuxa.ro
romania,2018,digiquery,"",linkedin.com/company/digiquery,bucharest,digiquery,bucuresti,1-10,digiquery.com
romania,2019,rentanddrive,automotive,linkedin.com/company/rentanddrive,"",rentanddrive,cluj,1-10,rentanddrive.ro
romania,2005,activ-systems-&-solutions,information technology and services,linkedin.com/company/activ-systems-&-solutions,"",activ systems & solutions,bucuresti,11-50,activsystems.ro
romania,"",ditre-international,"",linkedin.com/company/ditre-international,"",ditre international,"",11-50,ditreinternational.ro
romania,2002,infiintari-firme,legal services,linkedin.com/company/infiintari-firme,bucharest,infiintari firme,bucuresti,1-10,avocat-firme.info
romania,"",increasemedia,information technology and services,linkedin.com/company/increasemedia,bucharest,increase media,bucuresti,11-50,increasemedia.com
romania,2005,ivatherm,cosmetics,linkedin.com/company/ivatherm,bucharest,ivatherm,bucuresti,11-50,ivatherm.com
romania,2009,sca-cuculis-asociatii,law practice,linkedin.com/company/sca-cuculis-asociatii,"",sca cuculis&asociatii,bucureşti,11-50,indrumari-juridice.eu
romania,2011,urban-spaces-concept-apartments,real estate,linkedin.com/company/urban-spaces-concept-apartments,"",urban spaces concept apartments,"",1-10,urban-spaces.ro
romania,2007,yacht-holidays,"leisure, travel & tourism",linkedin.com/company/yacht-holidays,bucharest,yacht holidays,bucuresti,1-10,yachtholidays.ro
romania,"",mit-motors-intl,"",linkedin.com/company/mit-motors-intl,"",mit motors intl,"",11-50,mit-motors.ro
romania,2013,tapptitude,information technology and services,linkedin.com/company/tapptitude,"",tapptitude,cluj,51-200,tapptitude.com
romania,2015,tooktech,information technology and services,linkedin.com/company/tooktech,timisoara,tooktech web technologies,timis,1-10,tooktech.com
romania,2001,wsqr,professional training & coaching,linkedin.com/company/wsqr,cisnadioara,werner seeger qualitätsmanagement romania,sibiu,1-10,seeger-quality.ro
romania,2016,samsung-hospitality-romania,hospitality,linkedin.com/company/samsung-hospitality-romania,bucharest,samsung hospitality romania,bucuresti,11-50,""
romania,2018,boost-agency-iasi,media production,linkedin.com/company/boost-agency-iasi,iasi,boost agency,iasi,1-10,""
romania,"",new-sight-io,information technology and services,linkedin.com/company/new-sight-io,bucharest,new sight,bucuresti,1-10,newsight.io
romania,"",cont-act-expert,"",linkedin.com/company/cont-act-expert,"",cont act expert,"",11-50,cont-actexpert.ro
romania,2011,constructiiforum-ro,civil engineering,linkedin.com/company/constructiiforum-ro,bucharest,constructiiforum.ro,bucuresti,1-10,constructiiforum.ro
romania,2011,laborator-web,computer software,linkedin.com/company/laborator-web,"",laborator web,"",1-10,laboratorweb.ro
romania,2004,magda-volonciu-associates,law practice,linkedin.com/company/magda-volonciu-associates,constanţa,magda volonciu & associates,constanta,11-50,volonciu.ro
romania,2010,internationalbrandstores,wine and spirits,linkedin.com/company/internationalbrandstores,"",international brand stores srl,cluj,11-50,ib-stores.ro
romania,2003,lucedomotica,design,linkedin.com/company/lucedomotica,"",lucedomotica,bucureşti,11-50,lucedomotica.ro
romania,2017,112-coffee,food & beverages,linkedin.com/company/112-coffee,"",112 coffee & co.,mures,11-50,112coffee.com
romania,2007,mediapro-distribution,motion pictures and film,linkedin.com/company/mediapro-distribution,bucharest,mediapro distribution,bucuresti,1-10,mediaprodistribution.com
romania,2015,forty-management&investments,real estate,linkedin.com/company/forty-management&investments,"",forty management&investments,"",1-10,fortymanagement.ro
romania,2010,tandem-call-center,outsourcing/offshoring,linkedin.com/company/tandem-call-center,"",tandem call center,bucureşti,51-200,tandemcallcenter.ro
romania,1969,navlomarmaritimesrl,maritime,linkedin.com/company/navlomarmaritimesrl,constanţa,navlomar maritime srl,constanta,11-50,navlomar.com
romania,2008,puerto-group,entertainment,linkedin.com/company/puerto-group,bucharest,puerto group,bucuresti,11-50,puerto-events.ro
romania,2003,primus-trans,"leisure, travel & tourism",linkedin.com/company/primus-trans,"",primus trans,bucuresti,1-10,primustrans.com
romania,2018,appstackco,computer software,linkedin.com/company/appstackco,"",appstackco,ilfov,1-10,appstack.ro
romania,2007,gls-general-logistics-systems-romania-srl,package/freight delivery,linkedin.com/company/gls-general-logistics-systems-romania-srl,sibiu,gls general logistics systems romania srl,sibiu,51-200,gls-romania.ro
romania,2014,etbm,retail,linkedin.com/company/etbm,ciugud,etbm.ro,alba,51-200,etbm.ro
romania,"",fly-music-sv,music,linkedin.com/company/fly-music-sv,"",fly-music sv,"",11-50,fly-music.ro
romania,2011,international-trip-planning-services,airlines/aviation,linkedin.com/company/international-trip-planning-services,timisoara,jet advisor,timis,11-50,jetadvisorltd.com
romania,"",galaxy-imobiliare-h-partener,"",linkedin.com/company/galaxy-imobiliare-h-partener,"",galaxy imobiliare h partener,"",1-10,galaxy-imobiliare.ro
romania,2000,elbi-electric-and-lighting-ro,consumer electronics,linkedin.com/company/elbi-electric-and-lighting-ro,"",elbi electric & lighting srl,"",201-500,elbielectric.ro
romania,"",santierul-naval-damen-galati,machinery,linkedin.com/company/santierul-naval-damen-galati,galați,santierul naval damen galati,hunedoara,11-50,damen.ro
romania,2005,antiplagiat,education management,linkedin.com/company/antiplagiat,"",antiplagiat,bucuresti,11-50,antiplagiat.ru
romania,"",unita,insurance,linkedin.com/company/unita,"",unita,"",1001-5000,""
romania,2016,mike-ro-soft,internet,linkedin.com/company/mike-ro-soft,bucharest,mike ro soft,bucuresti,1-10,mikerosoft.ro
romania,2008,claim-expert-gie,insurance,linkedin.com/company/claim-expert-gie,bucharest,claim expert gie,bucuresti,201-500,claimexpert.ro
romania,1992,optima-derma-line,hospital & health care,linkedin.com/company/optima-derma-line,bucharest,optima derma line,bucuresti,11-50,optimashop.ro
romania,2001,interfinish,building materials,linkedin.com/company/interfinish,"",interfinish,"",1-10,interfinish.ro
romania,"",kalman-oster-srl,business supplies and equipment,linkedin.com/company/kalman-oster-srl,"",kalman oster srl,"",1-10,koster.ro
romania,"",softlex,pharmaceuticals,linkedin.com/company/softlex,bucharest,softlex,bucuresti,1-10,softlex.ro
romania,2019,ambient-acolada,design,linkedin.com/company/ambient-acolada,iasi,ambient acolada - totul pentru design,iasi,1-10,""
romania,1994,star-lubricants,oil & energy,linkedin.com/company/star-lubricants,"",star lubricants,cluj,51-200,starlubricants.ro
romania,2000,gt-resources---suporter-call-center,outsourcing/offshoring,linkedin.com/company/gt-resources---suporter-call-center,brasov,gt resources - suporter call center,brasov,11-50,suporter.net
romania,"",isopanest,"",linkedin.com/company/isopanest,"",isopanest,"",11-50,isopanest.ro
romania,2010,varilogic,education management,linkedin.com/company/varilogic,iasi,varilogic,iasi,1-10,varilogic.ro
romania,2014,premium-art,fine art,linkedin.com/company/premium-art,"",premium art,bucuresti,1-10,""
romania,"",novis-srl,chemicals,linkedin.com/company/novis-srl,"",novis srl,"",1-10,novis.ro
romania,2008,wiforce-srl,oil & energy,linkedin.com/company/wiforce-srl,"",wiforce srl,"",51-200,wiforcegroup.com
romania,2017,sidoflux-systems,industrial automation,linkedin.com/company/sidoflux-systems,"",sidoflux systems,bucureşti,1-10,sidoflux.ro
romania,"",the-private-pension-system-supervisory-commission-csspp-,government administration,linkedin.com/company/the-private-pension-system-supervisory-commission-csspp-,bucharest,private pension system supervisory commission,bucuresti,51-200,csspp.ro
romania,"",generalmagic,information technology and services,linkedin.com/company/generalmagic,brasov,general magic,brasov,51-200,generalmagic.com
romania,2009,high-availability-solutions,information technology and services,linkedin.com/company/high-availability-solutions,bucharest,high availability solutions,bucuresti,1-10,hasolutions.ro
romania,2019,get-you-hired,human resources,linkedin.com/company/get-you-hired,galaţi,get you hired,galati,1-10,""
romania,2001,roofart-romania,building materials,linkedin.com/company/roofart-romania,santionlunca,roofart romania,covasna,11-50,roofart.ro
romania,"",coolmedia-production,media production,linkedin.com/company/coolmedia-production,"",coolmedia production,"",11-50,coolmedia.ro
romania,2018,uptrek,"leisure, travel & tourism",linkedin.com/company/uptrek,bucharest,uptrek,bucuresti,1-10,uptrek.com
romania,2006,abc-telecom-distribution,telecommunications,linkedin.com/company/abc-telecom-distribution,bucharest,abc telecom distribution,bucuresti,1-10,abctelecom.ro
romania,2008,euro-web-studio,design,linkedin.com/company/euro-web-studio,"",euro web studio,bucureşti,1-10,ewstudio.ro
romania,2016,codkom-technologies,computer software,linkedin.com/company/codkom-technologies,iasi,codkom technologies,iasi,1-10,codkom.com
romania,2019,enviro-pack-consult,environmental services,linkedin.com/company/enviro-pack-consult,bucharest,enviro pack consult,bucuresti,1-10,enviropack.ro
romania,2013,stereomag,consumer electronics,linkedin.com/company/stereomag,"",stereomag,bucuresti,1-10,stereomag.ro
romania,1999,istyle-retail-romania,computer hardware,linkedin.com/company/istyle-retail-romania,bucharest,istyle retail romania,bucuresti,51-200,istyle.eu
romania,1975,metroul,design,linkedin.com/company/metroul,bucharest,metroul s.a.,bucuresti,51-200,""
romania,2013,pandapanda,architecture & planning,linkedin.com/company/pandapanda,"",pandapanda,"",1-10,pandapanda.ro
romania,2011,next-energy-management,oil & energy,linkedin.com/company/next-energy-management,"",next energy distribution,"",1-10,nexted.ro
romania,2010,il-peccato,restaurants,linkedin.com/company/il-peccato,"",il peccato,bucureşti,11-50,ilpeccato.ro
romania,2016,cosmic-web,computer software,linkedin.com/company/cosmic-web,iasi,cosmic web,iasi,1-10,cosmicweb.ro
romania,2012,job4life,human resources,linkedin.com/company/job4life,"",job4life,"",1-10,job4life.ro
romania,2012,reichmann-asset-management,human resources,linkedin.com/company/reichmann-asset-management,"",reichmann asset management,ilfov,11-50,reichmannequity.co.uk
romania,2012,young-leaders-club,education management,linkedin.com/company/young-leaders-club,"",young leaders club,"",1-10,youngleadersclub.org
romania,"",arhideea,"",linkedin.com/company/arhideea,"",arhideea,"",11-50,arhideea.ro
romania,2006,mystaff-software,computer software,linkedin.com/company/mystaff-software,"",mystaff software,"",11-50,mystaff.co
romania,"",voxxed-days-bucharest,computer software,linkedin.com/company/voxxed-days-bucharest,bucharest,voxxed days bucharest,bucuresti,1-10,incremental.community
romania,2013,codefy-software,information technology and services,linkedin.com/company/codefy-software,iasi,codefy software,iasi,1-10,codefysoftware.com
romania,"",mobicity-ro,"",linkedin.com/company/mobicity-ro,"",mobicity.ro,arges,1-10,""
romania,2012,idp-romania-institutul-dezvoltarii-personale,professional training & coaching,linkedin.com/company/idp-romania-institutul-dezvoltarii-personale,bucharest,idp romania (institutul dezvoltarii personale),bucuresti,1-10,idp-romania.ro
romania,2017,deflammo,design,linkedin.com/company/deflammo,voluntari,deflammo fire protection,ilfov,11-50,deflammo.ro
romania,"",protehno,electrical/electronic manufacturing,linkedin.com/company/protehno,"",protehno,"",1-10,protehno.ro
romania,"",pyro-events,events services,linkedin.com/company/pyro-events,"",pyro events,"",11-50,pyroevents.ro
romania,2012,render-street,information technology and services,linkedin.com/company/render-street,bucharest,renderstreet,bucuresti,1-10,render.st
romania,2006,pom,government administration,linkedin.com/company/pom,"",pom,cluj,1-10,eusipom.ro
romania,2017,graigroup,information technology and services,linkedin.com/company/graigroup,"",grai,cluj,1-10,graigroup.com
romania,2020,big-sister-network,information technology and services,linkedin.com/company/big-sister-network,timisoara,big sister network,timis,1-10,bigsister.network
romania,"",re-act-now-architecture,architecture & planning,linkedin.com/company/re-act-now-architecture,bucharest,re-act now,bucuresti,11-50,re-act.ro
romania,2017,bc-ventures,venture capital & private equity,linkedin.com/company/bc-ventures,"",bc.ventures,"",1-10,bc.ventures
romania,2015,creditfix-ifn,financial services,linkedin.com/company/creditfix-ifn,"",credit fix ifn,bucuresti,11-50,creditfix.ro
romania,"",asociatia-nationala-pentru-protectia-pacientilor,hospital & health care,linkedin.com/company/asociatia-nationala-pentru-protectia-pacientilor,"",asociatia nationala pentru protectia pacientilor,"",1-10,protectiapacientilor.ro
romania,2001,cryo,graphic design,linkedin.com/company/cryo,iasi,cryo-web & advertising,iasi,1-10,cryoweb.site
romania,"",lantec-industries,"",linkedin.com/company/lantec-industries,"",lantec industries,"",11-50,lantecind.ro
romania,1995,professional-hr-agency,human resources,linkedin.com/company/professional-hr-agency,"",professional hr agency,"",1001-5000,professional.com.ro
romania,2007,vitall-srl,food production,linkedin.com/company/vitall-srl,craiova,vitall srl,dolj,501-1000,fermele-crevedia.ro
romania,2014,albimaculat,photography,linkedin.com/company/albimaculat,craiova,alb imaculat,dolj,1-10,albimaculat.ro
romania,"",logo1-ro,design,linkedin.com/company/logo1-ro,"",logo1.ro,mures,1-10,logo1.ro
romania,2013,vasiliu-miclea-sca,law practice,linkedin.com/company/vasiliu-miclea-sca,"",vasiliu miclea sca,bucureşti,1-10,vasiliumiclea.ro
romania,2018,clubul-fermierilor-romani,farming,linkedin.com/company/clubul-fermierilor-romani,voluntari,clubul fermierilor români pentru agricultură performantă,ilfov,1-10,cfro.ro
romania,2003,startq-software,information technology and services,linkedin.com/company/startq-software,oradea,startq software,bihor,1-10,startq.com
romania,2008,e.on-servicii,oil & energy,linkedin.com/company/e.on-servicii,"",e.on servicii,mures,51-200,""
romania,2007,consultor-audit,financial services,linkedin.com/company/consultor-audit,bucharest,consultor audit,bucuresti,11-50,consultorgrup.ro
romania,"",harsha-engineers-europe,mechanical or industrial engineering,linkedin.com/company/harsha-engineers-europe,ghimbav,harsha engineers europe,brasov,201-500,""
romania,1949,incdtim,research,linkedin.com/company/incdtim,"",incdtim,"",201-500,itim-cj.ro
romania,2017,norville-barns-investments,real estate,linkedin.com/company/norville-barns-investments,bucharest,norville barns investments,bucuresti,1-10,norvillebarns.com
romania,2009,edotec-romania,automotive,linkedin.com/company/edotec-romania,turda,edotec romania,cluj,11-50,edotec.ro
romania,1992,copy-tech-serv,printing,linkedin.com/company/copy-tech-serv,"",copy tech serv,"",1-10,copy-tech.ro
romania,"",privileg-catering,events services,linkedin.com/company/privileg-catering,"",privileg catering,"",51-200,privilegcatering.ro
romania,2013,dajobs,human resources,linkedin.com/company/dajobs,vaslui,dajobs,vaslui,1-10,dajobs.ro
romania,1999,hobby-dance,sports,linkedin.com/company/hobby-dance,"",hobby dance,bucureşti,1-10,hobbydance.ro
romania,1937,hotel-ambasador,hospitality,linkedin.com/company/hotel-ambasador,bucharest,hotel ambasador,bucuresti,51-200,ambasador.ro
