country,founded,id,industry,linkedin_url,locality,name,region,size,website
singapore,"",bbdo-asia1,marketing and advertising,linkedin.com/company/bbdo-asia1,singapore,bbdo/proximity asia,central singapore,1001-5000,24labs.net
singapore,2019,archlogbook,architecture & planning,linkedin.com/company/archlogbook,singapore,archlogbook,central singapore,1-10,archlogbook.co
singapore,2019,m-badminton-academy,sports,linkedin.com/company/m-badminton-academy,singapore,m badminton academy,central singapore,1-10,mbadmintonacademy.com
singapore,1934,davis-langdon-&-seah-singapore-pte-ltd,construction,linkedin.com/company/davis-langdon-&-seah-singapore-pte-ltd,"",langdon & seah singapore pte ltd,"",51-200,""
singapore,2002,concourseaero,aviation & aerospace,linkedin.com/company/concourseaero,singapore,concourse aerospace pte ltd,central singapore,1-10,concourse.aero
singapore,"",smiggle,retail,linkedin.com/company/smiggle,singapore,smiggle,"",201-500,smiggle.com
singapore,2006,lovebonito,apparel & fashion,linkedin.com/company/lovebonito,singapore,"love, bonito","",201-500,lovebonito.com
singapore,2018,group-east,marketing and advertising,linkedin.com/company/group-east,singapore,group east,"",1-10,east.sg
singapore,2010,casa-italia---gelato-cafe,restaurants,linkedin.com/company/casa-italia---gelato-cafe,singapore,casa italia pte ltd,"",1-10,casaitalia1962.com
singapore,2013,interfone-international-a-s,telecommunications,linkedin.com/company/interfone-international-a-s,singapore,interfone pte ltd,central singapore,11-50,interfone.com
singapore,2016,dynamic-grc,information technology and services,linkedin.com/company/dynamic-grc,singapore,dynamic-grc,central singapore,1-10,dynamic-grc.com
singapore,"",interconsultants-pte-ltd,"",linkedin.com/company/interconsultants-pte-ltd,"",interconsultants pte ltd,"",51-200,interc.com.sg
singapore,2011,resources-xp-pte-ltd,accounting,linkedin.com/company/resources-xp-pte-ltd,singapore,resources xp pte ltd,central singapore,1-10,resourcesxp.com
singapore,"",enotus-international-inc.,international trade and development,linkedin.com/company/enotus-international-inc.,"",enotus international inc.,"",1-10,""
singapore,2013,lee-co-suite,e-learning,linkedin.com/company/lee-co-suite,singapore,lee & co,central singapore,11-50,""
singapore,2009,scalacademy,construction,linkedin.com/company/scalacademy,singapore,scal academy pte ltd,central singapore,11-50,scal-academy.com.sg
singapore,2009,halimah-services,printing,linkedin.com/company/halimah-services,"",halimah services,"",1-10,halimahs.com
singapore,2014,turbo-dynamics,oil & energy,linkedin.com/company/turbo-dynamics,"",turbodynamics,"",1-10,""
singapore,1984,comat-training-services-pte-ltd,education management,linkedin.com/company/comat-training-services-pte-ltd,singapore,comat training services pte ltd,central singapore,51-200,comat.com.sg
singapore,1996,the-asian-banker,banking,linkedin.com/company/the-asian-banker,singapore,the asian banker,central singapore,51-200,theasianbanker.com
singapore,"",3v-souceone-capital,venture capital & private equity,linkedin.com/company/3v-souceone-capital,"",3v souceone capital,"",11-50,3vs1.com
singapore,2009,imkon,information technology and services,linkedin.com/company/imkon,singapore,imkon,central singapore,1-10,imkon.com
singapore,2018,lionsbot,industrial automation,linkedin.com/company/lionsbot,singapore,lionsbot international pte ltd,central singapore,11-50,lionsbot.com
singapore,2011,urbanhabitat,design,linkedin.com/company/urbanhabitat,singapore,urban habitat design pte ltd,central singapore,51-200,urbanhabitat.com.sg
singapore,"",chinatown-food-corporation-pte-ltd,marketing and advertising,linkedin.com/company/chinatown-food-corporation-pte-ltd,singapore,chinatown food corporation pte ltd,"",1-10,chinatownfood.com.sg
singapore,"",alfa-laval-singapore-pte-ltd,education management,linkedin.com/company/alfa-laval-singapore-pte-ltd,"",alfa laval singapore pte ltd,"",11-50,alfalaval.sg
singapore,"",decal-singapore-pte-ltd,printing,linkedin.com/company/decal-singapore-pte-ltd,"",decal singapore pte ltd,"",11-50,decalsp.com
singapore,2010,elitez-pte-ltd,human resources,linkedin.com/company/elitez-pte-ltd,singapore,elitez pte ltd,central singapore,501-1000,elitez.com.sg
singapore,2014,megamind-consulting-pte-ltd,staffing and recruiting,linkedin.com/company/megamind-consulting-pte-ltd,singapore,megamind consulting pte ltd,central singapore,51-200,megamind.com.sg
singapore,2005,p-a-w-veterinary-centre-pte-ltd,veterinary,linkedin.com/company/p-a-w-veterinary-centre-pte-ltd,singapore,p.a.w. veterinary centre pte ltd,central singapore,1-10,pawvetscentre.com
singapore,"",flyingbots,aviation & aerospace,linkedin.com/company/flyingbots,singapore,flying bots pte ltd,central singapore,1-10,flyingbots.net
singapore,2016,primasio,information technology and services,linkedin.com/company/primasio,singapore,primas,central singapore,51-200,primas.io
singapore,"",searchasiaconsulting,staffing and recruiting,linkedin.com/company/searchasiaconsulting,singapore,searchasia consulting pte ltd,central singapore,51-200,searchasia.com.sg
singapore,2007,aquabis-asiapte-ltd,fishery,linkedin.com/company/aquabis-asiapte-ltd,singapore,aquabis asia pte ltd,"",1-10,aquabis.com
singapore,"",kbs-global-s-pte-ltd,import and export,linkedin.com/company/kbs-global-s-pte-ltd,singapore,kbs global (s) pte ltd,central singapore,11-50,kbs-global.com
singapore,"",mayinartgallery,fine art,linkedin.com/company/mayinartgallery,singapore,mayinart,central singapore,1-10,mayinart.com
singapore,2013,invictus-intelligence-bureau-pte-ltd-,research,linkedin.com/company/invictus-intelligence-bureau-pte-ltd-,singapore,invictus intelligence bureau,"",1-10,invictusintelbureau.com
singapore,2007,bcs-consulting-pte-ltd,management consulting,linkedin.com/company/bcs-consulting-pte-ltd,singapore,bcs consulting pte ltd,central singapore,1-10,bcs-consulting.com
singapore,2019,vaynermedia-apac,marketing and advertising,linkedin.com/company/vaynermedia-apac,singapore,vaynermedia apac,central singapore,51-200,""
singapore,2002,infoplus-solutions-pte-ltd,information technology and services,linkedin.com/company/infoplus-solutions-pte-ltd,"",infoplus solutions,"",11-50,infoplus.com.sg
singapore,2012,cadence-rehabilitation-pte-ltd,hospital & health care,linkedin.com/company/cadence-rehabilitation-pte-ltd,singapore,cadence rehabilitation pte ltd,"",1-10,cadencerehab.com
singapore,1996,danmax-security-management-pte-ltd,security and investigations,linkedin.com/company/danmax-security-management-pte-ltd,singapore,danmax security management pte ltd,"",51-200,danmax.com.sg
singapore,2008,jn-technologies-pte-ltd,"glass, ceramics & concrete",linkedin.com/company/jn-technologies-pte-ltd,singapore,jn technologies pte ltd,central singapore,1-10,jnt-group.com
singapore,2001,mindlinkgroups,real estate,linkedin.com/company/mindlinkgroups,singapore,mindlinkgroups,central singapore,51-200,mindlink.com.sg
singapore,"",eng-bee-foodstuffs-mfg-pte-ltd,food production,linkedin.com/company/eng-bee-foodstuffs-mfg-pte-ltd,singapore,eng bee foodstuffs mfg pte ltd,"",1-10,""
singapore,2015,kodakit,photography,linkedin.com/company/kodakit,singapore,kodakit,"",51-200,kodakit.com
singapore,2017,u-shipz,management consulting,linkedin.com/company/u-shipz,singapore,u shipz,central singapore,1-10,ushipz.com
singapore,2020,mimefinance,internet,linkedin.com/company/mimefinance,singapore,mime,central singapore,1-10,mimeblog.com
singapore,1993,samudera-shipping-line-ltd,transportation/trucking/railroad,linkedin.com/company/samudera-shipping-line-ltd,singapore,samudera shipping line ltd,central singapore,201-500,""
singapore,"",zweec-analytics-pte-ltd,computer software,linkedin.com/company/zweec-analytics-pte-ltd,singapore,zweec analytics pte ltd,"",1-10,""
singapore,"",st-asset-management-ltd,investment management,linkedin.com/company/st-asset-management-ltd,singapore,st asset management ltd,"",51-200,stassetmgt.com
singapore,2015,hundred-thoughts-preschool,education management,linkedin.com/company/hundred-thoughts-preschool,"",hundred thoughts preschool,"",1-10,hundredthoughtspreschool.com
singapore,1890,singapore-teochew-lee-clan-association-新加坡潮州陇西李氏公会,non-profit organization management,linkedin.com/company/singapore-teochew-lee-clan-association-新加坡潮州陇西李氏公会,singapore,singapore teochew lee clan association 新加坡潮州陇西李氏公会,central singapore,51-200,""
singapore,2018,singaporedigitalchambersofcommerce,information technology and services,linkedin.com/company/singaporedigitalchambersofcommerce,singapore,sgdcc foundation,central singapore,11-50,sgdcc.org
singapore,2019,gxcom,financial services,linkedin.com/company/gxcom,singapore,gx,central singapore,51-200,gx.com
singapore,1970,tayrona-capital-financial-group,investment management,linkedin.com/company/tayrona-capital-financial-group,singapore,tayrona capital financial group,central singapore,201-500,""
singapore,2016,lim-loges-&-masters,human resources,linkedin.com/company/lim-loges-&-masters,singapore,lim-loges & masters,"",11-50,limlogesmasters.com
singapore,"",bricon-associates-pte-ltd,hospitality,linkedin.com/company/bricon-associates-pte-ltd,singapore,bricon associates pte ltd,"",11-50,bricon.com.sg
singapore,"",creative-engineering-pte-ltd,construction,linkedin.com/company/creative-engineering-pte-ltd,singapore,creative engineering pte ltd,central singapore,11-50,cepl.sg
singapore,2005,alpha-advisory,investment banking,linkedin.com/company/alpha-advisory,singapore,alpha advisory pte ltd,central singapore,1-10,alphaadvisory.com
singapore,2018,worknetics,human resources,linkedin.com/company/worknetics,singapore,worknetics,central singapore,1-10,worknetics.net
singapore,2014,wave-design-consultants-pte-ltd,architecture & planning,linkedin.com/company/wave-design-consultants-pte-ltd,singapore,wave design consultants pte ltd,central singapore,1-10,wave.global
singapore,2012,unitedlanguagecentre,education management,linkedin.com/company/unitedlanguagecentre,singapore,united language centre,central singapore,11-50,ulc.edu.sg
singapore,2018,zhong-li-xing-automation-equipment-singapore,industrial automation,linkedin.com/company/zhong-li-xing-automation-equipment-singapore,singapore,zhong li xing automation equipment singapore,central singapore,1-10,zlxs-automation.com
singapore,2018,kai-hotel-solutions,information technology and services,linkedin.com/company/kai-hotel-solutions,singapore,kai hotel solutions,central singapore,1-10,gokai.co
singapore,"",student-advisory-centre,information technology and services,linkedin.com/company/student-advisory-centre,"",student advisory centre,"",11-50,""
singapore,2016,bounga,computer & network security,linkedin.com/company/bounga,singapore,bounga informatics pte. ltd.,central singapore,1-10,bounga.sg
singapore,1997,quest-global,outsourcing/offshoring,linkedin.com/company/quest-global,singapore,quest global,central singapore,10001+,quest-global.com
singapore,"",b-braun-singapore-pte-ltd-,medical devices,linkedin.com/company/b-braun-singapore-pte-ltd-,singapore,b. braun singapore pte. ltd.,"",1-10,bbraun.com.sg
singapore,"",ramo-industries-pte-ltd,"",linkedin.com/company/ramo-industries-pte-ltd,"",ramo industries pte ltd,"",51-200,ramoindus.com
singapore,1959,fj-benjamin,retail,linkedin.com/company/fj-benjamin,singapore,f j benjamin,central singapore,1001-5000,fjbenjamin.com
singapore,2015,soos-oio-llp,entertainment,linkedin.com/company/soos-oio-llp,singapore,soos oio llp,central singapore,1-10,soos-oio.com
singapore,"",ea-connect,government relations,linkedin.com/company/ea-connect,singapore,ea connect,"",1-10,eaconnect.nl
singapore,1976,azp-industries-pte-ltd,construction,linkedin.com/company/azp-industries-pte-ltd,singapore,azp industries pte ltd,"",1-10,azpindustries.com
singapore,"",bruhat-logistics,"",linkedin.com/company/bruhat-logistics,singapore,bruhat logistics,central singapore,11-50,""
singapore,1985,temasek-management-services,outsourcing/offshoring,linkedin.com/company/temasek-management-services,singapore,temasek management services,central singapore,501-1000,temasekmanagementservices.com.sg
singapore,"",metaphor-studio-pte-ltd,"",linkedin.com/company/metaphor-studio-pte-ltd,"",metaphor studio pte ltd,"",1-10,metaphor-studio.com
singapore,2002,logical-steps,information technology and services,linkedin.com/company/logical-steps,singapore,logical steps,central singapore,51-200,logicalsteps.net
singapore,1991,armour-publishing,publishing,linkedin.com/company/armour-publishing,singapore,armour publishing,"",11-50,armourpublishing.com
singapore,"",bi4dynamics-asia,information technology and services,linkedin.com/company/bi4dynamics-asia,singapore,bi4dynamics asia pte ltd,central singapore,11-50,bi4dynamics-asia.com
singapore,"",interport-singaporet-pte-ltd,chemicals,linkedin.com/company/interport-singaporet-pte-ltd,"",interport singaporet pte ltd,"",11-50,interport.com
singapore,2004,evive-biotech,biotechnology,linkedin.com/company/evive-biotech,singapore,evive biotech,central singapore,201-500,evivebiotech.com
singapore,2013,lifelong-learning-institute-sg,education management,linkedin.com/company/lifelong-learning-institute-sg,singapore,lli sg (lifelong learning institute),central singapore,11-50,lli.sg
singapore,1999,shinyuu-cold-chain-solutions,logistics and supply chain,linkedin.com/company/shinyuu-cold-chain-solutions,singapore,shinyuu cold chain solutions,"",51-200,shinyuu.com.sg
singapore,2018,freetext-ai,information technology and services,linkedin.com/company/freetext-ai,singapore,freetext ai,central singapore,1-10,freetext.ai
singapore,2016,womanity,"health, wellness and fitness",linkedin.com/company/womanity,singapore,womanity,central singapore,1-10,womanity.com.sg
singapore,"",starkleinc,computer software,linkedin.com/company/starkleinc,singapore,starkle,central singapore,1-10,starkleinc.com
singapore,"",roof-and-facade-pte-ltd,publishing,linkedin.com/company/roof-and-facade-pte-ltd,singapore,roof & facade group,central singapore,11-50,roofandfacade.com
singapore,"",blueskyescapes,"leisure, travel & tourism",linkedin.com/company/blueskyescapes,singapore,blue sky escapes,central singapore,1-10,blueskyescapes.co
singapore,2017,incorporate.sg,legal services,linkedin.com/company/incorporate.sg,singapore,incorporate,central singapore,1-10,incorporate.sg
singapore,"",framework-capital-solutions,investment banking,linkedin.com/company/framework-capital-solutions,singapore,framework capital solutions,"",1-10,""
singapore,2018,xen-technologies,financial services,linkedin.com/company/xen-technologies,singapore,xen technologies,central singapore,11-50,xen.capital
singapore,1998,restroom-association,non-profit organization management,linkedin.com/company/restroom-association,singapore,restroom association (singapore),"",1-10,toilet.org.sg
singapore,2008,jm-forwarding-&-logistics-pte-ltd,logistics and supply chain,linkedin.com/company/jm-forwarding-&-logistics-pte-ltd,"",jm forwarding & logistics pte ltd,"",1-10,jmoffshore.com
singapore,2004,justitsolutions,information technology and services,linkedin.com/company/justitsolutions,singapore,just it solutions,central singapore,1-10,justit.com.sg
singapore,1996,the-oaks-cellars-pte-ltd,retail,linkedin.com/company/the-oaks-cellars-pte-ltd,singapore,the oaks cellars pte ltd,"",11-50,oaks.com.sg
singapore,2008,sample-store-singapore,marketing and advertising,linkedin.com/company/sample-store-singapore,singapore,sample store (singpost),central singapore,1-10,samplestore.com
singapore,"",turning-point-concepts-pte-ltd,"health, wellness and fitness",linkedin.com/company/turning-point-concepts-pte-ltd,"",turning point concepts pte ltd,"",1-10,turningpoint.com.sg
singapore,"",wkwsciengage,public relations and communications,linkedin.com/company/wkwsciengage,singapore,ntu wkwsci: engage,central singapore,11-50,""
singapore,2018,packdd-singapore,events services,linkedin.com/company/packdd-singapore,singapore,packdd singapore,central singapore,1-10,packddsg.com
singapore,1953,kuok-singapore-limited,maritime,linkedin.com/company/kuok-singapore-limited,singapore,kuok singapore limited group,central singapore,5001-10000,kuokgroup.com.sg
singapore,2017,lionheart-studio-pte-ltd,arts and crafts,linkedin.com/company/lionheart-studio-pte-ltd,singapore,lionheart studio asia pacific,central singapore,1-10,lionheart-studio.com
singapore,"",idi-laser-services-pte-ltd,machinery,linkedin.com/company/idi-laser-services-pte-ltd,singapore,idi laser services pte ltd,"",1-10,idi.com.sg
singapore,1997,aci-communications-worldwide-pte-ltd,events services,linkedin.com/company/aci-communications-worldwide-pte-ltd,singapore,aci communications worldwide pte ltd,"",11-50,groupaci.com
singapore,2017,big-pool-pte-ltd,insurance,linkedin.com/company/big-pool-pte-ltd,singapore,big pool pte. ltd,central singapore,1-10,bigpoolglobal.com
singapore,"",mandeville-conservatory-of-music-pte-ltd,music,linkedin.com/company/mandeville-conservatory-of-music-pte-ltd,"",mandeville conservatory of music pte ltd,"",11-50,mandevilleconservatory.com
singapore,"",ccd-enterprise-pte-ltd,commercial real estate,linkedin.com/company/ccd-enterprise-pte-ltd,singapore,ccd enterprise pte ltd,"",1-10,""
singapore,1984,bama-environmental-pte-ltd,renewables & environment,linkedin.com/company/bama-environmental-pte-ltd,singapore,bama environmental pte ltd,"",11-50,bama.com.sg
singapore,2009,now-comms-asia,marketing and advertising,linkedin.com/company/now-comms-asia,singapore,now comms asia,central singapore,51-200,nowcomms.asia
singapore,2014,airtrunk,telecommunications,linkedin.com/company/airtrunk,singapore,airtrunk,"",51-200,airtrunk.com
singapore,2011,excent-one,information technology and services,linkedin.com/company/excent-one,singapore,excent one,central singapore,1-10,excentone.com
singapore,2016,homepecked-e-marketplace-services-pvt-ltd,internet,linkedin.com/company/homepecked-e-marketplace-services-pvt-ltd,singapore,homepecked e-marketplace services pvt ltd,central singapore,1-10,homepecked.com
singapore,"",steelcase-office-solutions-pte-ltd,accounting,linkedin.com/company/steelcase-office-solutions-pte-ltd,singapore,steelcase office solutions pte ltd,"",1-10,""
singapore,2013,skadi-contracting,oil & energy,linkedin.com/company/skadi-contracting,"",skadi contracting,"",1-10,skadicon.com
singapore,2016,altivaz-educational-solutions-private-limited,education management,linkedin.com/company/altivaz-educational-solutions-private-limited,singapore,altivaz educational solutions private limited,central singapore,11-50,altivaz.com
singapore,"",iol-shipping-s-pte-ltd,logistics and supply chain,linkedin.com/company/iol-shipping-s-pte-ltd,singapore,iol shipping (s) pte ltd,central singapore,1-10,iolshipping.com
singapore,2013,shop-cast,internet,linkedin.com/company/shop-cast,singapore,shopcast,central singapore,11-50,shopcast.sg
singapore,2011,calbori-pte-ltd,medical devices,linkedin.com/company/calbori-pte-ltd,singapore,calbori pte ltd,central singapore,1-10,calbori.com
singapore,2011,asian-centre-for-social-entrepreneurship-&-philanthropy-acsep-,research,linkedin.com/company/asian-centre-for-social-entrepreneurship-&-philanthropy-acsep-,singapore,asia centre for social entrepreneurship & philanthropy (acsep),"",1-10,""
singapore,1998,ach-investments-pte-ltd,financial services,linkedin.com/company/ach-investments-pte-ltd,singapore,ach investments pte ltd,central singapore,1-10,ach.to
singapore,"",richl-holding,luxury goods & jewelry,linkedin.com/company/richl-holding,singapore,richl holding,central singapore,11-50,""
singapore,"",rostatic-pte-ltd,"",linkedin.com/company/rostatic-pte-ltd,"",rostatic pte ltd,"",1-10,rostatic.com
singapore,1997,fliconsulting,human resources,linkedin.com/company/fliconsulting,singapore,future leaders international,central singapore,51-200,futureleadersinternational.com
singapore,2011,sprooki,information technology and services,linkedin.com/company/sprooki,singapore,sprooki,central singapore,11-50,sprooki.com
singapore,2013,oak-unipro-solutions-pte-ltd,computer software,linkedin.com/company/oak-unipro-solutions-pte-ltd,singapore,oak unipro solutions pte ltd,"",11-50,oakunipro.com
singapore,2012,w-singapore-sentosa-cove,hospitality,linkedin.com/company/w-singapore-sentosa-cove,singapore,w singapore - sentosa cove,central singapore,201-500,""
singapore,1917,girl-guides-singapore,non-profit organization management,linkedin.com/company/girl-guides-singapore,singapore,girl guides singapore,central singapore,11-50,girlguides.org.sg
singapore,1999,cavu-corp-pte-ltd-s-i2i-limited-group-formerly-known-as-spice-i2i-mediaring-ltd-,computer hardware,linkedin.com/company/cavu-corp-pte-ltd-s-i2i-limited-group-formerly-known-as-spice-i2i-mediaring-ltd-,singapore,cavu corp,"",11-50,cavucorp.com.sg
singapore,2014,magicgroup-asia-pte--ltd-,information technology and services,linkedin.com/company/magicgroup-asia-pte--ltd-,singapore,magicgroup asia pte. ltd.,"",11-50,""
singapore,2011,orfeostory-pte-ltd,information technology and services,linkedin.com/company/orfeostory-pte-ltd,singapore,orfeostory pte ltd,central singapore,11-50,orfeostory.com
singapore,2014,house-of-rose-professional-pte-ltd,management consulting,linkedin.com/company/house-of-rose-professional-pte-ltd,singapore,house of rose professional pte. ltd.,central singapore,1-10,houseofroseprofessional.com
singapore,2010,codigo-pte-ltd,information technology and services,linkedin.com/company/codigo-pte-ltd,singapore,codigo pte ltd,central singapore,11-50,codigo.sg
singapore,2016,workplace-revolution,management consulting,linkedin.com/company/workplace-revolution,singapore,workplace revolution,central singapore,1-10,workplacerevolution.org
singapore,2016,cloud-9-productions-pte-ltd,events services,linkedin.com/company/cloud-9-productions-pte-ltd,singapore,cloud 9 productions,central singapore,1-10,cloud9productions.sg
singapore,2008,epsilon-resources,real estate,linkedin.com/company/epsilon-resources,singapore,epsilon resources,"",1-10,epsilonresources.com
singapore,2014,sybo-tech-singapore,consumer electronics,linkedin.com/company/sybo-tech-singapore,singapore,sybo tech singapore,central singapore,1-10,getpebby.net
singapore,2019,aut0m8r-consulting-tech,information technology and services,linkedin.com/company/aut0m8r-consulting-tech,singapore,aut0m8r : innovating automation,central singapore,1-10,aut0m8r.com
singapore,"",black-diamond-well-services-pte-ltd,oil & energy,linkedin.com/company/black-diamond-well-services-pte-ltd,singapore,black diamond well services pte ltd,central singapore,11-50,""
singapore,2012,nami-trade-official,financial services,linkedin.com/company/nami-trade-official,singapore,nami trade official,central singapore,51-200,nami.io
singapore,2018,shwico-sg,wholesale,linkedin.com/company/shwico-sg,singapore,shwico sg,central singapore,1-10,shwico.com
singapore,"",oxley-holdings-limited-singapore,real estate,linkedin.com/company/oxley-holdings-limited-singapore,singapore,"oxley holdings limited, singapore",central singapore,51-200,oxley.com.sg
singapore,2012,awcl,non-profit organization management,linkedin.com/company/awcl,singapore,awcl,central singapore,1-10,artswok.org
singapore,2014,peachypixx-productions,media production,linkedin.com/company/peachypixx-productions,singapore,peachypixx productions,central singapore,1-10,peachypixx.com
singapore,2010,seaprof-executive-education,education management,linkedin.com/company/seaprof-executive-education,singapore,seaprof executive education,"",1-10,seaprof.com
singapore,"",csr-teg-heavy-industry-southeast-asia-pte-ltd,construction,linkedin.com/company/csr-teg-heavy-industry-southeast-asia-pte-ltd,singapore,csr teg heavy industry (southeast asia) pte ltd,central singapore,1001-5000,""
singapore,2010,sqft-global-properties,real estate,linkedin.com/company/sqft-global-properties,singapore,sqft global properties - singapore,"",11-50,sqftglobal.com
singapore,2015,es-fitness,"health, wellness and fitness",linkedin.com/company/es-fitness,singapore,es fitness,central singapore,11-50,esfitness.ie
singapore,2016,denare-group,international trade and development,linkedin.com/company/denare-group,singapore,denare group,central singapore,11-50,denaregroup.com
singapore,"",dynamics-corp-pte-ltd,"",linkedin.com/company/dynamics-corp-pte-ltd,"",dynamics corp pte ltd,"",1-10,dynamicscorp.com.sg
singapore,2011,pacific-hunt-energy,oil & energy,linkedin.com/company/pacific-hunt-energy,singapore,pacific hunt energy,central singapore,51-200,pacifichuntenergy.com
singapore,2018,standardalpha,management consulting,linkedin.com/company/standardalpha,singapore,standard alpha,central singapore,1-10,standardalpha.com
singapore,2018,trivechain-foundation,computer software,linkedin.com/company/trivechain-foundation,singapore,trivechain foundation ltd,central singapore,11-50,trivechain.com
singapore,2017,hair-transplant-international,cosmetics,linkedin.com/company/hair-transplant-international,singapore,hair transplant international,central singapore,11-50,hairtransplantinternational.com
singapore,2005,crosspoint-pty-ltd,information technology and services,linkedin.com/company/crosspoint-pty-ltd,singapore,crosspoint pty.ltd,central singapore,51-200,crosspoint-telecom.com
singapore,2011,princep-capital-pte-ltd,investment management,linkedin.com/company/princep-capital-pte-ltd,singapore,princep capital pte ltd,"",1-10,princepcapital.com
singapore,2010,adroit-overseas-pte-ltd,import and export,linkedin.com/company/adroit-overseas-pte-ltd,singapore,adroit overseas pte ltd,central singapore,51-200,adroitoverseas.com
singapore,"",gci-investment-management,investment management,linkedin.com/company/gci-investment-management,"",gci investment management,"",1-10,""
singapore,"",gee-suan-human-resource-consultants,human resources,linkedin.com/company/gee-suan-human-resource-consultants,singapore,gee suan human resource consultants,"",1-10,""
singapore,2020,clay-capital-advisors-pte-ltd,financial services,linkedin.com/company/clay-capital-advisors-pte-ltd,singapore,clay capital advisors pte ltd,central singapore,1-10,""
singapore,2002,kb-associates-pte-ltd,oil & energy,linkedin.com/company/kb-associates-pte-ltd,singapore,kb associates group of companies,"",11-50,kbassociates.org
singapore,2008,skp-overseas-pte-ltd,mining & metals,linkedin.com/company/skp-overseas-pte-ltd,singapore,skp overseas pte ltd,"",1-10,skpoverseas.com
singapore,2019,stem-international-organization,education management,linkedin.com/company/stem-international-organization,singapore,stem international organization,central singapore,11-50,stemio.org
singapore,2000,espore-corp-pte-ltd,information technology and services,linkedin.com/company/espore-corp-pte-ltd,singapore,espore corp pte ltd,central singapore,11-50,espore.com
singapore,2014,athena-dynamics,computer & network security,linkedin.com/company/athena-dynamics,singapore,athena dynamics pte ltd,central singapore,11-50,athenadynamics.com
singapore,2016,xylonixio,biotechnology,linkedin.com/company/xylonixio,singapore,xylonix.io,central singapore,1-10,xylonix.io
singapore,2014,getz-clinical,hospital & health care,linkedin.com/company/getz-clinical,singapore,getz clinical,central singapore,11-50,getzclinical.com
singapore,2014,genisysofficesystem,furniture,linkedin.com/company/genisysofficesystem,singapore,genisys office system pte ltd,central singapore,11-50,genisysoffice.com
singapore,1909,chinese-swimming-club,hospitality,linkedin.com/company/chinese-swimming-club,singapore,chinese swimming club,central singapore,51-200,chineseswimmingclub.org.sg
singapore,2017,superble,computer software,linkedin.com/company/superble,singapore,superble,central singapore,1-10,superble.com
singapore,2020,claristrue,staffing and recruiting,linkedin.com/company/claristrue,singapore,claris true,central singapore,11-50,claristrue.com
singapore,"",idfastsg,consumer goods,linkedin.com/company/idfastsg,singapore,idfast,central singapore,1-10,idfast.com.sg
singapore,"",gim-tian-civil-engineering-pte-ltd,civil engineering,linkedin.com/company/gim-tian-civil-engineering-pte-ltd,"",gim tian civil engineering pte ltd,"",11-50,""
singapore,"",constant-bearing,maritime,linkedin.com/company/constant-bearing,singapore,constant bearing,central singapore,1-10,constantbearing.com
singapore,2015,risan-management-consulting-pvt-ltd-,management consulting,linkedin.com/company/risan-management-consulting-pvt-ltd-,singapore,risan asia business partners pte. ltd.,central singapore,1-10,""
singapore,2009,fyreflyz,marketing and advertising,linkedin.com/company/fyreflyz,singapore,fyreflyz pte ltd,central singapore,11-50,fyreflyz.com
singapore,2017,bizzidotco,internet,linkedin.com/company/bizzidotco,singapore,bizzi,central singapore,1-10,bizzi.co
singapore,"",ncomputingapac,computer hardware,linkedin.com/company/ncomputingapac,singapore,ncomputing asia-pacific,central singapore,51-200,""
singapore,"",seletar-jet-charter,airlines/aviation,linkedin.com/company/seletar-jet-charter,singapore,seletar jet charter,central singapore,11-50,seletarjet.net
singapore,1987,astarsg,research,linkedin.com/company/astarsg,singapore,"a*star - agency for science, technology and research",central singapore,5001-10000,a-star.edu.sg
singapore,2016,flexibees,management consulting,linkedin.com/company/flexibees,singapore,flexibees,central singapore,11-50,flexibees.com
singapore,"",yishun-employment,staffing and recruiting,linkedin.com/company/yishun-employment,singapore,yishun employment,"",1-10,yishunemployment.com
singapore,"",impact-corporate-training,management consulting,linkedin.com/company/impact-corporate-training,"",impact corporate training,"",1-10,impactcorporatetraining.com
singapore,2020,all-quant,investment management,linkedin.com/company/all-quant,singapore,allquant,central singapore,1-10,""
singapore,1999,yusarn-audrey,law practice,linkedin.com/company/yusarn-audrey,singapore,yusarn audrey,central singapore,11-50,yusarn.com
singapore,"",spring-city-culture-international-group-pte-ltd-,publishing,linkedin.com/company/spring-city-culture-international-group-pte-ltd-,"",spring city culture international group pte. ltd.,"",1-10,springcityculture.com
singapore,"",trivelope-academy,education management,linkedin.com/company/trivelope-academy,singapore,trivelope academy,central singapore,1-10,trivelope.com
singapore,2012,the-lumenere-group,marketing and advertising,linkedin.com/company/the-lumenere-group,singapore,the lumenere group,"",1-10,lumenere.com
singapore,1950,bmsg,individual & family services,linkedin.com/company/bmsg,singapore,breastfeeding mother's support group (singapore),central singapore,1-10,breastfeeding.org.sg
singapore,2015,kairos-ygeia-pte-ltd,"health, wellness and fitness",linkedin.com/company/kairos-ygeia-pte-ltd,singapore,kairos ygeia pte ltd,central singapore,1001-5000,health-made-simple.com
singapore,2019,pubs-media,marketing and advertising,linkedin.com/company/pubs-media,singapore,pubs.media,central singapore,11-50,pubs.media
singapore,2017,homeauto,internet,linkedin.com/company/homeauto,singapore,homeauto,central singapore,1-10,homeauto.com.sg
singapore,2014,archer-recruitment-pte-ltd,staffing and recruiting,linkedin.com/company/archer-recruitment-pte-ltd,singapore,archer recruitment pte ltd,"",11-50,archerrecruitment.com
singapore,"",steril-medical,medical devices,linkedin.com/company/steril-medical,"",steril medical,"",51-200,sterilmedical.com
singapore,2017,dental-health-holdings-international,insurance,linkedin.com/company/dental-health-holdings-international,singapore,dental health holdings international,"",1-10,dhhintl.com
singapore,"",quintech-life-sciences,biotechnology,linkedin.com/company/quintech-life-sciences,"",quintech life sciences,"",1-10,""
singapore,2009,zhejiang-university-alumni-association-singapore,non-profit organization management,linkedin.com/company/zhejiang-university-alumni-association-singapore,singapore,zhejiang university alumni association singapore,central singapore,11-50,zuaas.com
singapore,"",mccann-health-singapore,marketing and advertising,linkedin.com/company/mccann-health-singapore,singapore,mccann health singapore,"",1-10,""
singapore,2011,as-schneider-asia-pacific-pte-ltd,machinery,linkedin.com/company/as-schneider-asia-pacific-pte-ltd,singapore,as-schneider asia-pacific pte ltd,"",11-50,as-schneider.sg
singapore,2008,greenview,hospitality,linkedin.com/company/greenview,singapore,greenview,central singapore,1-10,greenview.sg
singapore,2009,nitm-technologies-pte-ltd,information technology and services,linkedin.com/company/nitm-technologies-pte-ltd,singapore,nitm technologies pte ltd.,central singapore,1-10,""
singapore,2010,travelogy-com-pte-ltd,internet,linkedin.com/company/travelogy-com-pte-ltd,"",travelogy.com pte ltd,"",11-50,travelogy.com
singapore,2017,finhealth-sg,management consulting,linkedin.com/company/finhealth-sg,singapore,finhealth,central singapore,11-50,finhealth.com.sg
singapore,2010,cross-keys-marketing,management consulting,linkedin.com/company/cross-keys-marketing,"",cross keys group,"",11-50,""
singapore,"",kesm,electrical/electronic manufacturing,linkedin.com/company/kesm,"",kesm,"",501-1000,kesmi.com
singapore,2014,breakthru-performance,management consulting,linkedin.com/company/breakthru-performance,singapore,breakthru performance,"",11-50,breakthruperformance.com
singapore,2003,intense-animation-studio,animation,linkedin.com/company/intense-animation-studio,singapore,intense animation studio,central singapore,1-10,intense-animation.com
singapore,2016,stashaway,financial services,linkedin.com/company/stashaway,singapore,stashaway,central singapore,51-200,stashaway.sg
singapore,2012,outrich,information technology and services,linkedin.com/company/outrich,singapore,outrich pte ltd,central singapore,11-50,outrich.com
singapore,2017,plano-app,information technology and services,linkedin.com/company/plano-app,singapore,plano pte ltd,central singapore,11-50,plano.co
singapore,2013,gems-world-academy-singapore,education management,linkedin.com/company/gems-world-academy-singapore,singapore,gems world academy (singapore),central singapore,51-200,gwa.edu.sg
singapore,2010,true-chiropractic-group,"health, wellness and fitness",linkedin.com/company/true-chiropractic-group,"",true chiropractic group,"",1-10,chiropracticgroup.com.sg
singapore,2013,accentuate-pte-ltd,computer software,linkedin.com/company/accentuate-pte-ltd,singapore,accentuate pte ltd,"",1-10,""
singapore,"",fenix-transformation,management consulting,linkedin.com/company/fenix-transformation,singapore,fenix transformation pte. ltd.,central singapore,1-10,fenixtransformation.com
singapore,1984,ntuhall3,education management,linkedin.com/company/ntuhall3,singapore,ntu hall of residence 3,central singapore,51-200,""
singapore,"",reddot-consultancy-pte-ltd,management consulting,linkedin.com/company/reddot-consultancy-pte-ltd,singapore,reddot consultancy pte ltd,"",1-10,reddotconsultancy.com.sg
singapore,2016,alien-&-turtle-llp,arts and crafts,linkedin.com/company/alien-&-turtle-llp,singapore,alien & turtle llp,central singapore,1-10,alienxturtle.com
singapore,2011,korbett-international,electrical/electronic manufacturing,linkedin.com/company/korbett-international,singapore,korbett international,central singapore,501-1000,korbettinternational.com
singapore,2017,blueredpartners,venture capital & private equity,linkedin.com/company/blueredpartners,singapore,bluered partners,central singapore,1-10,blueredpartners.com
singapore,2018,hubreno,information technology and services,linkedin.com/company/hubreno,singapore,hubreno pte ltd,central singapore,1-10,hubreno.com
singapore,2020,sparklabs-connex,venture capital & private equity,linkedin.com/company/sparklabs-connex,singapore,sparklabs connex,central singapore,1-10,sparklabsconnex.com
singapore,2014,matterprints-com,apparel & fashion,linkedin.com/company/matterprints-com,singapore,matterprints.com,central singapore,1-10,matterprints.com
singapore,"",hattan-international-pte-ltd,"",linkedin.com/company/hattan-international-pte-ltd,"",hattan-international pte ltd,"",1-10,hattan-international.com
singapore,"",fischer-tech-ltd-fisc-,plastics,linkedin.com/company/fischer-tech-ltd-fisc-,singapore,fischer tech ltd (fisc),"",1-10,fischer.com.sg
singapore,2015,orient-telecommunications,internet,linkedin.com/company/orient-telecommunications,singapore,orient telecommunications,"",51-200,orienttele.com
singapore,2008,mojo-studio-singapore,animation,linkedin.com/company/mojo-studio-singapore,singapore,mojo studio (singapore),central singapore,11-50,mojo.sg
singapore,2014,the-cinnamon-room,design,linkedin.com/company/the-cinnamon-room,singapore,the cinnamon room,central singapore,1-10,thecinnamonroom.com
singapore,"",talisman-energy-asia-pacific,oil & energy,linkedin.com/company/talisman-energy-asia-pacific,"",talisman energy - asia pacific,"",201-500,""
singapore,2018,pro-lifting-solution,civil engineering,linkedin.com/company/pro-lifting-solution,singapore,pro-lifting solution,central singapore,11-50,pro-lifting.com.sg
singapore,"",liquidglobal,financial services,linkedin.com/company/liquidglobal,singapore,liquid,central singapore,201-500,""
singapore,2019,blauwparkpartners,investment management,linkedin.com/company/blauwparkpartners,singapore,blauwpark partners,central singapore,1-10,blauwparkpartners.com
singapore,"",pestroniks-innovations-pte-ltd,research,linkedin.com/company/pestroniks-innovations-pte-ltd,singapore,pestroniks innovations pte ltd,central singapore,1-10,pestroniks.com
singapore,"",bachy-soletanche-singapore,construction,linkedin.com/company/bachy-soletanche-singapore,singapore,bachy soletanche singapore,central singapore,201-500,bachy-soletanche.com.sg
singapore,2013,cealk,information technology and services,linkedin.com/company/cealk,singapore,dataperx global pte ltd,central singapore,11-50,dataperx.com
singapore,2007,leonie-hill-capital,investment management,linkedin.com/company/leonie-hill-capital,singapore,leonie hill capital,"",1-10,leoniehillcapital.com
singapore,"",ttj-holdings-ltd,construction,linkedin.com/company/ttj-holdings-ltd,singapore,ttj holdings ltd,central singapore,201-500,""
singapore,2013,nec-laboratories-singapore,research,linkedin.com/company/nec-laboratories-singapore,"",nec laboratories singapore (nls),"",11-50,nec-labs-singapore.com
singapore,2013,selpeo,human resources,linkedin.com/company/selpeo,singapore,selpeo recruitment,central singapore,1-10,selpeo.com
singapore,"",singapore-chinese-orchestra-company-limited,music,linkedin.com/company/singapore-chinese-orchestra-company-limited,singapore,singapore chinese orchestra company limited,"",11-50,""
singapore,"",securitas-singapore,security and investigations,linkedin.com/company/securitas-singapore,singapore,securitas singapore,central singapore,10001+,securitas-singapore.com
singapore,2014,envision-group-digital,computer software,linkedin.com/company/envision-group-digital,singapore,envision digital,central singapore,201-500,envision-digital.com
singapore,2019,cargoai,aviation & aerospace,linkedin.com/company/cargoai,singapore,cargoai,central singapore,11-50,cargoai.co
singapore,"",cerplas-chemicals-pte-ltd,chemicals,linkedin.com/company/cerplas-chemicals-pte-ltd,singapore,cerplas chemicals pte ltd,"",11-50,""
singapore,2015,nutgraf,publishing,linkedin.com/company/nutgraf,singapore,the nutgraf llp,central singapore,11-50,nutgraf.com.sg
singapore,2018,inmediatesg,insurance,linkedin.com/company/inmediatesg,singapore,inmediate pte ltd,central singapore,11-50,inmediate.io
singapore,2019,orozon,information technology and services,linkedin.com/company/orozon,singapore,orozon,central singapore,11-50,orozon.com
singapore,1990,best-world-international-ltd,cosmetics,linkedin.com/company/best-world-international-ltd,singapore,best world international ltd,central singapore,201-500,bestworld.com.sg
singapore,2004,smuicon,civic & social organization,linkedin.com/company/smuicon,singapore,smu international connections (icon),central singapore,11-50,""
singapore,"",addigi-media,marketing and advertising,linkedin.com/company/addigi-media,singapore,addigi media pte ltd,central singapore,1-10,addigi.media
singapore,"",k2ld-architects-pte-ltd,design,linkedin.com/company/k2ld-architects-pte-ltd,singapore,k2ld architects pte ltd,"",11-50,""
singapore,2009,volkswagen-group-regional-after-sales-singapore,automotive,linkedin.com/company/volkswagen-group-regional-after-sales-singapore,singapore,volkswagen group regional after sales singapore,"",51-200,""
singapore,"",wraek,consumer electronics,linkedin.com/company/wraek,singapore,wraek,central singapore,1-10,wraek.com
singapore,2012,temasek-polytechnic-social-impact-catalyst,non-profit organization management,linkedin.com/company/temasek-polytechnic-social-impact-catalyst,singapore,tp social impact catalyst,central singapore,1-10,""
singapore,2011,akïn,marketing and advertising,linkedin.com/company/akïn,singapore,akïn,central singapore,11-50,helloakin.com
singapore,"",luminor-capital-pte-ltd,financial services,linkedin.com/company/luminor-capital-pte-ltd,"",luminor capital pte ltd,"",1-10,luminorcapital.com.sg
singapore,2005,ftth-council-asia-pacific,telecommunications,linkedin.com/company/ftth-council-asia-pacific,singapore,ftth council asia-pacific,central singapore,1-10,ftthcouncilap.org
singapore,2016,medhya,"health, wellness and fitness",linkedin.com/company/medhya,singapore,medhya,"",1-10,medhyaherbals.com
singapore,2014,ipvaluelab,management consulting,linkedin.com/company/ipvaluelab,singapore,ip valuelab,"",1-10,ipvaluelab.com.sg
singapore,2016,narratrs,marketing and advertising,linkedin.com/company/narratrs,singapore,narratrs,central singapore,11-50,narratrs.com
singapore,2006,star-golf-academy,sports,linkedin.com/company/star-golf-academy,singapore,star golf academy,central singapore,11-50,stargolf.com.sg
singapore,2010,silver-media-group-pte-ltd,media production,linkedin.com/company/silver-media-group-pte-ltd,singapore,silver media group pte ltd,"",11-50,silvermediagroup.com
singapore,2012,payment-options,financial services,linkedin.com/company/payment-options,singapore,payment options,central singapore,11-50,paymentoptions.com
singapore,2014,zalpha-systems,telecommunications,linkedin.com/company/zalpha-systems,singapore,zalpha systems pte ltd,central singapore,11-50,zalphasystems.com
singapore,2019,craft-health,"health, wellness and fitness",linkedin.com/company/craft-health,singapore,craft health,central singapore,1-10,crafthealth.me
singapore,2014,visa-grab-international-holdings,human resources,linkedin.com/company/visa-grab-international-holdings,singapore,visa grab international holdings,central singapore,51-200,visagrab.asia
singapore,2014,assemble-singapore,apparel & fashion,linkedin.com/company/assemble-singapore,singapore,assemble singapore,central singapore,1-10,assemblesg.com
singapore,2016,hello-studios-ydmg-,media production,linkedin.com/company/hello-studios-ydmg-,singapore,hello studios (ydmg),"",11-50,hellostudios.tv
singapore,2018,snpmanpower-sg,human resources,linkedin.com/company/snpmanpower-sg,singapore,s&p manpower agency pte ltd,central singapore,501-1000,snpmanpower.com
singapore,1970,singapore-heart-foundation-shf-,"health, wellness and fitness",linkedin.com/company/singapore-heart-foundation-shf-,singapore,singapore heart foundation (shf),central singapore,11-50,myheart.org.sg
singapore,"",morning-wrap,online media,linkedin.com/company/morning-wrap,singapore,morning wrap,central singapore,11-50,morningwrap.com
singapore,"",chesfer-precision-plastics-pte-ltd-,mechanical or industrial engineering,linkedin.com/company/chesfer-precision-plastics-pte-ltd-,singapore,chesfer precision plastics pte. ltd.,"",1-10,""
singapore,"",network-adventures,information technology and services,linkedin.com/company/network-adventures,"",network adventures,"",1-10,networkadventures.com
singapore,2010,asgard-project-solutions,alternative dispute resolution,linkedin.com/company/asgard-project-solutions,singapore,asgard project solutions,central singapore,1-10,asgardprojectsolutions.com
singapore,2011,3elogic-consultancy-pte--ltd-,information technology and services,linkedin.com/company/3elogic-consultancy-pte--ltd-,singapore,3elogic consultancy pte. ltd.,central singapore,1-10,3elogic.com.sg
singapore,1997,dr-haach,"health, wellness and fitness",linkedin.com/company/dr-haach,singapore,dr haach,central singapore,51-200,drhaach.com
singapore,2008,dto-consulting-gmbh,market research,linkedin.com/company/dto-consulting-gmbh,singapore,dto consulting gmbh,central singapore,11-50,dto-research.com
singapore,"",grafichaus-intermedia-llp,design,linkedin.com/company/grafichaus-intermedia-llp,"",grafichaus intermedia llp,"",1-10,grafichaus.com
singapore,2009,whizheartz-edu-centre,education management,linkedin.com/company/whizheartz-edu-centre,singapore,whizheartz edu-centre,central singapore,1-10,whizheartz.com
singapore,"",united-fiber-system-ltd,paper & forest products,linkedin.com/company/united-fiber-system-ltd,"",united fiber system ltd,"",501-1000,ufs.com.sg
singapore,2017,the-disruptive-millennial,internet,linkedin.com/company/the-disruptive-millennial,singapore,the disruptive millennial,"",1-10,disruptivemillennial.com
singapore,2015,big-bang-capital-pte-ltd,investment management,linkedin.com/company/big-bang-capital-pte-ltd,singapore,big bang capital pte ltd,central singapore,11-50,bigbangcapital.sg
singapore,2013,rc9-co,internet,linkedin.com/company/rc9-co,singapore,rc9,central singapore,11-50,rc9.co
singapore,2004,m-sense,civic & social organization,linkedin.com/company/m-sense,singapore,mendaki sense,central singapore,51-200,msense.sg
singapore,2019,comebackgaming,mental health care,linkedin.com/company/comebackgaming,singapore,comeback pte ltd,central singapore,1-10,comeback.world
singapore,2016,montvici,human resources,linkedin.com/company/montvici,singapore,montvici,central singapore,51-200,montvici.com
singapore,1962,nipsea-group-nipponpaint,chemicals,linkedin.com/company/nipsea-group-nipponpaint,singapore,nipsea group,central singapore,10001+,nipponpaint.com
singapore,2011,smartsoft-sg,information technology and services,linkedin.com/company/smartsoft-sg,singapore,smartsoft pte singapore,central singapore,1-10,""
singapore,2005,design-prodigy,marketing and advertising,linkedin.com/company/design-prodigy,singapore,design prodigy pte ltd,central singapore,1-10,dp.sg
singapore,"",spedco-kaltim-pte-ltd,package/freight delivery,linkedin.com/company/spedco-kaltim-pte-ltd,"",spedco kaltim pte ltd,"",11-50,spedcokaltim.net
singapore,2007,design-in-passion,information technology and services,linkedin.com/company/design-in-passion,singapore,design in passion,central singapore,11-50,dip.com.sg
singapore,1998,wilmaxcontrolsystems,oil & energy,linkedin.com/company/wilmaxcontrolsystems,singapore,wilmax control systems,central singapore,51-200,wilmaxcs.com
singapore,2017,silvrbullet,computer software,linkedin.com/company/silvrbullet,singapore,silvrbullet,central singapore,1-10,silvrbullet.com
singapore,"",boon-chang-structure-pte-ltd,construction,linkedin.com/company/boon-chang-structure-pte-ltd,singapore,boon chang structure pte ltd,"",11-50,boonchangstructure.com.sg
singapore,1945,assab,mining & metals,linkedin.com/company/assab,singapore,assab,central singapore,1001-5000,assab.com
singapore,2014,toursontheweb,information technology and services,linkedin.com/company/toursontheweb,singapore,toursontheweb pte. ltd.,central singapore,1-10,toursontheweb.com
singapore,"",ogsp-engineering-pte-ltd,oil & energy,linkedin.com/company/ogsp-engineering-pte-ltd,singapore,ogsp engineering pte ltd,"",11-50,ogsp.com.sg
singapore,"",abacus-global-technology-pte-ltd,information technology and services,linkedin.com/company/abacus-global-technology-pte-ltd,"",abacus global technology pte ltd,"",1-10,abacusgt.com
singapore,2009,grandtag-a2a-cms-pte-ltd,real estate,linkedin.com/company/grandtag-a2a-cms-pte-ltd,singapore,a2a group of companies,central singapore,201-500,a2aglobal.com
singapore,2014,oxygen-media-group,marketing and advertising,linkedin.com/company/oxygen-media-group,singapore,oxygen media group pte ltd,central singapore,1-10,oxygenmediagroup.com
singapore,2015,greyform,construction,linkedin.com/company/greyform,"",greyform private limited,"",51-200,greyform.sg
singapore,1940,kfpn,real estate,linkedin.com/company/kfpn,singapore,knight frank property network,central singapore,501-1000,kf.com.sg
singapore,2014,getklarity,consumer services,linkedin.com/company/getklarity,singapore,getklarity,"",1-10,getklarity.com
singapore,1997,sintop-international-pte-ltd,transportation/trucking/railroad,linkedin.com/company/sintop-international-pte-ltd,"",sintop international pte ltd,"",11-50,sintop.com.sg
singapore,1976,thong-siek-food-industry-pte-ltd,food production,linkedin.com/company/thong-siek-food-industry-pte-ltd,singapore,thong siek food industry pte ltd,central singapore,201-500,thongsiek.com
singapore,2005,da.po-pte-ltd,internet,linkedin.com/company/da.po-pte-ltd,singapore,da.po pte ltd,central singapore,1-10,dapo.live
singapore,2016,aerogon,aviation & aerospace,linkedin.com/company/aerogon,singapore,aerogon,central singapore,11-50,aerogon.aero
singapore,2017,aisingapore,computer software,linkedin.com/company/aisingapore,singapore,ai singapore,"",51-200,aisingapore.org
singapore,"",kent-ridge-health,consumer services,linkedin.com/company/kent-ridge-health,singapore,kent ridge health,central singapore,11-50,kentridgehealth.com
singapore,1975,pansing-distribution-private-limited,consumer goods,linkedin.com/company/pansing-distribution-private-limited,singapore,pansing distribution,"",11-50,pansing.com
singapore,"",commonwealth-avenue-asset-management,investment management,linkedin.com/company/commonwealth-avenue-asset-management,singapore,commonwealth avenue asset management,central singapore,1-10,commonwealthavenueam.com
singapore,1993,ppe-distribution-singapore,business supplies and equipment,linkedin.com/company/ppe-distribution-singapore,singapore,ppe distribution,central singapore,11-50,ppesafety.com.sg
singapore,2008,signatureimageacademyinternational,professional training & coaching,linkedin.com/company/signatureimageacademyinternational,singapore,signature image academy international,central singapore,11-50,signatureimageacademy.com
singapore,"",okya-software,information technology and services,linkedin.com/company/okya-software,singapore,okyasoft,central singapore,1-10,okyasoft.com
singapore,"",scm-systems-s-pte-ltd,information technology and services,linkedin.com/company/scm-systems-s-pte-ltd,singapore,scm systems (s) pte ltd,"",1-10,scmsystems.net
singapore,"",titanium-security-international,maritime,linkedin.com/company/titanium-security-international,"",titanium security international,"",1-10,titaniumsecurityint.com
singapore,"",safety-work-consultancy-pte-ltd.,education management,linkedin.com/company/safety-work-consultancy-pte-ltd.,singapore,safety@work consultancy pte ltd.,"",51-200,safetyatwork.com.sg
singapore,2004,pangolin-investment-management,investment management,linkedin.com/company/pangolin-investment-management,singapore,pangolin investment management,central singapore,1-10,pangolinfund.com
singapore,"",imperial-treasure-restaurant-group-pte-ltd-,hospitality,linkedin.com/company/imperial-treasure-restaurant-group-pte-ltd-,singapore,imperial treasure restaurant group pte. ltd.,"",51-200,imperialtreasure.com
singapore,2010,j2-media-solutions-pte-ltd,information technology and services,linkedin.com/company/j2-media-solutions-pte-ltd,singapore,j2 media solutions pte ltd,central singapore,1-10,j2media.com.sg
singapore,"",eunimartltd,information technology and services,linkedin.com/company/eunimartltd,singapore,eunimart,central singapore,11-50,""
singapore,2013,bloom-agro,farming,linkedin.com/company/bloom-agro,singapore,bloom agro,central singapore,1-10,bloom-agro.com
singapore,1994,meow-learning-centre,education management,linkedin.com/company/meow-learning-centre,singapore,meow learning centre,central singapore,11-50,""
singapore,2009,xyz-wave-ptd-ltd,research,linkedin.com/company/xyz-wave-ptd-ltd,"",xyz wave private limited,"",1-10,xyz.com.sg
singapore,"",motionfxdesign,motion pictures and film,linkedin.com/company/motionfxdesign,"",motionfxdesign,"",1-10,motionfxdesign.com
singapore,2019,devbizops,internet,linkedin.com/company/devbizops,singapore,devbizops,central singapore,1-10,""
singapore,1924,popular-book-co-pte-ltd,retail,linkedin.com/company/popular-book-co-pte-ltd,singapore,popular holdings limited,central singapore,1001-5000,popularworld.com
singapore,2015,rynantechnologies,information technology and services,linkedin.com/company/rynantechnologies,singapore,rynan technologies pte. ltd.,central singapore,51-200,rynantech.com
singapore,2018,earlybooker-co,financial services,linkedin.com/company/earlybooker-co,singapore,split,"",1-10,""
singapore,2017,asiantradecentrefoundation,government relations,linkedin.com/company/asiantradecentrefoundation,singapore,asian trade centre foundation,central singapore,1-10,atc-foundation.org
singapore,"",pacific-harvest-logistics-pte-ltd,"",linkedin.com/company/pacific-harvest-logistics-pte-ltd,"",pacific harvest logistics pte ltd,"",11-50,pacificharvest.com.sg
singapore,"",qb-house,individual & family services,linkedin.com/company/qb-house,singapore,qb house,central singapore,11-50,qbhouse.com
singapore,1959,woodsidesingapore,investment management,linkedin.com/company/woodsidesingapore,singapore,woodside holdings investment management,central singapore,1-10,""
singapore,2014,lemnos-integrated-systems,information technology and services,linkedin.com/company/lemnos-integrated-systems,"",lemnos integrated systems,"",1-10,lemnossystems.com
singapore,"",caffe-b,"",linkedin.com/company/caffe-b,"",caffe b,"",11-50,caffeb.com.sg
singapore,1993,gs-designplastics.com,packaging and containers,linkedin.com/company/gs-designplastics.com,"",gs packaging and design pte ltd,"",1-10,""
singapore,"",sticky-singapore-pte-ltd,retail,linkedin.com/company/sticky-singapore-pte-ltd,"",sticky singapore pte ltd,"",11-50,sticky.com.sg
singapore,2008,advanced-technology-enterprise,information technology and services,linkedin.com/company/advanced-technology-enterprise,singapore,advanced technology enterprise,central singapore,11-50,""
singapore,1995,ming-wah-singapore-agency-pte-ltd,maritime,linkedin.com/company/ming-wah-singapore-agency-pte-ltd,singapore,ming wah (singapore) agency pte ltd,"",1-10,""
singapore,1990,commonwealth-travel-service-corporation-pte-ltd,"leisure, travel & tourism",linkedin.com/company/commonwealth-travel-service-corporation-pte-ltd,singapore,commonwealth travel service corporation pte ltd,central singapore,51-200,ctc.com.sg
singapore,"",cellpack-far-east-pte-ltd,electrical/electronic manufacturing,linkedin.com/company/cellpack-far-east-pte-ltd,singapore,cellpack far east pte ltd,"",1-10,""
singapore,2020,deliversg,food & beverages,linkedin.com/company/deliversg,singapore,deliver.sg,central singapore,1-10,deliver.sg
singapore,2016,pixium-digital-pte-ltd,computer software,linkedin.com/company/pixium-digital-pte-ltd,singapore,pixium digital pte ltd,central singapore,11-50,pixiumdigital.com
singapore,"",titan-offshore-equipment-pte-ltd-,maritime,linkedin.com/company/titan-offshore-equipment-pte-ltd-,singapore,titan offshore equipment pte. ltd.,"",1-10,""
singapore,2017,zoom-tools,information technology and services,linkedin.com/company/zoom-tools,singapore,zoom tools,"",1-10,zoom.tools
singapore,2017,brass-lion-distillery,wine and spirits,linkedin.com/company/brass-lion-distillery,singapore,brass lion distillery,central singapore,1-10,brassliondistillery.com
singapore,2006,what-where-when,marketing and advertising,linkedin.com/company/what-where-when,singapore,what where when,central singapore,1-10,whatwherewhen.sg
singapore,2016,thefoodstuff,online media,linkedin.com/company/thefoodstuff,singapore,the foodstuff,central singapore,1-10,thefoodstuff.com
singapore,2015,cato-singapore,food & beverages,linkedin.com/company/cato-singapore,singapore,cato singapore,"",1-10,catosingapore.com
singapore,1997,ethos-books,publishing,linkedin.com/company/ethos-books,singapore,ethos books,central singapore,11-50,ethosbooks.com.sg
singapore,2012,italiani-a-singapore,internet,linkedin.com/company/italiani-a-singapore,singapore,italiani a singapore,central singapore,1-10,italianiasingapore.com
singapore,2017,oramasg,maritime,linkedin.com/company/oramasg,singapore,orama,"",1-10,orama.sg
singapore,2003,kaira-global,computer hardware,linkedin.com/company/kaira-global,singapore,kaira technology,central singapore,51-200,kairaglobal.com
singapore,2014,rht-management-services,management consulting,linkedin.com/company/rht-management-services,singapore,rht management services,"",11-50,rhtmgtsvcs.com
singapore,2003,ysas,non-profit organization management,linkedin.com/company/ysas,singapore,young sikh association singapore,central singapore,11-50,ysas.org
singapore,"",carlton-resources,oil & energy,linkedin.com/company/carlton-resources,singapore,carlton resources,"",1-10,""
singapore,1988,alert-disaster-control,oil & energy,linkedin.com/company/alert-disaster-control,singapore,alert disaster control,central singapore,51-200,alertdisastercontrol.com
singapore,"",maritimecapitalholding,investment management,linkedin.com/company/maritimecapitalholding,singapore,maritime capital holding,central singapore,1-10,maritimecapitalholding.com
singapore,2006,verticurl-pte-ltd,marketing and advertising,linkedin.com/company/verticurl-pte-ltd,singapore,verticurl (a wpp company),central singapore,501-1000,verticurl.com
singapore,"",skylace-language-school,education management,linkedin.com/company/skylace-language-school,"",skylace language school,"",11-50,""
singapore,2018,bdgblockchainconsultants,management consulting,linkedin.com/company/bdgblockchainconsultants,singapore,black diamond group private limited,central singapore,11-50,blackdiamondgroup.io
singapore,1999,trpc,telecommunications,linkedin.com/company/trpc,singapore,trpc pte ltd,central singapore,11-50,trpc.biz
singapore,"",sh-design-&-build-pte-ltd,construction,linkedin.com/company/sh-design-&-build-pte-ltd,singapore,sh design & build pte ltd,central singapore,501-1000,shdb.com.sg
singapore,"",securus-pte-ltd,"",linkedin.com/company/securus-pte-ltd,"",securus pte ltd,"",11-50,securus.com.sg
singapore,1995,mediacom-singapore,marketing and advertising,linkedin.com/company/mediacom-singapore,singapore,mediacom singapore,"",51-200,""
singapore,2001,aslc,law practice,linkedin.com/company/aslc,singapore,angeline suparto law corporation,central singapore,11-50,angelinesuparto.com
singapore,2014,stamford-advisors-pte-ltd,management consulting,linkedin.com/company/stamford-advisors-pte-ltd,singapore,stamford advisors,"",1-10,stamfordadvisors.com
singapore,2015,visible-one,marketing and advertising,linkedin.com/company/visible-one,singapore,visible one,central singapore,11-50,visibleone.com
singapore,"",graces-manpower-agency,hospital & health care,linkedin.com/company/graces-manpower-agency,singapore,graces manpower agency,"",1-10,gracesmaid.com
singapore,"",landz-realty-pte-ltd,real estate,linkedin.com/company/landz-realty-pte-ltd,"",landz realty pte ltd,"",11-50,landzrealty.com
singapore,2005,traininggearasia,professional training & coaching,linkedin.com/company/traininggearasia,singapore,traininggearasia pte ltd,central singapore,1-10,traininggearasia.com
singapore,2013,thehiddengood,media production,linkedin.com/company/thehiddengood,singapore,the hidden good,central singapore,1-10,thehiddengood.com
singapore,2001,cogent-communications-pte-ltd,public relations and communications,linkedin.com/company/cogent-communications-pte-ltd,singapore,cogent communications pte ltd,central singapore,1-10,cogentcomms.com
singapore,2018,venturesgenesis,venture capital & private equity,linkedin.com/company/venturesgenesis,singapore,genesis alternative ventures,central singapore,1-10,genesisventures.co
singapore,2019,akgisingapore,insurance,linkedin.com/company/akgisingapore,singapore,akgi,central singapore,1-10,akgi-sg.com
singapore,"",mind-the-label,apparel & fashion,linkedin.com/company/mind-the-label,singapore,mind the label,central singapore,1-10,mindthelabel.com
singapore,2014,jd-cloud-solutions,information technology and services,linkedin.com/company/jd-cloud-solutions,singapore,jd cloud solutions,central singapore,11-50,jdcloud.com.au
singapore,1993,cci-world-rewards-pte-ltd,marketing and advertising,linkedin.com/company/cci-world-rewards-pte-ltd,singapore,cci world rewards pte ltd,"",11-50,cciworldrewards.com
singapore,"",lightning-express-logistics-pte-ltd,"",linkedin.com/company/lightning-express-logistics-pte-ltd,"",lightning express logistics pte ltd,"",11-50,lightning.com.sg
singapore,2015,hourvillage,internet,linkedin.com/company/hourvillage,singapore,hourvillage,"",11-50,hourvillage.com
singapore,"",fuji-shanhong-power-solutions-pte-ltd-,electrical/electronic manufacturing,linkedin.com/company/fuji-shanhong-power-solutions-pte-ltd-,"",fuji-shanhong power solutions pte ltd.,"",1-10,fuji-shanhong.com
singapore,2009,classic-equine-dentistry,consumer services,linkedin.com/company/classic-equine-dentistry,singapore,classic equine dentistry: equine dentistry services of east & south east asia,central singapore,1-10,classicequinedentistry.com
singapore,2018,ortus-mining-capital,mining & metals,linkedin.com/company/ortus-mining-capital,singapore,ortus mining capital,central singapore,1-10,ortusmining.com
singapore,2015,netpluz,information technology and services,linkedin.com/company/netpluz,singapore,netpluz asia pte ltd,central singapore,11-50,netpluz.asia
singapore,"",roche-diagnostics-asia-pacific,biotechnology,linkedin.com/company/roche-diagnostics-asia-pacific,singapore,roche diagnostics asia pacific,"",10001+,""
singapore,1970,ah-nam-optical-corporation-pte-ltd,wholesale,linkedin.com/company/ah-nam-optical-corporation-pte-ltd,singapore,ah nam optical corporation pte ltd,"",1-10,meeteyewearblog.com
singapore,2015,yuj-ventures,venture capital & private equity,linkedin.com/company/yuj-ventures,singapore,yuj ventures,central singapore,1-10,yujventures.com
singapore,2007,vantarion-pte-ltd,biotechnology,linkedin.com/company/vantarion-pte-ltd,singapore,vantarion pte ltd,central singapore,1-10,vantarion.com
singapore,2007,fertilitycare-singapore,"health, wellness and fitness",linkedin.com/company/fertilitycare-singapore,singapore,caritas fertilitycare,central singapore,1-10,fertilitycare.com.sg
singapore,"",auditor-general's-office,government administration,linkedin.com/company/auditor-general's-office,singapore,auditor-general's office,central singapore,51-200,ago.gov.sg
singapore,2014,sinvict-technology-pte-ltd-,machinery,linkedin.com/company/sinvict-technology-pte-ltd-,singapore,sinvict technology pte. ltd.,central singapore,11-50,sinvict.com
singapore,2016,jio-technologies-limited,information technology and services,linkedin.com/company/jio-technologies-limited,singapore,jio technologies limited,central singapore,11-50,jiojio.me
singapore,"",kajo-project-management-pte-ltd,"",linkedin.com/company/kajo-project-management-pte-ltd,singapore,kajo project management pte. ltd.,central singapore,1-10,""
singapore,"",netexboom-limited,internet,linkedin.com/company/netexboom-limited,singapore,netexboom limited,central singapore,11-50,triplisher.com
singapore,"",cheeze-marketing-services-pte-ltd,marketing and advertising,linkedin.com/company/cheeze-marketing-services-pte-ltd,singapore,cheeze marketing services pte ltd,"",51-200,cheezemark.com
singapore,2010,wsx,venture capital & private equity,linkedin.com/company/wsx,singapore,wsx ventures,central singapore,11-50,wsx.ro
singapore,1992,permanent-personnel-services-pte-ltd,staffing and recruiting,linkedin.com/company/permanent-personnel-services-pte-ltd,"",permanent personnel services pte ltd,"",11-50,ppsjob.com.sg
singapore,2003,de-hygienique-asia-pte-ltd,"health, wellness and fitness",linkedin.com/company/de-hygienique-asia-pte-ltd,"",de hygienique (asia) pte ltd,"",11-50,dh-asia.com
singapore,"",kababayan-far-east-manpower-&-services,"",linkedin.com/company/kababayan-far-east-manpower-&-services,"",kababayan far east manpower & services,"",1-10,""
singapore,2014,beamandgo,internet,linkedin.com/company/beamandgo,singapore,beamandgo pte ltd,central singapore,11-50,beamandgo.com
singapore,"",technology-era,media production,linkedin.com/company/technology-era,singapore,the technology era,central singapore,11-50,thetechnologyera.com
singapore,2014,contrast-ratio-pte-ltd,design,linkedin.com/company/contrast-ratio-pte-ltd,"",contrast ratio pte ltd,"",1-10,contrastratio.net
singapore,2015,rvp-venture-group,venture capital & private equity,linkedin.com/company/rvp-venture-group,"",rvp one,"",1-10,rvp-group.com
singapore,2010,moppeteers,education management,linkedin.com/company/moppeteers,singapore,moppeteers,central singapore,51-200,moppeteers.com.sg
singapore,2010,gloria-james-civetta-co,legal services,linkedin.com/company/gloria-james-civetta-co,singapore,gloria james-civetta & co.,central singapore,11-50,gjclaw.com.sg
singapore,1990,tnlengineering,mechanical or industrial engineering,linkedin.com/company/tnlengineering,singapore,tnl engineering works pte ltd,central singapore,11-50,tnlengineering.com
singapore,2010,light-collab,architecture & planning,linkedin.com/company/light-collab,singapore,light collab,central singapore,1-10,lightcollab.com
singapore,2012,insurediy,financial services,linkedin.com/company/insurediy,singapore,insurediy,central singapore,11-50,insurediy.com.sg
singapore,"",studiofivecorp,media production,linkedin.com/company/studiofivecorp,"",studiofivecorp,"",1-10,""
singapore,2015,transwapgroup,financial services,linkedin.com/company/transwapgroup,singapore,transwap,central singapore,11-50,transwap.com
singapore,2002,pazzion-group,retail,linkedin.com/company/pazzion-group,singapore,pazzion group,central singapore,51-200,pazzion.com
singapore,2014,store-it-self-storage-asia,real estate,linkedin.com/company/store-it-self-storage-asia,singapore,store it! self storage,central singapore,1-10,lovestoreit.com
singapore,"",hysteryal-singapore,automotive,linkedin.com/company/hysteryal-singapore,singapore,hyster-yale lift trucks singapore,central singapore,11-50,""
singapore,2009,ibis-singapore-on-bencoolen,hospitality,linkedin.com/company/ibis-singapore-on-bencoolen,singapore,ibis singapore on bencoolen,central singapore,51-200,www-singapore.com
singapore,2007,ideafoundry,marketing and advertising,linkedin.com/company/ideafoundry,singapore,idea foundry marketing,central singapore,1-10,ideafoundry.asia
singapore,2016,credevo,hospital & health care,linkedin.com/company/credevo,"",credevo,"",1-10,credevo.com
singapore,2010,inca-law-llc,law practice,linkedin.com/company/inca-law-llc,singapore,inca law llc,central singapore,11-50,incalaw.com
singapore,2005,interflour-group-pte-ltd,food production,linkedin.com/company/interflour-group-pte-ltd,singapore,interflour group pte ltd,central singapore,1001-5000,interflour.com.sg
singapore,2005,helix-media,public relations and communications,linkedin.com/company/helix-media,singapore,helix media,"",1-10,helixmediaco.com
singapore,1991,hirata-singapore,mechanical or industrial engineering,linkedin.com/company/hirata-singapore,singapore,"hirata fa engineering, singapore","",1-10,""
singapore,2005,eagles-valley-poultry,farming,linkedin.com/company/eagles-valley-poultry,"",eagles valley poultry,north west,51-200,eaglesvalley.co.za
singapore,2018,regall-sg,legal services,linkedin.com/company/regall-sg,singapore,regall lt,central singapore,1-10,regall.tech
singapore,2010,oasis-smart-sim,telecommunications,linkedin.com/company/oasis-smart-sim,singapore,oasis smart sim,"",11-50,oasis-smartsim.com
singapore,2013,theuniversefantastic,marketing and advertising,linkedin.com/company/theuniversefantastic,singapore,the universe fantastic,central singapore,1-10,theuniversefantastic.co
singapore,2003,qingjian-international-south-pacific-group-development-co.-pte-ltd,construction,linkedin.com/company/qingjian-international-south-pacific-group-development-co.-pte-ltd,singapore,"qingjian international (south pacific) group development co., pte ltd",central singapore,1001-5000,""
singapore,2006,mind-your-life,"health, wellness and fitness",linkedin.com/company/mind-your-life,singapore,mind your life pte ltd,central singapore,1-10,myl.sg
singapore,2008,teddystomach,design,linkedin.com/company/teddystomach,"",teddystomach,"",1-10,teddystomach.com
singapore,2014,postika,computer software,linkedin.com/company/postika,singapore,positka fsi pte,central singapore,11-50,positka.com
singapore,2013,think-kids,mental health care,linkedin.com/company/think-kids,singapore,think kids,central singapore,11-50,think-kids.com
singapore,"",alineacollective,photography,linkedin.com/company/alineacollective,singapore,alinea collective pte ltd,central singapore,1-10,alineacollective.sg
singapore,2000,dream-academy-productions-pte-ltd,entertainment,linkedin.com/company/dream-academy-productions-pte-ltd,singapore,dream academy®,central singapore,1-10,dreamacademy.com.sg
singapore,2012,hera-capital,investment management,linkedin.com/company/hera-capital,singapore,hera capital,central singapore,1-10,hera-capital.com
singapore,1974,wah-joo-seng-international-trading-pte-ltd,wholesale,linkedin.com/company/wah-joo-seng-international-trading-pte-ltd,singapore,wah joo seng international trading pte ltd,central singapore,11-50,kingflex.com
singapore,"",smu-sports-union,sports,linkedin.com/company/smu-sports-union,singapore,smu sports union,central singapore,11-50,smusportsunion.com
