country,founded,id,industry,linkedin_url,locality,name,region,size,website
slovakia,"",comix-s-r-o-,information technology and services,linkedin.com/company/comix-s-r-o-,"",comix s.r.o.,"",1-10,comix.sk
slovakia,"",dag-slovakia-a-s-,"",linkedin.com/company/dag-slovakia-a-s-,"",dag slovakia a.s.,"",11-50,dagslovakia.sk
slovakia,"",hgv-parts-s-r-o-,"",linkedin.com/company/hgv-parts-s-r-o-,"",hgv parts s.r.o.,"",1-10,genparts.eu
slovakia,1996,heitec-slovensko,mechanical or industrial engineering,linkedin.com/company/heitec-slovensko,trencin,heitec slovensko,trencin,11-50,heitec.sk
slovakia,"",vamex-a-s-košice,"",linkedin.com/company/vamex-a-s-košice,"",vamex a.s. košice,"",11-50,vamex.sk
slovakia,2012,bactor&wirney,marketing and advertising,linkedin.com/company/bactor&wirney,bratislava,bactor & wirney,bratislavský,1-10,b-w.sk
slovakia,2020,robotfederation,computer software,linkedin.com/company/robotfederation,bratislava,robot federation,bratislava,1-10,robotfederation.com
slovakia,"",colormetal,"",linkedin.com/company/colormetal,"",colormetal,"",1-10,colormetal.sk
slovakia,2015,super-vision-s.r.o,automotive,linkedin.com/company/super-vision-s.r.o,bratislava,super vision s.r.o,bratislavský,11-50,supervision-ges.eu
slovakia,"",marat-n-real-s.r.o.,real estate,linkedin.com/company/marat-n-real-s.r.o.,kosice,"maratón real, s.r.o.",kosice,1-10,maratonreal.sk
slovakia,"",premium-business-hotel-bratislava,hospitality,linkedin.com/company/premium-business-hotel-bratislava,bratislava,premium**** business hotel bratislava,bratislavský,1-10,hotel-premium.sk
slovakia,2017,madosoft,computer software,linkedin.com/company/madosoft,"",madosoft,"",1-10,madosoft.eu
slovakia,2016,hub-hub,commercial real estate,linkedin.com/company/hub-hub,bratislava,hubhub_,bratislavský,11-50,hubhub.com
slovakia,1995,zdru-enie-pre-riadenie-a-rozvoj-udsk-ch-zdrojov,human resources,linkedin.com/company/zdru-enie-pre-riadenie-a-rozvoj-udsk-ch-zdrojov,"",hrcomm - združenie pre riadenie a rozvoj ľudských zdrojov,"",11-50,""
slovakia,1993,stor-cad-–-graitec-s.r.o.,computer software,linkedin.com/company/stor-cad-–-graitec-s.r.o.,nivy,štor cad – graitec s.r.o.,bratislava,11-50,stor.sk
slovakia,2007,mbank-bre-bank-sa,banking,linkedin.com/company/mbank-bre-bank-sa,bratislava,"mbank s.a., pobočka zahraničnej banky",bratislavský,51-200,mbank.sk
slovakia,1995,excimer-očné-laserové-centrum,hospital & health care,linkedin.com/company/excimer-očné-laserové-centrum,bratislava,excimer očné laserové centrum,bratislavský,11-50,excimer.sk
slovakia,2001,havel-partners,legal services,linkedin.com/company/havel-partners,bratislava,"havel & partners, slovak republic",bratislavský,501-1000,havelpartners.sk
slovakia,2001,garage-66,automotive,linkedin.com/company/garage-66,"",garage 66,"",11-50,garage66.com
slovakia,2017,themarketing,marketing and advertising,linkedin.com/company/themarketing,bratislava,themarketing | marketing & advertising,bratislavský,1-10,themarketing.sk
slovakia,"",bowa-s.r.o.,"",linkedin.com/company/bowa-s.r.o.,bratislava,bowa s.r.o.,bratislavský,11-50,""
slovakia,"",cbp-carbon-industries-inc-cbpj-,environmental services,linkedin.com/company/cbp-carbon-industries-inc-cbpj-,bratislava,cbp carbon industries inc (cbpj),bratislavský,1-10,cbpcarbon.com
slovakia,"",dorpss.r.o.,computer software,linkedin.com/company/dorpss.r.o.,bratislava,dorps s.r.o.,bratislavský,1-10,dorps.sk
slovakia,2014,aqist-a--s-,information technology and services,linkedin.com/company/aqist-a--s-,bratislava,"aqist, a. s.",bratislavský,1-10,aqist.sk
slovakia,2007,powerplay-studio,computer games,linkedin.com/company/powerplay-studio,bratislava,powerplay studio,bratislavský,51-200,powerplay.studio
slovakia,2004,crystal-call-a.s.,telecommunications,linkedin.com/company/crystal-call-a.s.,bratislava,"crystal call, a.s.",bratislavský,1001-5000,crystalcall.eu
slovakia,2012,electronic-star-a-s-,retail,linkedin.com/company/electronic-star-a-s-,bratislava,electronic-star a.s.,bratislava,51-200,electronic-star.sk
slovakia,"",euroinex,"",linkedin.com/company/euroinex,"",euroinex,"",1-10,euroinex.sk
slovakia,2008,arbitas,computer software,linkedin.com/company/arbitas,bratislava,arbitas,bratislavský,11-50,arbitas.com
slovakia,1954,-evt-a-s-,retail,linkedin.com/company/-evt-a-s-,bratislava,ševt a.s.,bratislavský,201-500,sevt.sk
slovakia,2010,interiersklo,"glass, ceramics & concrete",linkedin.com/company/interiersklo,"",interiersklo,"",11-50,interiersklo.eu
slovakia,2004,grain-slovakia,information technology and services,linkedin.com/company/grain-slovakia,bratislava,grain slovakia s.r.o.,bratislavský,11-50,grain.sk
slovakia,"",bmz,"",linkedin.com/company/bmz,"",bmz,"",201-500,bmz.sk
slovakia,"",red-point-studio,media production,linkedin.com/company/red-point-studio,"",red point studio,"",1-10,redpoint.sk
slovakia,2005,global-services-tv-a-s,automotive,linkedin.com/company/global-services-tv-a-s,bratislava,global services tv a.s.,bratislavský,51-200,cartv.eu
slovakia,2011,max-sport-s-r-o-,food production,linkedin.com/company/max-sport-s-r-o-,"",max sport ltd.,"",11-50,maxsportnutrition.com
slovakia,"",fusakle,apparel & fashion,linkedin.com/company/fusakle,bratislava,fusakle,bratislavský,51-200,fusakle.sk
slovakia,1999,trisoft_2,information technology and services,linkedin.com/company/trisoft_2,"",trisoft,"",1-10,trisoft.sk
slovakia,1990,kopex-košice,management consulting,linkedin.com/company/kopex-košice,kosice,"kopex, spol. s r.o., košice",kosice,1-10,kopex.sk
slovakia,2010,it-v-kurze,education management,linkedin.com/company/it-v-kurze,bratislava,it v kurze,bratislavský,11-50,itvkurze.sk
slovakia,2007,ed7,information technology and services,linkedin.com/company/ed7,komarno,ed7,nitra,1-10,ed7.eu
slovakia,2016,skytec-umc-management-s-r-o,management consulting,linkedin.com/company/skytec-umc-management-s-r-o,bratislava,skytec umc management  s.r.o.,bratislavský,11-50,skytec-group.com
slovakia,2007,anovative,internet,linkedin.com/company/anovative,kosice,anovative,kosice,1-10,anovative.com
slovakia,2014,ice'n'go-s-r-l-,food & beverages,linkedin.com/company/ice'n'go-s-r-l-,"",ice'n'go s.r.l.,"",1-10,icengo.it
slovakia,2014,wealth-effect-management,financial services,linkedin.com/company/wealth-effect-management,"",wealth effect management,"",11-50,wem.sk
slovakia,"",spievankovo,"",linkedin.com/company/spievankovo,"",spievankovo,"",1-10,mariapodhradska.sk
slovakia,2009,groupama-poisťovňa-a-s-,insurance,linkedin.com/company/groupama-poisťovňa-a-s-,bratislava,groupama poiså¥ovåa a.s.,bratislavský,1-10,""
slovakia,"",aip-s.r.o.,import and export,linkedin.com/company/aip-s.r.o.,"",aip s.r.o.,"",1-10,mezcal.sk
slovakia,2008,pharm-in,information technology and services,linkedin.com/company/pharm-in,"",pharm-in spol. s r. o.,"",11-50,pharmin.sk
slovakia,"",getexpress,transportation/trucking/railroad,linkedin.com/company/getexpress,"",get express,presovsky,11-50,getexpress.sk
slovakia,2008,panox-creative,internet,linkedin.com/company/panox-creative,bratislava,panox creative,bratislavský,1-10,panox.sk
slovakia,2008,safe-time-spol-s-r-o-,public safety,linkedin.com/company/safe-time-spol-s-r-o-,banska bystrica,"safe time, spol. s r.o.",banska bystrica,11-50,safetime.sk
slovakia,"",factory-4-solutions-a.s.,information technology and services,linkedin.com/company/factory-4-solutions-a.s.,"",factory 4 solutions a.s.,"",11-50,f4s.sk
slovakia,"",still-life-academy,photography,linkedin.com/company/still-life-academy,kosice,still life academy,kosice,1-10,stilllifeacademy.com
slovakia,2013,oils4cars,automotive,linkedin.com/company/oils4cars,"",oils4cars,"",1-10,oils4cars.com
slovakia,"",innocent-ltd.,consumer services,linkedin.com/company/innocent-ltd.,"","innocent, ltd.",kosicky,1-10,innocentcompany.com
slovakia,"",the-tyme-council,information technology and services,linkedin.com/company/the-tyme-council,"",the tyme council,"",1-10,ttcweb.sk
slovakia,2010,inštitút-urbánneho-rozvoja,architecture & planning,linkedin.com/company/inštitút-urbánneho-rozvoja,bratislava,inštitút urbánneho rozvoja,bratislavský,1-10,iur.sk
slovakia,2014,verart-sk,graphic design,linkedin.com/company/verart-sk,bratislava,verart.sk,bratislavský,1-10,verart.sk
slovakia,2009,playzonecz,internet,linkedin.com/company/playzonecz,karlova ves,playzone agency,bratislava,11-50,playzone.cz
slovakia,"",čarnogurský-ulc,law practice,linkedin.com/company/čarnogurský-ulc,bratislava,ulc čarnogurský - law firm,bratislavský,1-10,ulclegal.com
slovakia,2015,romis,retail,linkedin.com/company/romis,zilina,romis,žilinský,51-200,romis.com
slovakia,2008,janom,renewables & environment,linkedin.com/company/janom,dohnan,janom,zilina,201-500,janom.com
slovakia,1994,penta-investments,venture capital & private equity,linkedin.com/company/penta-investments,bratislava,penta investments,bratislavský,51-200,pentainvestments.com
slovakia,2013,izba-cislo-13,entertainment,linkedin.com/company/izba-cislo-13,bratislava,izba číslo 13,bratislavský,1-10,izbacislo13.sk
slovakia,1948,iaeste-slovakia,non-profit organization management,linkedin.com/company/iaeste-slovakia,"",iaeste slovakia,"",51-200,iaeste.sk
slovakia,"",institute-of-asian-studies-ias,think tanks,linkedin.com/company/institute-of-asian-studies-ias,bratislava,institute of asian studies (ias),bratislavský,1-10,asian.sk
slovakia,1994,edenred-slovensko,consumer services,linkedin.com/company/edenred-slovensko,bratislava,edenred slovensko,bratislavský,51-200,edenred.sk
slovakia,2003,ability-s-r-o,mining & metals,linkedin.com/company/ability-s-r-o,"",ability s.r.o,"",51-200,abilitysro.sk
slovakia,"",dogessentials,"health, wellness and fitness",linkedin.com/company/dogessentials,bratislava,dog essentials,bratislava,1-10,dogessentials.eu
slovakia,1996,floyd-studio,internet,linkedin.com/company/floyd-studio,bratislava,floyd studio,bratislavský,1-10,floyd-studio.com
slovakia,"",ambio-s.r.o.,"health, wellness and fitness",linkedin.com/company/ambio-s.r.o.,"","ambio, s.r.o.","",1-10,ambio.sk
slovakia,"",advisory-group-slovakia,legal services,linkedin.com/company/advisory-group-slovakia,"",advisory group slovakia,"",1-10,""
slovakia,2005,agadex,environmental services,linkedin.com/company/agadex,"",agadex,kosicky,1-10,agadex.sk
slovakia,2004,montalu,construction,linkedin.com/company/montalu,"",montalu,"",11-50,mont-alu.sk
slovakia,"",zvolenska-mliekaren,food production,linkedin.com/company/zvolenska-mliekaren,zvolen,zvolenská mliekareň s.r.o.,banska bystrica,51-200,zvolensky.com
slovakia,2013,citadelo,computer & network security,linkedin.com/company/citadelo,bratislava,citadelo,bratislavský,11-50,citadelo.com
slovakia,2012,provocation-bureau,graphic design,linkedin.com/company/provocation-bureau,trnava,provocation bureau,trnavský,1-10,provocationbureau.com
slovakia,2001,delicom-s.r.o.,information technology and services,linkedin.com/company/delicom-s.r.o.,bratislava,"delicom, s.r.o.",bratislavský,11-50,delicom.sk
slovakia,"",one-radio,"",linkedin.com/company/one-radio,"",one radio,"",1-10,oneradio.sk
slovakia,2009,trive,mechanical or industrial engineering,linkedin.com/company/trive,"",trive,"",1-10,trive.sk
slovakia,"",jaf,"",linkedin.com/company/jaf,"",jaf,"",1001-5000,jafholz.sk
slovakia,"",soil-science-and-conservation-research-institute-bratislava-slovakia,research,linkedin.com/company/soil-science-and-conservation-research-institute-bratislava-slovakia,"","soil science and conservation research institute, bratislava, slovakia","",51-200,vupop.sk
slovakia,2003,effectivity-powered-by-publicis,marketing and advertising,linkedin.com/company/effectivity-powered-by-publicis,bratislava,effectivity powered by publicis,bratislavský,11-50,effead.com
slovakia,2012,krystalia,"health, wellness and fitness",linkedin.com/company/krystalia,zilina,krystalia,žilinský,1-10,krystalia.sk
slovakia,2002,europlus-consulting-&-management-s-r-o-,management consulting,linkedin.com/company/europlus-consulting-&-management-s-r-o-,bratislava,"europlus consulting & management, s.r.o.",bratislava,1-10,europlus.sk
slovakia,"",portax-s-r-o-,"",linkedin.com/company/portax-s-r-o-,"",portax s.r.o.,"",1-10,portax.sk
slovakia,"",2b3,public relations and communications,linkedin.com/company/2b3,"","","",11-50,2b3.sk
slovakia,2011,beauty-co,"health, wellness and fitness",linkedin.com/company/beauty-co,"","beauty, s.r.o.","",1-10,phi-phi.sk
slovakia,"",berkshire-blue-chip,media production,linkedin.com/company/berkshire-blue-chip,"",berkshire blue chip,"",1-10,berkshirebluechip.sk
slovakia,"",somo-s-r-o-,"",linkedin.com/company/somo-s-r-o-,"",somo s. r. o.,"",1-10,somo.sk
slovakia,2002,motorgrouppoprad,automotive,linkedin.com/company/motorgrouppoprad,poprad,"motor-car poprad, spol. s r.o.",presov,11-50,motorgroup.sk
slovakia,2018,archam33,architecture & planning,linkedin.com/company/archam33,bratislava,asbothmate visual,bratislavský,1-10,asbothmate.com
slovakia,2017,sudolio,information technology and services,linkedin.com/company/sudolio,banska bystrica,sudolio oü,banska bystrica,1-10,sudolio.com
slovakia,1999,euro-print-group,printing,linkedin.com/company/euro-print-group,stare,euro print group,kosice,51-200,euro-display.co.uk
slovakia,2006,saunika-s-r-o-,automotive,linkedin.com/company/saunika-s-r-o-,"",saunika s.r.o.,"",1-10,saunika.sk
