country,founded,id,industry,linkedin_url,locality,name,region,size,website
united arab emirates,1992,alromantechnologiesllc,information technology and services,linkedin.com/company/alromantechnologiesllc,dubai,al roman technologies llc,dubai,11-50,alroman.com
united arab emirates,2016,hàshbeauty,cosmetics,linkedin.com/company/hàshbeauty,dubai,hàsh beauty,dubai,1-10,hashbeauty.com
united arab emirates,"",benta-grand-hotel,hospitality,linkedin.com/company/benta-grand-hotel,dubai,benta grand hotel,dubai,1-10,californiasuiteshoteluae.com
united arab emirates,2019,merex-investment-group,real estate,linkedin.com/company/merex-investment-group,dubai,merex investment group,dubai,201-500,""
united arab emirates,"",moda-interni,"",linkedin.com/company/moda-interni,"",moda interni,dubai,1-10,modainterni.com
united arab emirates,"",touchofoud,luxury goods & jewelry,linkedin.com/company/touchofoud,jumeirah,touch of oud,dubai,11-50,touchofoud.com
united arab emirates,2018,lowcalapps,internet,linkedin.com/company/lowcalapps,"",lowcal,dubai,1-10,lowcaltech.com
united arab emirates,2017,23designstudio,design,linkedin.com/company/23designstudio,dubai,23 design studio,dubai,11-50,""
united arab emirates,"",dominguero-tv,marketing and advertising,linkedin.com/company/dominguero-tv,dubai,dominguero tv,dubai,1-10,dominguero.tv
united arab emirates,2014,proteck-electronic-trading-llc,consumer electronics,linkedin.com/company/proteck-electronic-trading-llc,dubai,"proteck electronic trading llc, suppliers of smart access devices",dubai,11-50,ojismart.com
united arab emirates,1984,crescent-english-high-school-dubai,education management,linkedin.com/company/crescent-english-high-school-dubai,dubai,crescent english high school- dubai,dubai,201-500,crescentschooldubai.com
united arab emirates,"",geeky-lizard,retail,linkedin.com/company/geeky-lizard,"",geeky lizard,dubai,1-10,geekylizard.com
united arab emirates,2016,duadvent-events-&-advertising,events services,linkedin.com/company/duadvent-events-&-advertising,"",duadvent events & advertising,dubai,11-50,duadvent.ae
united arab emirates,2015,little-regent-nursery,education management,linkedin.com/company/little-regent-nursery,al ain,little regent nursery,abu dhabi,11-50,littleregent.ae
united arab emirates,1987,royal-pipes-trading-llc,import and export,linkedin.com/company/royal-pipes-trading-llc,sharjah,royal pipes trading llc,sharjah,11-50,royalpipestrading.com
united arab emirates,2009,black-block-exhibitions-conferences-&-events,events services,linkedin.com/company/black-block-exhibitions-conferences-&-events,"","black block for exhibitions, conferences & events",abu dhabi,11-50,black-block.com
united arab emirates,"",designmotives,"",linkedin.com/company/designmotives,"",designmotives,dubai,1-10,designmotives.ae
united arab emirates,2016,realtimegroupgloballllc,management consulting,linkedin.com/company/realtimegroupgloballllc,"",real time - group of companies | document clearing llc,dubai,1-10,realtimegroupglobal.com
united arab emirates,1967,bdo-patel-&-al-saleh-chartered-accountants-,accounting,linkedin.com/company/bdo-patel-&-al-saleh-chartered-accountants-,"",bdo uae,dubai,51-200,bdo.ae
united arab emirates,"",andromediaae,information technology and services,linkedin.com/company/andromediaae,dubai,andromedia,dubai,11-50,andromedia.ae
united arab emirates,"",dermarr-real-estate-brokers-llc,hospitality,linkedin.com/company/dermarr-real-estate-brokers-llc,"",dermarr real estate brokers llc,"",11-50,whoarewe.com
united arab emirates,2015,approved-property-registration,government administration,linkedin.com/company/approved-property-registration,dubai,approved property registration,dubai,11-50,aprllc.ae
united arab emirates,2011,raincreative,marketing and advertising,linkedin.com/company/raincreative,dubai,rain creative,dubai,11-50,raincreative.co.uk
united arab emirates,1999,exalogicgroup,information technology and services,linkedin.com/company/exalogicgroup,"",exalogic consulting,abu dhabi,201-500,exactlogic.co.uk
united arab emirates,"",convenience-arabia-llc,consumer goods,linkedin.com/company/convenience-arabia-llc,dubai,convenience arabia llc,dubai,11-50,circlek.ae
united arab emirates,1994,reyami-rental,facilities services,linkedin.com/company/reyami-rental,dubai,reyami rental,dubai,201-500,reyamirental.com
united arab emirates,2014,dnlproperties,real estate,linkedin.com/company/dnlproperties,"",dnl properties,dubai,11-50,dnl.ae
united arab emirates,2015,veri-peri-uae,food & beverages,linkedin.com/company/veri-peri-uae,"",veri peri uae,dubai,11-50,veri-peri.co.uk
united arab emirates,"",sky-infotech-solutions-fze,"",linkedin.com/company/sky-infotech-solutions-fze,"",sky infotech solutions fze,"",1-10,sky-infotech.com
united arab emirates,"",the-store-fzco,luxury goods & jewelry,linkedin.com/company/the-store-fzco,"",the store fzco,dubai,11-50,thestore.ae
united arab emirates,"",regalia-media,marketing and advertising,linkedin.com/company/regalia-media,"",regalia media,ajman,11-50,regaliamedia.net
united arab emirates,"",captain-building-equipment-rental-&-trading-llc,building materials,linkedin.com/company/captain-building-equipment-rental-&-trading-llc,sharjah,captain  building equipment rental & trading llc,sharjah,1-10,captainrental.com
united arab emirates,2015,zoom-digital-dubai,marketing and advertising,linkedin.com/company/zoom-digital-dubai,"",zoom digital dubai,dubai,11-50,wewantzoom.com
united arab emirates,2006,dubai-south,government administration,linkedin.com/company/dubai-south,dubai,dubai south,dubai,201-500,dubaisouth.ae
united arab emirates,2013,irwin-&-dow,human resources,linkedin.com/company/irwin-&-dow,"",irwin & dow,dubai,1-10,irwinanddow.com
united arab emirates,"",aaconsultancy-11,management consulting,linkedin.com/company/aaconsultancy-11,dubai,aa  consultancy,dubai,1-10,aaconsulting.ae
united arab emirates,2003,saleh-ibrahim-factory-llc,mechanical or industrial engineering,linkedin.com/company/saleh-ibrahim-factory-llc,sharjah,saleh ibrahim factory,sharjah,51-200,sifprofile.com
united arab emirates,"",chi-development-group,management consulting,linkedin.com/company/chi-development-group,"",chi development group,dubai,1-10,chi-uae.com
united arab emirates,1987,mng-zemtas-soil-foundation-engineering-construction,construction,linkedin.com/company/mng-zemtas-soil-foundation-engineering-construction,"",mng zemtas soil & foundation engineering construction,dubai,201-500,mngzemtas.com
united arab emirates,"",the-mechanic-auto-center,individual & family services,linkedin.com/company/the-mechanic-auto-center,"",the mechanic auto center,dubai,1-10,themechanicautos.com
united arab emirates,"",western-international-group,consumer goods,linkedin.com/company/western-international-group,jebel ali,western international group,dubai,10001+,westerninternationalllc.com
united arab emirates,2010,ashiana-interior,design,linkedin.com/company/ashiana-interior,"",ashiana interior,"",11-50,ashianainterior.com
united arab emirates,2009,microcontrol,electrical/electronic manufacturing,linkedin.com/company/microcontrol,"",microcontrol,"",11-50,microcontrol.ae
united arab emirates,"",luban-packing-uae-packaging-material-&-machinery-suppliers-in-dubai-uae,management consulting,linkedin.com/company/luban-packing-uae-packaging-material-&-machinery-suppliers-in-dubai-uae,"","luban packing uae packaging material & machinery suppliers in dubai, uae",abu dhabi,11-50,packaging-manufacturer-dubai.com
united arab emirates,2007,canpack-me,food & beverages,linkedin.com/company/canpack-me,dubai,canpack me,dubai,51-200,canpackme.ae
united arab emirates,2018,p79,investment management,linkedin.com/company/p79,"",p79 capital,dubai,11-50,p79capital.com
united arab emirates,2012,beauty-point-trading-llc,cosmetics,linkedin.com/company/beauty-point-trading-llc,"",beauty point trading llc,dubai,1-10,""
united arab emirates,2018,high-point-real-estate,real estate,linkedin.com/company/high-point-real-estate,"",high point real estate,dubai,1-10,""
united arab emirates,2002,pioneer-lighting-solutions-llc,design,linkedin.com/company/pioneer-lighting-solutions-llc,"",pioneer lighting solutions llc,dubai,11-50,pioneerlightingsolutions.com
united arab emirates,"",just-white-dental-clinic,medical practice,linkedin.com/company/just-white-dental-clinic,"",just white dental clinic,dubai,11-50,justaesthetics.ae
united arab emirates,2016,computer-power-technology,information technology and services,linkedin.com/company/computer-power-technology,abu dhabi,computer & power technology,abu dhabi,11-50,cptauh.ae
united arab emirates,2012,anchor-marine-agency-l-l-c,maritime,linkedin.com/company/anchor-marine-agency-l-l-c,dubai,anchor marine l.l.c,dubai,11-50,anchordxb.com
united arab emirates,2003,cactimedia,internet,linkedin.com/company/cactimedia,"",cactimedia,dubai,11-50,cactimedia.com
united arab emirates,2006,triwaynetworksllc,information technology and services,linkedin.com/company/triwaynetworksllc,"",triway networks llc,dubai,11-50,triwaynetworks.com
united arab emirates,"",eterna-ventures,venture capital & private equity,linkedin.com/company/eterna-ventures,"",eterna ventures,dubai,1-10,eterna-ventures.com
united arab emirates,2014,the-bureau-dubai-co-working-space,think tanks,linkedin.com/company/the-bureau-dubai-co-working-space,dubai,the bureau dubai - a co-working space,dubai,1-10,thebureaudubai.ae
united arab emirates,2014,soft-view-software-designing,computer software,linkedin.com/company/soft-view-software-designing,abu dhabi,soft view software designing,abu dhabi,1-10,softview.ae
united arab emirates,"",altaf-travels-llc,hospitality,linkedin.com/company/altaf-travels-llc,"",altaf travels llc,"",1-10,altaftravel.com
united arab emirates,1986,omarmoujaes-architect,architecture & planning,linkedin.com/company/omarmoujaes-architect,"",omar moujaes - architect,dubai,11-50,omarmoujaes.com
united arab emirates,2004,dubai-investissement,real estate,linkedin.com/company/dubai-investissement,"",dubai investissement,dubai,1-10,dubai-investissement.com
united arab emirates,1962,emirates-motor-company,automotive,linkedin.com/company/emirates-motor-company,abu dhabi,emirates motor company,abu dhabi,201-500,emiratesmotorco.ae
united arab emirates,"",jugaad.ae,consumer services,linkedin.com/company/jugaad.ae,fujairah,jugaad.ae,al fujayrah,51-200,jugaad.ae
united arab emirates,2004,outlook-industrial-consultants,environmental services,linkedin.com/company/outlook-industrial-consultants,dubai,outlook industrial consultants,dubai,1-10,oicred.com
united arab emirates,2019,urentapp,automotive,linkedin.com/company/urentapp,dubai,urent,dubai,11-50,urent.com
united arab emirates,"",reform-&-whaley-consult,management consulting,linkedin.com/company/reform-&-whaley-consult,dubai,reform & whaley consult,dubai,11-50,rwconsult.com
united arab emirates,2019,digi-minds,marketing and advertising,linkedin.com/company/digi-minds,dubai,digiminds,dubai,1-10,digi-minds.com
united arab emirates,2015,auditoire-hospitality,hospitality,linkedin.com/company/auditoire-hospitality,"",auditoire hospitality,"",1-10,auditoirehospitality.com
united arab emirates,2017,desertdreamgardensllc,"health, wellness and fitness",linkedin.com/company/desertdreamgardensllc,dubai,desert dream gardens llc,dubai,11-50,ddg-uae.com
united arab emirates,2019,andrea-fzco,electrical/electronic manufacturing,linkedin.com/company/andrea-fzco,"",andrea fzco,dubai,11-50,andreauae.com
united arab emirates,"",al-mulla-rent-a-car,accounting,linkedin.com/company/al-mulla-rent-a-car,sharjah,al mulla rent a car,sharjah,1-10,amrac.com
united arab emirates,2011,omnia-payments-technology,financial services,linkedin.com/company/omnia-payments-technology,dubai,omnia payments technology,dubai,11-50,omniapay.com
united arab emirates,1993,al-imran-ac-spare-parts-llc,import and export,linkedin.com/company/al-imran-ac-spare-parts-llc,dubai,al imran ac spare parts llc,dubai,51-200,alimranuae.com
united arab emirates,2017,planandglow-designs,marketing and advertising,linkedin.com/company/planandglow-designs,"",planandglow designs,"",1-10,""
united arab emirates,2016,crypted-system-integration-s-a-l,information technology and services,linkedin.com/company/crypted-system-integration-s-a-l,"",crypted security integration llc,dubai,11-50,cryptedmena.com
united arab emirates,2008,zaiqa-restaurant,restaurants,linkedin.com/company/zaiqa-restaurant,dubai,zaiqa - dubai,dubai,11-50,""
united arab emirates,2016,artechgroupuae,oil & energy,linkedin.com/company/artechgroupuae,dubai,artech group fze,dubai,11-50,artechgroupuae.com
united arab emirates,2017,rukn-al-majaz,construction,linkedin.com/company/rukn-al-majaz,"",rukn al majaz trading,"",1-10,myrukn.com
united arab emirates,"",al-hamdani-lawyers,legal services,linkedin.com/company/al-hamdani-lawyers,"",al hamdani lawyers,abu dhabi,1-10,ahadvocate.com
united arab emirates,2006,dnj-energy,electrical/electronic manufacturing,linkedin.com/company/dnj-energy,"",dnj energy,dubai,201-500,dnjenergy.com
united arab emirates,2015,leondeoro-technical-services-llc,construction,linkedin.com/company/leondeoro-technical-services-llc,dubai,leondeoro technical services llc,dubai,11-50,leondeoro-me.ae
united arab emirates,1995,michael-saad-international,security and investigations,linkedin.com/company/michael-saad-international,"",michael saad,dubai,11-50,michaelsaad.com
united arab emirates,"",amricon-smart-solutions,information technology and services,linkedin.com/company/amricon-smart-solutions,"",amricon smart solutions,"",11-50,amricon.com
united arab emirates,2003,tasc-towers,telecommunications,linkedin.com/company/tasc-towers,"",tasc towers,dubai,11-50,tasctowers.com
united arab emirates,2020,baueraviationadvisory,airlines/aviation,linkedin.com/company/baueraviationadvisory,"",bauer aviation advisory,dubai,11-50,baueraviation.aero
united arab emirates,2006,apparel-factory-official,apparel & fashion,linkedin.com/company/apparel-factory-official,ajman,apparel factory,ajman,11-50,apparelfactory.ae
united arab emirates,"",amsar-wood-manufacturing,paper & forest products,linkedin.com/company/amsar-wood-manufacturing,dubai,amsar wood manufacturing,dubai,11-50,amsarwood.com
united arab emirates,2011,2point0-concepts,information technology and services,linkedin.com/company/2point0-concepts,"",2point0 concepts,dubai,11-50,2point0concepts.com
united arab emirates,"",al-anwar-medical-equipment-trading-llc,medical devices,linkedin.com/company/al-anwar-medical-equipment-trading-llc,"",al anwar medical equipment trading llc,dubai,11-50,alanwarmedical.com
united arab emirates,2011,alishba-travel-&-tours,"leisure, travel & tourism",linkedin.com/company/alishba-travel-&-tours,dubai,alishba travel & tours,dubai,11-50,""
united arab emirates,2019,emperor-international-network,marketing and advertising,linkedin.com/company/emperor-international-network,"",emperor international,dubai,201-500,emperorinternationalnetwork.com
united arab emirates,"",hydrofit-fze,oil & energy,linkedin.com/company/hydrofit-fze,dubai,hydrofit fze,dubai,51-200,hydrofitgroup.com
united arab emirates,"",connecme,education management,linkedin.com/company/connecme,abu dhabi,connec me education,abu dhabi,11-50,connecme.com
united arab emirates,2015,rootstalk-learning-solutions,education management,linkedin.com/company/rootstalk-learning-solutions,dubai,rootstalk learning solutions fz llc,dubai,1-10,""
united arab emirates,2013,medingroup,international trade and development,linkedin.com/company/medingroup,"",medingroup ltd,dubai,11-50,medingroup.ae
united arab emirates,"",noble-international-group,"",linkedin.com/company/noble-international-group,"",noble international group,"",1-10,nobleholding.com
united arab emirates,2016,shock-middle-east,broadcast media,linkedin.com/company/shock-middle-east,"",shock middle east,dubai,11-50,shock-me.com
united arab emirates,"",astemed,management consulting,linkedin.com/company/astemed,"",astemed,abu dhabi,11-50,astemedhearing.com
united arab emirates,"",gulf-international,consumer goods,linkedin.com/company/gulf-international,"",gulf international,"",201-500,albathagroup.com
united arab emirates,2018,theskyart,marketing and advertising,linkedin.com/company/theskyart,"",skyart aerial advertising services llc,dubai,1-10,theskyart.com
united arab emirates,2017,avenue-car-rentals-&-limousines,transportation/trucking/railroad,linkedin.com/company/avenue-car-rentals-&-limousines,dubai,avenue car rentals & limousines,dubai,1-10,avenueuae.com
united arab emirates,2002,al-qudra-sports-management,hospitality,linkedin.com/company/al-qudra-sports-management,abu dhabi,al qudra sports management,abu dhabi,201-500,alqudrasm.com
united arab emirates,2016,novomedcenters,"health, wellness and fitness",linkedin.com/company/novomedcenters,dubai,novomed centers,dubai,51-200,novomed.com
united arab emirates,1994,sigma-enterprises,mechanical or industrial engineering,linkedin.com/company/sigma-enterprises,jebel ali,sigma enterprises llc,dubai,11-50,sep.ae
united arab emirates,"",al-faizan-electrical-installations-llc,electrical/electronic manufacturing,linkedin.com/company/al-faizan-electrical-installations-llc,dubai,al faizan electrical installations llc,dubai,11-50,alfaizan.com
united arab emirates,2016,digital-time-advertising,events services,linkedin.com/company/digital-time-advertising,dubai,digital time advertising,dubai,1-10,digitaltime.ae
united arab emirates,1992,house-of-marketing-advertising-llc,marketing and advertising,linkedin.com/company/house-of-marketing-advertising-llc,"",house of marketing advertising llc,dubai,11-50,""
united arab emirates,2013,property-yours-real-estate,real estate,linkedin.com/company/property-yours-real-estate,dubai,property yours real estate,dubai,1-10,propertyyours.ae
united arab emirates,2011,starsetevents,entertainment,linkedin.com/company/starsetevents,dubai,starset events - s.e.,dubai,11-50,starsetevents.com
united arab emirates,1999,settle-uae,architecture & planning,linkedin.com/company/settle-uae,dubai,settle,dubai,11-50,settlecreate.com
united arab emirates,2006,800lhub,consumer services,linkedin.com/company/800lhub,"",the laundry hub,dubai,11-50,thelaundry-hub.com
united arab emirates,2012,the-franchizery,management consulting,linkedin.com/company/the-franchizery,"",the franchizery,abu dhabi,1-10,thefranchizery.com
united arab emirates,"",level-gifts-lab,entertainment,linkedin.com/company/level-gifts-lab,"",level gifts lab,dubai,1-10,levelgiftslab.com
united arab emirates,2006,premier-composite-technologies-dubai,mechanical or industrial engineering,linkedin.com/company/premier-composite-technologies-dubai,"","premier composite technologies, dubai","",1001-5000,pct.ae
united arab emirates,"",ipsosuae,market research,linkedin.com/company/ipsosuae,"",ipsos in uae,dubai,10001+,""
united arab emirates,2003,almaas-alnasee-technical-contracting-llc,construction,linkedin.com/company/almaas-alnasee-technical-contracting-llc,dubai,almaas alnasee technical contracting llc,dubai,11-50,""
united arab emirates,"",kana-cafe,restaurants,linkedin.com/company/kana-cafe,"",kana cafe,dubai,1-10,thekanacafe.com
united arab emirates,2012,vividtechs,information technology and services,linkedin.com/company/vividtechs,abu dhabi,vivid information technologies,abu dhabi,11-50,vividtechs.com
united arab emirates,2010,freelance-marketing-&-social-media-solutions,marketing and advertising,linkedin.com/company/freelance-marketing-&-social-media-solutions,"",freelance marketing & social media solutions,dubai,1-10,madeleinedutoit.com
united arab emirates,"",fh-insights,human resources,linkedin.com/company/fh-insights,"",fh insights,dubai,1-10,fhinsights.com
united arab emirates,"",sea-art-ship-maintenance-llc,management consulting,linkedin.com/company/sea-art-ship-maintenance-llc,"",sea art ship maintenance llc,dubai,1-10,seaartgroup.com
united arab emirates,"",al-qasimia-university,higher education,linkedin.com/company/al-qasimia-university,sharjah,al qasimia university,sharjah,1-10,""
united arab emirates,"",catch-communicationsllc,public relations and communications,linkedin.com/company/catch-communicationsllc,dubai,catch communications,dubai,1-10,catchcomms.com
united arab emirates,2013,yemnak,investment management,linkedin.com/company/yemnak,"",yemnak management consultancy l.l.c.,"",11-50,yemnak.ae
united arab emirates,"",oman-insurance-co.-psc---gulf-warranties-division,insurance,linkedin.com/company/oman-insurance-co.-psc---gulf-warranties-division,"",oman insurance co. psc - gulf warranties division,"",51-200,gulfwarranties.com
united arab emirates,2003,relaxgroupofcampanies,information technology and services,linkedin.com/company/relaxgroupofcampanies,"",relax group of campanies,abu dhabi,201-500,relaxgroup.net
united arab emirates,"",feline-friends-dubai,civic & social organization,linkedin.com/company/feline-friends-dubai,"",feline friends dubai,"",11-50,felinefriendsdubai.com
united arab emirates,2002,utico-fzc,oil & energy,linkedin.com/company/utico-fzc,"",utico engineering -a division of utico fzc,"",501-1000,uticome.com
united arab emirates,2005,orientalmaritime,maritime,linkedin.com/company/orientalmaritime,dubai,oriental maritime,dubai,1-10,orientalmar.com
united arab emirates,"",onex-holding,capital markets,linkedin.com/company/onex-holding,dubai,onex holding,dubai,1001-5000,onexholding.com
united arab emirates,"",danú-dubai,fine art,linkedin.com/company/danú-dubai,dubai,danú dubai,dubai,11-50,""
united arab emirates,"",gac-logistics-park,"",linkedin.com/company/gac-logistics-park,dubai,gac logistics park,dubai,11-50,gudnetgroup.com
united arab emirates,2017,e-learningexperts,education management,linkedin.com/company/e-learningexperts,dubai,e-learning experts,dubai,1-10,e-learningexperts.com
united arab emirates,2001,lotus-educational-institute,education management,linkedin.com/company/lotus-educational-institute,"",lotus educational institute,dubai,11-50,lotus.ae
united arab emirates,2009,chipin-corporation,information technology and services,linkedin.com/company/chipin-corporation,"",chipin corporation,"",11-50,chipincorp.com
united arab emirates,2013,msa-research-&-consulting,consumer services,linkedin.com/company/msa-research-&-consulting,dubai,msarc,dubai,1-10,msarc.com.au
united arab emirates,"",tri-star-sanitary-material-est,building materials,linkedin.com/company/tri-star-sanitary-material-est,abu dhabi,tri star sanitary material est.,abu dhabi,1-10,tsm.co.ae
united arab emirates,2015,brainnov.com,market research,linkedin.com/company/brainnov.com,"",brainnov.com,dubai,1-10,brainnov.com
united arab emirates,2014,lasetech-uae,medical devices,linkedin.com/company/lasetech-uae,"",lasetech,dubai,11-50,lase-tech.com
united arab emirates,"",petra-cosmetics,cosmetics,linkedin.com/company/petra-cosmetics,"",petra cosmetics,dubai,11-50,petracosmetics.co.uk
united arab emirates,"",unipaq-packaging-&-supplies-llc,packaging and containers,linkedin.com/company/unipaq-packaging-&-supplies-llc,abu dhabi,unipaq packaging & supplies llc,abu dhabi,11-50,unipaq.ae
united arab emirates,1982,orient-tours,hospitality,linkedin.com/company/orient-tours,"",orient tours llc,"",51-200,orient-tours-uae.com
united arab emirates,2015,nexo-business-consulting,human resources,linkedin.com/company/nexo-business-consulting,"",nexo business consulting uae,dubai,1-10,nexobiz.net
united arab emirates,"",beyridge,financial services,linkedin.com/company/beyridge,"",beyridge,dubai,1-10,beyridge.com
united arab emirates,2010,high-mark-real-estate-brokers,real estate,linkedin.com/company/high-mark-real-estate-brokers,"",high mark real estate brokers,dubai,11-50,highmarkdubai.com
united arab emirates,2004,blue-axis-shipping-&-freight-llc.,logistics and supply chain,linkedin.com/company/blue-axis-shipping-&-freight-llc.,"",blue axis shipping & freight llc.,"",11-50,blueaxisshipping.com
united arab emirates,2015,sdi-capital-limited,financial services,linkedin.com/company/sdi-capital-limited,dubai,sdi capital limited,dubai,11-50,sdi-capital.com
united arab emirates,2016,localyser,computer software,linkedin.com/company/localyser,"",localyser,dubai,1-10,localyser.com
united arab emirates,2009,fujairah-gold-fzc,mining & metals,linkedin.com/company/fujairah-gold-fzc,fujairah,fujairah gold fzc,al fujayrah,51-200,fujairahgold.com
united arab emirates,2013,wavepac-infosystems-llc,information technology and services,linkedin.com/company/wavepac-infosystems-llc,dubai,wavepac infosystems llc,dubai,1-10,wavepac.com
united arab emirates,"",korooti,management consulting,linkedin.com/company/korooti,"",korooti,dubai,1-10,korooti.com
united arab emirates,2016,creative-florist-and-flowers-llc,retail,linkedin.com/company/creative-florist-and-flowers-llc,dubai,creative florist and flowers llc,dubai,11-50,creativefloristdxb.com
united arab emirates,2016,instafold-partitions,civil engineering,linkedin.com/company/instafold-partitions,dubai,instafold partitions,dubai,11-50,instafoldllc.com
united arab emirates,1979,switz-group,consumer goods,linkedin.com/company/switz-group,dubai,switz group,dubai,1001-5000,switzgroup.com
united arab emirates,2013,novith-technology-solutions,information technology and services,linkedin.com/company/novith-technology-solutions,dubai,novith technology solutions,dubai,11-50,novithtech.com
united arab emirates,2003,sarhaan-information-technology-solutions,information technology and services,linkedin.com/company/sarhaan-information-technology-solutions,daira,sarhaan information technology solutions,dubai,1-10,sarhaan.net
united arab emirates,2011,house-of-consultancy,management consulting,linkedin.com/company/house-of-consultancy,"",house of consultancy,"",51-200,houseofconsultancy.com
united arab emirates,2020,hart-e-commerce-platform,arts and crafts,linkedin.com/company/hart-e-commerce-platform,abu dhabi,"hart e commerce & arts fintech "launching soon"",abu dhabi,11-50,""
united arab emirates,2010,morning-star-rent-a-car,transportation/trucking/railroad,linkedin.com/company/morning-star-rent-a-car,dubai,morning star rent a car,dubai,51-200,morningstaruae.com
united arab emirates,2007,federal-engineering-consultants-&-project-management,architecture & planning,linkedin.com/company/federal-engineering-consultants-&-project-management,"",federal engineering consultants & project management,"",51-200,federalengineeringconsultants.com
united arab emirates,"",italent-middle-east,staffing and recruiting,linkedin.com/company/italent-middle-east,dubai,italent middle east,dubai,11-50,""
united arab emirates,"",microtel-plus-fzco,accounting,linkedin.com/company/microtel-plus-fzco,dubai,microtel plus fzco,dubai,1-10,""
united arab emirates,"",prismo-gulf-paint-industries,railroad manufacture,linkedin.com/company/prismo-gulf-paint-industries,abu dhabi,prismo gulf paint industries,abu dhabi,11-50,ajmi.ae
united arab emirates,1982,brodway,oil & energy,linkedin.com/company/brodway,"",brodway llc.,"",11-50,bwctrade.com
united arab emirates,"",green-space-technical-services,construction,linkedin.com/company/green-space-technical-services,dubai,green space landscape & interiors,dubai,11-50,greenspacedxb.com
united arab emirates,"",gems-world-academy-abu-dhabi,primary/secondary education,linkedin.com/company/gems-world-academy-abu-dhabi,"","gems world academy, abu dhabi",abu dhabi,11-50,gemsworldacademy-abudhabi.com
united arab emirates,1993,lobomgmt,human resources,linkedin.com/company/lobomgmt,"",lobo management services,dubai,11-50,lobomanagement.com
united arab emirates,"",abu-bader-electronics-establishment,business supplies and equipment,linkedin.com/company/abu-bader-electronics-establishment,abu dhabi,abu bader electronics establishment,abu dhabi,1-10,abubaderelectronics.com
united arab emirates,2017,nirvana-hotels,hospitality,linkedin.com/company/nirvana-hotels,abu dhabi,nirvana hotels,abu dhabi,11-50,nirvana-hotels.com
united arab emirates,2008,jupiter-oasis-group-llc,mining & metals,linkedin.com/company/jupiter-oasis-group-llc,"",jupiter oasis group llc,dubai,1-10,jupiter-oasis.com
united arab emirates,2006,jre-global-investmentslimited,investment management,linkedin.com/company/jre-global-investmentslimited,"",jre global investmentslimited,dubai,1-10,jreglobal.com
united arab emirates,2015,metallicaappliances,retail,linkedin.com/company/metallicaappliances,dubai,metallica appliances,dubai,11-50,metallica.ae
united arab emirates,1980,chinesepalaceae,food & beverages,linkedin.com/company/chinesepalaceae,"",chinese palace restaurant,dubai,201-500,chinesepalaceae.com
united arab emirates,2015,the-goods-collective-&-co-,food & beverages,linkedin.com/company/the-goods-collective-&-co-,"",the goods collective & co.,dubai,11-50,thegcco.com
united arab emirates,"",baseline-bolting-industries-llc,mining & metals,linkedin.com/company/baseline-bolting-industries-llc,"",baseline bolting industries llc,umm al quwain,1-10,""
united arab emirates,2016,audiodirect,automotive,linkedin.com/company/audiodirect,"",audiodirect™,dubai,11-50,""
united arab emirates,"",the-best-furnishings-l-l-c,furniture,linkedin.com/company/the-best-furnishings-l-l-c,"",the best furnishings l.l.c,"",11-50,bestfurnishingsllc.com
united arab emirates,2002,animationvisarts,design,linkedin.com/company/animationvisarts,"",animationvisarts,dubai,1-10,animationvisarts.com
united arab emirates,"",the-exectuive-office,internet,linkedin.com/company/the-exectuive-office,"",--teo--,dubai,11-50,teo.ae
united arab emirates,2014,envie-events-llc-fz,entertainment,linkedin.com/company/envie-events-llc-fz,dubai,envie events llc fz,dubai,11-50,envie.ae
united arab emirates,2011,baytrade,international trade and development,linkedin.com/company/baytrade,"",baytrade,dubai,11-50,baytradegulf.com
united arab emirates,2015,projextec,information technology and services,linkedin.com/company/projextec,"",reyadh ayesh project management services and information technology,dubai,51-200,projextec.com
united arab emirates,1999,landmark-leisure,"leisure, travel & tourism",linkedin.com/company/landmark-leisure,dubai,landmark leisure,dubai,501-1000,landmarkleisure.ae
united arab emirates,"",medfoods-dmcc,consumer goods,linkedin.com/company/medfoods-dmcc,dubai,medfoods dmcc,dubai,1-10,""
united arab emirates,"",aal-mir,"",linkedin.com/company/aal-mir,"",aal mir,"",11-50,""
united arab emirates,2006,sharesoft-solutions,computer software,linkedin.com/company/sharesoft-solutions,dubai,sharesoft solutions,dubai,11-50,sharesoftsolutions.com
united arab emirates,"",mane-salon-dubai,cosmetics,linkedin.com/company/mane-salon-dubai,"",mane salon dubai,dubai,11-50,manehairandbeauty.com
united arab emirates,"",shangri-la-hotels-&-resorts,real estate,linkedin.com/company/shangri-la-hotels-&-resorts,"",shangri la hotels & resorts,"",11-50,""
united arab emirates,2010,the-benchmark-management-and-information-technology-consulting,management consulting,linkedin.com/company/the-benchmark-management-and-information-technology-consulting,"",benchmark management consulting,"",11-50,benchmarkmit.com
united arab emirates,"",zayed-chartered-accountant,accounting,linkedin.com/company/zayed-chartered-accountant,"",zayed chartered accountant,abu dhabi,11-50,""
united arab emirates,2014,world-free-zones-organization-world-fzo-,research,linkedin.com/company/world-free-zones-organization-world-fzo-,"","world free zones organization ("world fzo")",dubai,1-10,worldfzo.org
united arab emirates,1994,wisdom-advertising-llc,architecture & planning,linkedin.com/company/wisdom-advertising-llc,"",wisdom advertising llc,dubai,51-200,wisdomdubai.com
united arab emirates,"",al-raiaa-home-health-care,management consulting,linkedin.com/company/al-raiaa-home-health-care,"",al raiaa home health care,abu dhabi,1-10,alraiaahealthcare.com
united arab emirates,2012,medseven-drug-store-llc-healthcare-management-,hospital & health care,linkedin.com/company/medseven-drug-store-llc-healthcare-management-,dubai,medseven healthcare group (lulu - relief - al shifa - sondos - faith - ramada - naseem),dubai,501-1000,medsevendrugstore.com
united arab emirates,"",oqlar-limited,management consulting,linkedin.com/company/oqlar-limited,dubai,oqlar,dubai,1-10,""
united arab emirates,2009,diamond-city-general-trading-llc,consumer goods,linkedin.com/company/diamond-city-general-trading-llc,dubai,diamond city general trading llc,dubai,1-10,diamondcitytrading.com
united arab emirates,2016,crystalcorporation,fine art,linkedin.com/company/crystalcorporation,"",crystal corporation l.l.c.,dubai,51-200,crystalcorp.com
united arab emirates,"",नेपाली-रोजगार-परामर्शदाता,management consulting,linkedin.com/company/नेपाली-रोजगार-परामर्शदाता,"","",dubai,1-10,""
united arab emirates,"",dubai-sign-llc,consumer goods,linkedin.com/company/dubai-sign-llc,"",dubai sign llc,abu dhabi,1-10,dxbsign.com
united arab emirates,"",adaptive-advertising-sign-board-installation-llc,printing,linkedin.com/company/adaptive-advertising-sign-board-installation-llc,"",adaptive advertising sign board installation llc.,"",11-50,aasignsllc.com
united arab emirates,"",suntron-electronics,consumer electronics,linkedin.com/company/suntron-electronics,dubai,suntron electronics,dubai,11-50,suntronelectronics.com
united arab emirates,2004,eye-on-technology-llc,security and investigations,linkedin.com/company/eye-on-technology-llc,"","eye on technology, llc",abu dhabi,51-200,eyeontechnology.net
united arab emirates,"",sanraks-building-contracting-llc,construction,linkedin.com/company/sanraks-building-contracting-llc,"",sanraks building contracting llc,dubai,11-50,sanraks.com
united arab emirates,2015,mega-physical-mechanical-testing,"",linkedin.com/company/mega-physical-mechanical-testing,abu hail,mega physical & mechanical testing,dubai,1-10,mega-testing.com
united arab emirates,"",eze-it,shipbuilding,linkedin.com/company/eze-it,"",into administration eze it,"",1-10,""
united arab emirates,"",sara-auto-care,"",linkedin.com/company/sara-auto-care,"",sara auto care,dubai,11-50,saraautocare.com
united arab emirates,2012,midfieldoil&gasequipment,oil & energy,linkedin.com/company/midfieldoil&gasequipment,abu dhabi,midfield oil & gas equipment,abu dhabi,11-50,""
united arab emirates,2015,euroarabianhospital,hospital & health care,linkedin.com/company/euroarabianhospital,sharjah,euro arabian hospital,sharjah,51-200,eah.ae
united arab emirates,2003,al-anam-group,facilities services,linkedin.com/company/al-anam-group,dubai,al anam group,dubai,51-200,alanamgroup.ae
united arab emirates,1908,brother-mea,information technology and services,linkedin.com/company/brother-mea,"",brother middle east & africa,dubai,501-1000,brother.ae
united arab emirates,2017,e25,real estate,linkedin.com/company/e25,"","",dubai,11-50,e25.ae
united arab emirates,2003,kayzed-consultants,consumer services,linkedin.com/company/kayzed-consultants,dubai,kayzed consultants,dubai,11-50,iso-dubai-uae.com
united arab emirates,"",72-hotel,"",linkedin.com/company/72-hotel,"",72 hotel,"",1-10,72hotel.ae
united arab emirates,"",quick-solutions_2,security and investigations,linkedin.com/company/quick-solutions_2,"",quick solutions,"",1-10,quicksolutions.co.uk
united arab emirates,"",mawaride-group,executive office,linkedin.com/company/mawaride-group,"",mawaride group,dubai,1-10,mawaridegroup.com
united arab emirates,1976,afco,logistics and supply chain,linkedin.com/company/afco,"",afco - dubai,dubai,11-50,afcodubai.com
united arab emirates,"",navayuga-middle-east-fzc,information technology and services,linkedin.com/company/navayuga-middle-east-fzc,"",navayuga middle east fzc,"",51-200,navayugaspatial.com
united arab emirates,"",seismology-online,information technology and services,linkedin.com/company/seismology-online,"",seismology online,"",11-50,seismologyonline.com
united arab emirates,"",trust-bankers,financial services,linkedin.com/company/trust-bankers,"",trust bankers,dubai,11-50,trustbankers.ae
united arab emirates,2015,effrs-embrace-financial-freedom-recovery-services-,banking,linkedin.com/company/effrs-embrace-financial-freedom-recovery-services-,dubai,effrs (embrace financial freedom recovery services),dubai,11-50,effrs.com
united arab emirates,2016,nano-tech-enterprise,nanotechnology,linkedin.com/company/nano-tech-enterprise,dubai,nano tech enterprise,dubai,1-10,nanotechenterprise.com
united arab emirates,"",bin-hamoodah-automotive,automotive,linkedin.com/company/bin-hamoodah-automotive,abu dhabi,bin hamoodah auto,abu dhabi,501-1000,binhamoodahauto.com
united arab emirates,2017,pallapay,financial services,linkedin.com/company/pallapay,"",pallapay.com | palladium payment services l.l.c.,dubai,51-200,pallapay.com
united arab emirates,1999,lbi-mena,marketing and advertising,linkedin.com/company/lbi-mena,dubai,digitaslbi mena,dubai,51-200,""
united arab emirates,"",valour-ventures,venture capital & private equity,linkedin.com/company/valour-ventures,"",valour ventures,dubai,1-10,valourventures.com
united arab emirates,2007,polka-dot,marketing and advertising,linkedin.com/company/polka-dot,"",polka dot,dubai,1-10,polkadot.ae
united arab emirates,"",jw-marriott-marquis-dubai,management consulting,linkedin.com/company/jw-marriott-marquis-dubai,"",jw marriott marquis dubai,dubai,1-10,jwmarriottmarquisdubailife.com
united arab emirates,"",handasa-ltd-,civil engineering,linkedin.com/company/handasa-ltd-,"",handasa ltd.,"",201-500,handasa.ae
united arab emirates,"",ortus-telecom-llc,computer networking,linkedin.com/company/ortus-telecom-llc,"",ortus telecom llc,dubai,1-10,ortustelecom.com
united arab emirates,"",uae-federal-government,government administration,linkedin.com/company/uae-federal-government,dubai,uae federal government,dubai,11-50,government.ae
united arab emirates,"",eat&treat,food & beverages,linkedin.com/company/eat&treat,dubai,eat & treat catering services,dubai,51-200,""
united arab emirates,1964,caspian-chemical-fzco,chemicals,linkedin.com/company/caspian-chemical-fzco,"",caspian chemical fzco,dubai,11-50,caspianchemical.com
united arab emirates,2005,noble-veterinary-clinic,veterinary,linkedin.com/company/noble-veterinary-clinic,dubai,noble veterinary clinic,dubai,11-50,noblevetclinic.com
united arab emirates,2014,ta3rifah,information technology and services,linkedin.com/company/ta3rifah,"",tarifah inc.,dubai,11-50,tarifah.com
united arab emirates,"",green-city-premier-landscaping-llc---landscape-contractor-irrigation-contractor,motion pictures and film,linkedin.com/company/green-city-premier-landscaping-llc---landscape-contractor-irrigation-contractor,"",green city premier landscaping llc - landscape contractor / irrigation contractor,dubai,1-10,gcplandscaping.com
united arab emirates,"",bin-fardan-general-contracting-establishment,mechanical or industrial engineering,linkedin.com/company/bin-fardan-general-contracting-establishment,abu dhabi,bin fardan general contracting establishment,abu dhabi,11-50,bifco.ae
united arab emirates,1994,hitec-offices-llc,design,linkedin.com/company/hitec-offices-llc,dubai,"hitec interiors, llc",dubai,501-1000,hitecinteriors.com
united arab emirates,"",pearl-azure-hotel-management-l-l-c,hospitality,linkedin.com/company/pearl-azure-hotel-management-l-l-c,abu dhabi,pearl azure hotel management l.l.c,abu dhabi,11-50,pearlazure.ae
united arab emirates,2016,wildfire-solutions,information technology and services,linkedin.com/company/wildfire-solutions,"",wildfire solutions,umm al quwain,1-10,wildfire.tech
united arab emirates,"",indusuae,information technology and services,linkedin.com/company/indusuae,"",indus,dubai,201-500,indusuae.com
united arab emirates,2011,grow-me,program development,linkedin.com/company/grow-me,dubai,grow.me,dubai,1-10,grow-me.biz
united arab emirates,2019,label-labs,retail,linkedin.com/company/label-labs,"",label labs,dubai,1-10,labellabs.co
united arab emirates,"",attibassi-espresso-bar,management consulting,linkedin.com/company/attibassi-espresso-bar,"",attibassi espresso bar,dubai,1-10,attibassicafe.com
united arab emirates,"",american-wellness-center-dubai,medical practice,linkedin.com/company/american-wellness-center-dubai,dubai,american wellness center,dubai,11-50,americanwellnesscenter.ae
united arab emirates,"",inzonedubai,management consulting,linkedin.com/company/inzonedubai,"",inzone corporate services provider,dubai,11-50,inzone.ae
united arab emirates,2003,amazontoursuae,"leisure, travel & tourism",linkedin.com/company/amazontoursuae,dubai,amazon tours uae,dubai,11-50,atyourservice.ae
united arab emirates,"",lifeguard-data-recovery,management consulting,linkedin.com/company/lifeguard-data-recovery,"",lifeguard data recovery,dubai,1-10,""
united arab emirates,2018,terminal-subsea-solutions-marine-services-llc,maritime,linkedin.com/company/terminal-subsea-solutions-marine-services-llc,"",terminal subsea solutions marine services llc,abu dhabi,11-50,tss-marine.com
united arab emirates,"",foilx,management consulting,linkedin.com/company/foilx,"",foilx,dubai,1-10,foilx.com
united arab emirates,2012,bahiajmanpalace,hospitality,linkedin.com/company/bahiajmanpalace,ajman,"the ajman palace hotel, managed by hospitality management holdings",ajman,51-200,hmhhotelgroup.com
united arab emirates,"",alzajelfood,management consulting,linkedin.com/company/alzajelfood,"",alzajelfood,dubai,1-10,alzajelfood.com
united arab emirates,"",cartrack-me,telecommunications,linkedin.com/company/cartrack-me,dubai,cartrack me,dubai,1-10,""
united arab emirates,"",clean-clean-clean,facilities services,linkedin.com/company/clean-clean-clean,"",clean clean clean,"",11-50,cleancleanclean.me
united arab emirates,"",lebanese-roaster,management consulting,linkedin.com/company/lebanese-roaster,"",lebanese roaster,abu dhabi,1-10,lebaneseroaster.com
united arab emirates,2019,thecontentfactory,marketing and advertising,linkedin.com/company/thecontentfactory,dubai,the content factory,dubai,1-10,""
united arab emirates,2008,dubai-camel-racing-club,sports,linkedin.com/company/dubai-camel-racing-club,"",dubai camel racing club,dubai,201-500,dubaicrc.ae
united arab emirates,2009,itmproae,information technology and services,linkedin.com/company/itmproae,dubai,itm pro,dubai,51-200,""
united arab emirates,"",asil-interiors,management consulting,linkedin.com/company/asil-interiors,"",asil interiors,dubai,1-10,asilinteriors.ae
united arab emirates,"",salam-international-w&j---de-beers-franchisee,luxury goods & jewelry,linkedin.com/company/salam-international-w&j---de-beers-franchisee,"",salam international w&j - de beers franchisee,"",1001-5000,salam.com
united arab emirates,2015,trends-management-consultancy,management consulting,linkedin.com/company/trends-management-consultancy,"",trends management consultancy,dubai,11-50,trendsmc.com
united arab emirates,2017,risalla-home-health-care,hospital & health care,linkedin.com/company/risalla-home-health-care,"",risalla home health care,dubai,51-200,risallanursing.com
united arab emirates,2011,fitness-zone-jlt,"health, wellness and fitness",linkedin.com/company/fitness-zone-jlt,"",fitness zone jlt,dubai,1-10,fitnesszonedubai.com
united arab emirates,2009,business-advisors,financial services,linkedin.com/company/business-advisors,"",business advisors,dubai,11-50,businessadvisorslb.com
united arab emirates,2013,nimbus-resource-solutions,staffing and recruiting,linkedin.com/company/nimbus-resource-solutions,"",nimbus resource solutions,dubai,1-10,nimbus-rs.com
united arab emirates,"",gulf-national-trading-agencies,oil & energy,linkedin.com/company/gulf-national-trading-agencies,sharjah,gulf national trading agencies,sharjah,1-10,gulfnat.com
united arab emirates,2017,dukkanmedia,marketing and advertising,linkedin.com/company/dukkanmedia,dubai,dukkan media,dubai,1-10,dukkanmedia.com
united arab emirates,2006,wellcoatpaints,chemicals,linkedin.com/company/wellcoatpaints,jebel ali,wellcoat paints,dubai,51-200,wellcoatpaints.com
united arab emirates,2012,duniatourism,"leisure, travel & tourism",linkedin.com/company/duniatourism,sharjah,dunia tourism,sharjah,11-50,duniatourism.com
united arab emirates,2010,emirates-consortium-llc,investment management,linkedin.com/company/emirates-consortium-llc,abu dhabi,emirates consortium llc,abu dhabi,201-500,emiratesconsortium.com
united arab emirates,2014,olive-creative-communications,design,linkedin.com/company/olive-creative-communications,"",nuqtah,abu dhabi,1-10,nuqtah.ae
united arab emirates,2010,horizon-telecom-fzco,information technology and services,linkedin.com/company/horizon-telecom-fzco,"",horizon telecom fzco,dubai,51-200,horizon-telecom.net
united arab emirates,2009,neobiocon,pharmaceuticals,linkedin.com/company/neobiocon,dubai,neobiocon,dubai,51-200,""
united arab emirates,1989,al-zahi-group-of-companies,construction,linkedin.com/company/al-zahi-group-of-companies,dubai,al zahi group of companies,dubai,51-200,alzahidecor.com
united arab emirates,1994,gargash-insurance,insurance,linkedin.com/company/gargash-insurance,dubai,gargash insurance,dubai,201-500,""
united arab emirates,"",grand-excelsior-hotel-deira,"",linkedin.com/company/grand-excelsior-hotel-deira,"",grand excelsior hotel deira,dubai,1-10,grandexcelsiorhoteldeira.com
united arab emirates,"",al-barsha-electronics-l.l.c,information technology and services,linkedin.com/company/al-barsha-electronics-l.l.c,"",al barsha electronics l.l.c,dubai,1-10,albarshaelectronics.com
united arab emirates,1976,hidayath-group,mechanical or industrial engineering,linkedin.com/company/hidayath-group,"",hidayath group,dubai,501-1000,hidayath.com
united arab emirates,1967,emirates-specialties,construction,linkedin.com/company/emirates-specialties,"",emirates specialities co. l.l.c,dubai,201-500,esco.ae
united arab emirates,"",unipropitia-llc,management consulting,linkedin.com/company/unipropitia-llc,"",unipropitia llc,"",1-10,unipropitia.com
united arab emirates,"",uranio-overseas-fze,retail,linkedin.com/company/uranio-overseas-fze,"",uranio overseas fze,"",51-200,uranio.ae
united arab emirates,2014,atozplus,real estate,linkedin.com/company/atozplus,"",a to z plus real estate,abu dhabi,11-50,atozplus.ae
united arab emirates,2007,real-vision-consultancy,think tanks,linkedin.com/company/real-vision-consultancy,dubai,real vision consultancy,dubai,1-10,realvision.ae
united arab emirates,2011,egycham,human resources,linkedin.com/company/egycham,"",egycham,dubai,11-50,egy-cham.org
united arab emirates,"",faham-doors,management consulting,linkedin.com/company/faham-doors,"",faham doors,dubai,11-50,fahamdoors.com
united arab emirates,1980,abu-dhabi-national-co-for-building-materials-bildco-,construction,linkedin.com/company/abu-dhabi-national-co-for-building-materials-bildco-,abu dhabi,abu dhabi national co for building materials (bildco),abu dhabi,51-200,bildco.ae
united arab emirates,2009,saham-star-general-trading-llc,environmental services,linkedin.com/company/saham-star-general-trading-llc,"",saham global,dubai,11-50,saham-international.com
united arab emirates,2017,offgridtechnicalservicesllc,renewables & environment,linkedin.com/company/offgridtechnicalservicesllc,"",off grid technical services llc,dubai,1-10,""
united arab emirates,2011,plus-commercial-information-services,management consulting,linkedin.com/company/plus-commercial-information-services,"",plus commercial information services,abu dhabi,11-50,plusuae.com
united arab emirates,1976,goldfruit-international-llc,food & beverages,linkedin.com/company/goldfruit-international-llc,"",goldfruit international llc,dubai,201-500,goldfruitgroup.com
united arab emirates,2015,blue-birch-capital-advisors,investment management,linkedin.com/company/blue-birch-capital-advisors,dubai,blue birch capital advisors,dubai,1-10,bluebirchcapital.com
united arab emirates,2013,gulf-job-careers,non-profit organization management,linkedin.com/company/gulf-job-careers,"",gulf job careers,"",51-200,gulfjobcareers.com
united arab emirates,1996,sharafexchange,financial services,linkedin.com/company/sharafexchange,"",sharaf exchange,dubai,51-200,sharafexchange.com
united arab emirates,2013,kaizen-blitz-group,international trade and development,linkedin.com/company/kaizen-blitz-group,dubai,kaizen blitz group,dubai,1-10,kaizenblitz.ae
united arab emirates,1999,proper-property-dubai,real estate,linkedin.com/company/proper-property-dubai,"",proper property dubai,dubai,501-1000,properproperty.ae
united arab emirates,"",bling-events,events services,linkedin.com/company/bling-events,"",bling events,dubai,201-500,bling.events
united arab emirates,2012,mobius-mea,security and investigations,linkedin.com/company/mobius-mea,dubai,mobius mea,dubai,11-50,mobiusmea.com
united arab emirates,2017,bakery-vc,venture capital & private equity,linkedin.com/company/bakery-vc,dubai,bakery.vc,dubai,11-50,bakery.vc
united arab emirates,2002,dbwc,non-profit organization management,linkedin.com/company/dbwc,dubai,dubai business women council (dbwc),dubai,11-50,dbwc.ae
united arab emirates,2003,ferg,non-profit organization management,linkedin.com/company/ferg,dubai,foreign exchange & remittance group (ferg),dubai,1-10,ferguae.org
united arab emirates,2018,visoray,accounting,linkedin.com/company/visoray,dubai,visoray accounting & bookkeeping llc,dubai,1-10,visoray.ae
united arab emirates,2007,emexcourier,logistics and supply chain,linkedin.com/company/emexcourier,dubai,emex courier & logistics,dubai,11-50,""
united arab emirates,2013,the-delma-institute,research,linkedin.com/company/the-delma-institute,"",the delma institute,abu dhabi,11-50,delmainstitute.com
united arab emirates,2011,vacker-global,industrial automation,linkedin.com/company/vacker-global,"",vacker global,dubai,11-50,vackerglobal.com
united arab emirates,2014,marc-ellis-consulting,staffing and recruiting,linkedin.com/company/marc-ellis-consulting,dubai,marc ellis consulting,dubai,11-50,marc-ellis.com
united arab emirates,2016,fivecapital,venture capital & private equity,linkedin.com/company/fivecapital,"",five capital,dubai,1-10,fivecap.com
united arab emirates,2012,keybs-dmcc,information technology and services,linkedin.com/company/keybs-dmcc,"",keybs dmcc,dubai,11-50,keybs.net
united arab emirates,2004,perfect-international-fish-processing-l-l-c,fishery,linkedin.com/company/perfect-international-fish-processing-l-l-c,ajman,perfect international fish processing l.l.c,ajman,11-50,""
united arab emirates,2013,groupl-fze,human resources,linkedin.com/company/groupl-fze,"",groupl fze,"",11-50,groupl.ae
united arab emirates,1996,salima-garments,textiles,linkedin.com/company/salima-garments,abu dhabi,salima garments,abu dhabi,51-200,""
united arab emirates,1997,lootah-bcgas-s-s-lootah-group,oil & energy,linkedin.com/company/lootah-bcgas-s-s-lootah-group,dubai,lootah bcgas s.s. lootah group,dubai,1001-5000,lootahgas.com
united arab emirates,"",premier-diagnostic-centre-prime-healthcare-group-llc,hospital & health care,linkedin.com/company/premier-diagnostic-centre-prime-healthcare-group-llc,"",premier diagnostic centre prime healthcare group llc,"",1-10,premierdiagnostics.ae
united arab emirates,"",elis-pharmaceuticals-fz-llc,"health, wellness and fitness",linkedin.com/company/elis-pharmaceuticals-fz-llc,dubai,elis pharmaceuticals fz-llc,dubai,1-10,elispharma.com
united arab emirates,2006,icp-gulf,human resources,linkedin.com/company/icp-gulf,"",icp gulf,dubai,11-50,icp-gulf.com
united arab emirates,"",platincoin-–-official,management consulting,linkedin.com/company/platincoin-–-official,"",platincoin – official,dubai,1-10,""
united arab emirates,"",vsl-intrafor-dubai,civil engineering,linkedin.com/company/vsl-intrafor-dubai,"",vsl intrafor dubai,"",1-10,""
united arab emirates,2010,bsl-middle-east,events services,linkedin.com/company/bsl-middle-east,"",bsl middle east,abu dhabi,1-10,bslmiddleeast.com
united arab emirates,2013,sandstorm-digital,marketing and advertising,linkedin.com/company/sandstorm-digital,"",sandstorm digital ® fze,dubai,11-50,sandstormdigital.com
united arab emirates,2009,genetrics,biotechnology,linkedin.com/company/genetrics,"",genetrics,"",11-50,genetricsinc.com
united arab emirates,"",united-arab-chemical-carriers,maritime,linkedin.com/company/united-arab-chemical-carriers,"",united arab chemical carriers,"",11-50,""
united arab emirates,2013,reach-british-school,primary/secondary education,linkedin.com/company/reach-british-school,"",reach british school,abu dhabi,51-200,reachbritishschool.com
united arab emirates,2016,deardorishop,design,linkedin.com/company/deardorishop,sharjah,deardori shop,sharjah,1-10,deardorishop.com
united arab emirates,"",al-awadhi-building-contracting-llc,management consulting,linkedin.com/company/al-awadhi-building-contracting-llc,al ajman,al awadhi building contracting llc,ajman,1-10,alawadhiuae.com
united arab emirates,"",national-contracting,civil engineering,linkedin.com/company/national-contracting,sharjah,national contracting,sharjah,1001-5000,national-contracting.com
united arab emirates,1988,mondial-dubai-llc,financial services,linkedin.com/company/mondial-dubai-llc,"","mondial dubai llc - there's advice, then there's expert advice",dubai,51-200,mondialdubai.com
united arab emirates,"",progoti-exchange,management consulting,linkedin.com/company/progoti-exchange,"",progoti exchange,abu dhabi,1-10,progotiexchange.com
united arab emirates,"",spatial-composite-solutions-fze,airlines/aviation,linkedin.com/company/spatial-composite-solutions-fze,"",spatial composite solutions fze,"",11-50,spatial-composite.com
united arab emirates,1999,scheibye-trading-me-fzc,telecommunications,linkedin.com/company/scheibye-trading-me-fzc,dubai,scheibye,dubai,11-50,scheibye.com
united arab emirates,2019,al-derah-training-and-education,professional training & coaching,linkedin.com/company/al-derah-training-and-education,dubai,al derah training and education,dubai,11-50,alderah.ae
united arab emirates,2015,hncdentalclinic,medical practice,linkedin.com/company/hncdentalclinic,"",hncdentalclinic,dubai,201-500,hncdentalclinic.com
united arab emirates,2008,deltaadvae,marketing and advertising,linkedin.com/company/deltaadvae,sharjah,delta advertising & publicity llc,sharjah,11-50,delta-adv.com
united arab emirates,2015,ismartlabs,information technology and services,linkedin.com/company/ismartlabs,"",ismartlabs,dubai,1-10,i-smartlabs.com
united arab emirates,"",reexrealestate,real estate,linkedin.com/company/reexrealestate,dubai,reex real estate,dubai,11-50,reex.ae
united arab emirates,2014,bimsocial,marketing and advertising,linkedin.com/company/bimsocial,dubai,brand impact,dubai,1-10,bi.ae
united arab emirates,2006,cochin-steel-llc,mechanical or industrial engineering,linkedin.com/company/cochin-steel-llc,sharjah,cochin steel llc,sharjah,11-50,cochinsteeluae.com
united arab emirates,"",uvgi-amea,international trade and development,linkedin.com/company/uvgi-amea,"",uvgi amea,dubai,1-10,uvgi-amea.com
united arab emirates,1987,cracknell,architecture & planning,linkedin.com/company/cracknell,"",cracknell,dubai,201-500,cracknell.com
united arab emirates,"",green-technology-protection-llc,management consulting,linkedin.com/company/green-technology-protection-llc,"",green technology protection llc,abu dhabi,1-10,greentecuae.com
united arab emirates,2015,al-zorah-golf-club,hospitality,linkedin.com/company/al-zorah-golf-club,"",al zorah golf club,ajman,11-50,alzorahgolfclub.ae
united arab emirates,2014,eond,information services,linkedin.com/company/eond,"",eond,dubai,11-50,eond.eu
united arab emirates,2016,cyclos-consulting,management consulting,linkedin.com/company/cyclos-consulting,"",cyclos consulting,dubai,1-10,cyclosconsulting.com
united arab emirates,1996,galaxy-computer-education-&-training-institute,education management,linkedin.com/company/galaxy-computer-education-&-training-institute,abu dhabi,galaxy computer education & training institute,abu dhabi,1-10,galaxy-education.com
united arab emirates,2007,ventureinternational,management consulting,linkedin.com/company/ventureinternational,sharjah,venture international fzc.,sharjah,11-50,ventureinternational.com
united arab emirates,2008,chemi-link-corporation,oil & energy,linkedin.com/company/chemi-link-corporation,dubai,chemi-link corporation,dubai,51-200,chemi-link.com
united arab emirates,2012,creativa-productions,media production,linkedin.com/company/creativa-productions,dubai,creativa productions,dubai,1-10,creativa.ae
united arab emirates,2020,iterumpm,management consulting,linkedin.com/company/iterumpm,"",iterum,dubai,1-10,iterum.ae
united arab emirates,2014,uzel-dani-manlik,human resources,linkedin.com/company/uzel-dani-manlik,"",isg - international service group / united arab emirates,dubai,1-10,""
united arab emirates,2003,dubai4x4,automotive,linkedin.com/company/dubai4x4,"",dubai4x4,dubai,5001-10000,dubai4x4.com
united arab emirates,1984,amico,medical devices,linkedin.com/company/amico,"",amico group,dubai,1001-5000,amicogroup.com
united arab emirates,2014,mycrm,information technology and services,linkedin.com/company/mycrm,"",mycrm,dubai,201-500,mycrm.com
united arab emirates,2013,barajoun-entertainment,motion pictures and film,linkedin.com/company/barajoun-entertainment,dubai,barajoun entertainment,dubai,11-50,barajoun.com
united arab emirates,2018,foren-technologies,information technology and services,linkedin.com/company/foren-technologies,dubai,foren technologies,dubai,1-10,forentechnologies.com
united arab emirates,1987,cns,information technology and services,linkedin.com/company/cns,"",cns (computer network systems),"",501-1000,""
united arab emirates,"",smartskills,"",linkedin.com/company/smartskills,"",smartskills,"",11-50,smartskills.ae
united arab emirates,2005,ikoo,internet,linkedin.com/company/ikoo,"",ikoo,"",51-200,ikoo.com
united arab emirates,2017,gulf-tax-consultants,management consulting,linkedin.com/company/gulf-tax-consultants,"",gulf tax consultants,dubai,1-10,gulf-tax.net
united arab emirates,2009,praxis-ict-consulting,information technology and services,linkedin.com/company/praxis-ict-consulting,"",praxis ict consulting,abu dhabi,51-200,praxis-consultants.com
united arab emirates,2019,around-the-block-restaurant-llc,restaurants,linkedin.com/company/around-the-block-restaurant-llc,dubai,around the block restaurant llc,dubai,11-50,atbdubai.com
united arab emirates,2008,ferrarucci-cosmetics,cosmetics,linkedin.com/company/ferrarucci-cosmetics,dubai,ferrarucci professional makeup,dubai,11-50,ferrarucci-cosmetics.com
united arab emirates,2004,brands-international-fze,apparel & fashion,linkedin.com/company/brands-international-fze,"",brands international,dubai,201-500,brandsco.com
united arab emirates,2004,omega-cst,information technology and services,linkedin.com/company/omega-cst,"",omega-cst,abu dhabi,1-10,""
united arab emirates,2007,hebcollc,construction,linkedin.com/company/hebcollc,"",hebco contracting llc,dubai,11-50,hebcollc.com
united arab emirates,1995,jatco-freight-services-llc,"health, wellness and fitness",linkedin.com/company/jatco-freight-services-llc,dubai,jatco freight services llc,dubai,51-200,jatcofs.com
united arab emirates,2002,true-vision-designs,graphic design,linkedin.com/company/true-vision-designs,"",true vision designs,dubai,1-10,truevdesigns.com
united arab emirates,2017,targe-consulting-llc-fze,management consulting,linkedin.com/company/targe-consulting-llc-fze,sharjah,targe consulting llc,sharjah,1-10,targeconsulting.com
united arab emirates,"",indubeauty,arts and crafts,linkedin.com/company/indubeauty,"",rima singh art,dubai,1-10,rimasingh.com
united arab emirates,2000,jams-hr-solutions,staffing and recruiting,linkedin.com/company/jams-hr-solutions,dubai,jams hr solutions,dubai,51-200,jamsfze.com
united arab emirates,"",al-jawdah-gold-manufacturing-llc,luxury goods & jewelry,linkedin.com/company/al-jawdah-gold-manufacturing-llc,"",al jawdah gold manufacturing llc,dubai,1-10,aljawdahgold.com
united arab emirates,2007,headway-recruitment,staffing and recruiting,linkedin.com/company/headway-recruitment,"",headway recruitment,"",1-10,headway.ae
united arab emirates,"",al-bassam-rak-for-plastic-industries-llc,accounting,linkedin.com/company/al-bassam-rak-for-plastic-industries-llc,julfa,al bassam rak for plastic industries llc,ras al khaimah,1-10,albassamrak.com
united arab emirates,2020,lira-strategy-partners,management consulting,linkedin.com/company/lira-strategy-partners,"",lira | strategy partners,dubai,1-10,lira.partners
united arab emirates,2013,awok,retail,linkedin.com/company/awok,dubai,awok.com,dubai,501-1000,awok.com
united arab emirates,2017,magnus-technologies-fzco,internet,linkedin.com/company/magnus-technologies-fzco,"",magnus technologies fzco,"",1-10,magnusae.com
united arab emirates,"",alba-chartered-accountants,"",linkedin.com/company/alba-chartered-accountants,"",alba chartered accountants,"",11-50,alba.ae
united arab emirates,1998,abdulla-al-awadi-advocates-&-legal-consultants,law practice,linkedin.com/company/abdulla-al-awadi-advocates-&-legal-consultants,"",abdulla al awadi advocates & legal consultants (aaa),dubai,11-50,abdullaalawadi.com
united arab emirates,2003,mallorca-properties-llc,real estate,linkedin.com/company/mallorca-properties-llc,dubai,mallorca properties llc,dubai,1-10,mallorca.ae
united arab emirates,2017,mnauditing,financial services,linkedin.com/company/mnauditing,"",mnauditing - mohammed alnuaimi auditing,dubai,11-50,mnauditing.com
united arab emirates,2006,sea-hunters-llc,"leisure, travel & tourism",linkedin.com/company/sea-hunters-llc,dubai,sea hunters passenger yachts & boat rentals llc,dubai,11-50,seahuntersdubai.com
united arab emirates,2001,microexceltechnologiesllc,computer software,linkedin.com/company/microexceltechnologiesllc,dubai,microexcel technologies llc,dubai,1001-5000,""
united arab emirates,"",master-ecn,management consulting,linkedin.com/company/master-ecn,"",master ecn,dubai,11-50,masterecn.com
united arab emirates,2012,fishfishme,"leisure, travel & tourism",linkedin.com/company/fishfishme,"","fishfishme, inc.",dubai,11-50,""
united arab emirates,2013,levantchem-coating-&-packaging-ltd.,paper & forest products,linkedin.com/company/levantchem-coating-&-packaging-ltd.,"",levantchem coating & packaging ltd.,dubai,1-10,levantchem.net
united arab emirates,"",cyberswan,marketing and advertising,linkedin.com/company/cyberswan,dubai,cyber swan marketing management,dubai,11-50,cyberswan.ae
united arab emirates,"",تسهيل---tasheel,"",linkedin.com/company/تسهيل---tasheel,sharjah,تسهيل - tasheel,sharjah,1-10,moamalat.ae
united arab emirates,"",wenstourism,"leisure, travel & tourism",linkedin.com/company/wenstourism,"",wens tourism llc,dubai,11-50,wenstourism.com
united arab emirates,"",general-pension-and-social-security-authority,government administration,linkedin.com/company/general-pension-and-social-security-authority,"",general pension and social security authority,"",11-50,gpssa.ae
united arab emirates,"",samsun-godwin-consulting,management consulting,linkedin.com/company/samsun-godwin-consulting,dubai,samsun godwin consulting,dubai,1-10,samsungodwin.com
united arab emirates,2000,midsky-trading-llc,security and investigations,linkedin.com/company/midsky-trading-llc,dubai,midsky trading llc,dubai,11-50,midsky.ae
united arab emirates,"",golden-sands-abrasives-llc,construction,linkedin.com/company/golden-sands-abrasives-llc,"",golden sands abrasives llc,"",11-50,goldensandsgroup.co
united arab emirates,"",golden-gate-cargo-services-co.-ltd,management consulting,linkedin.com/company/golden-gate-cargo-services-co.-ltd,"",golden gate cargo services co. ltd,dubai,1-10,goldengatecargoservices.com
united arab emirates,2010,ack-solutions,management consulting,linkedin.com/company/ack-solutions,"",ack solutions,dubai,1-10,acksolutions.com
united arab emirates,2003,byblos-translation,translation and localization,linkedin.com/company/byblos-translation,"",byblos translation,dubai,11-50,byblostranslation.com
united arab emirates,"",vivaahcelebrations,events services,linkedin.com/company/vivaahcelebrations,"",vivaah celebrations,dubai,11-50,""
united arab emirates,2018,trinonetwork,information technology and services,linkedin.com/company/trinonetwork,dubai,trino,dubai,11-50,trino.io
united arab emirates,2017,pepagoradigital,online media,linkedin.com/company/pepagoradigital,dubai,pepagora internet,dubai,11-50,pepagora.digital
united arab emirates,2019,proventeqmea,information technology and services,linkedin.com/company/proventeqmea,"",proventeq mea,dubai,51-200,""
united arab emirates,2002,sadia-hr-consultancy,human resources,linkedin.com/company/sadia-hr-consultancy,"",sadia hr consultancy,dubai,11-50,sadiahruae.com
united arab emirates,"",sport2-jlt,sports,linkedin.com/company/sport2-jlt,dubai,sport2jlt,dubai,1-10,sport2jlt.com
united arab emirates,"",expression,marketing and advertising,linkedin.com/company/expression,"",expression,"",11-50,expression-me.com
united arab emirates,2015,proximanetworks,computer networking,linkedin.com/company/proximanetworks,"",proxima networks,dubai,1-10,proximanetworks.com
united arab emirates,"",strato-fze,mechanical or industrial engineering,linkedin.com/company/strato-fze,dubai,strato-fze,dubai,11-50,strato-fze.com
united arab emirates,2018,laluzlighting,architecture & planning,linkedin.com/company/laluzlighting,dubai,la luz lighting,dubai,1-10,laluzlighting.com
united arab emirates,2005,cratrd,oil & energy,linkedin.com/company/cratrd,dubai,cra trading llc,dubai,11-50,cra-me.com
united arab emirates,2015,encore-investments-llc,venture capital & private equity,linkedin.com/company/encore-investments-llc,"",encore investments llc,dubai,1-10,encoreinvest.com
united arab emirates,"",masar-engineering-consultancy,management consulting,linkedin.com/company/masar-engineering-consultancy,"",masar engineering consultancy,dubai,1-10,masar-consultancy.com
united arab emirates,2010,german-tech-machinery-llc,machinery,linkedin.com/company/german-tech-machinery-llc,dubai,german tech machinery llc,dubai,11-50,germantechmachinery.com
united arab emirates,2017,fandeez-tax-consultancy,accounting,linkedin.com/company/fandeez-tax-consultancy,dubai,fandeez tax consultancy,dubai,1-10,fandeez.com
united arab emirates,"",prominent-juffali-fzc,mechanical or industrial engineering,linkedin.com/company/prominent-juffali-fzc,sharjah,prominent juffali fzc,sharjah,11-50,""
united arab emirates,2016,liezen-specialied-flooring-civil-works,construction,linkedin.com/company/liezen-specialied-flooring-civil-works,"",liezen specialized flooring & civil works l liezen technical services llc,dubai,11-50,liezenuae.com
united arab emirates,"",backlite-media,media production,linkedin.com/company/backlite-media,dubai,backlite media,dubai,11-50,backlitemedia.com
united arab emirates,"",dhakira-center-for-heritage-studies,research,linkedin.com/company/dhakira-center-for-heritage-studies,abu dhabi,dhakira center for heritage studies,abu dhabi,1-10,""
united arab emirates,2002,the-nail-spa,"health, wellness and fitness",linkedin.com/company/the-nail-spa,"",the nail spa,dubai,201-500,thenailspa.com
united arab emirates,"",supplychainarabia,e-learning,linkedin.com/company/supplychainarabia,dubai,"",dubai,11-50,supplychainarabia.com
united arab emirates,"",unipro-software-house,information technology and services,linkedin.com/company/unipro-software-house,"",unipro software house,dubai,11-50,uniprome.com
united arab emirates,"",parthia-cargo-llc,logistics and supply chain,linkedin.com/company/parthia-cargo-llc,"",parthia cargo llc,"",11-50,parthiacargo.com
united arab emirates,2009,bbc-perfumes-trading-llc,cosmetics,linkedin.com/company/bbc-perfumes-trading-llc,"",bbc perfumes trading llc,dubai,1-10,beauty4trade.com
united arab emirates,2017,socialiciouscafe,restaurants,linkedin.com/company/socialiciouscafe,dubai,socialicious,dubai,11-50,socialicious.cafe
united arab emirates,2010,admc---al-barq-digital,media production,linkedin.com/company/admc---al-barq-digital,"",admc - al barq digital,"",11-50,albarqdigital.com
united arab emirates,"",dlv-enterprises-fze,real estate,linkedin.com/company/dlv-enterprises-fze,dubai,dlv enterprises fze,dubai,1-10,dlvgroup.com
united arab emirates,2010,wl-hospitality-group,hospitality,linkedin.com/company/wl-hospitality-group,"",wl hospitality group,dubai,11-50,wlhospitality.com
united arab emirates,1995,universal-islamic-meat-fzco,food production,linkedin.com/company/universal-islamic-meat-fzco,dubai,universal islamic meat fzco,dubai,51-200,uimeat.com
united arab emirates,"",sharjah-rotana-hotel,hospitality,linkedin.com/company/sharjah-rotana-hotel,sharjah,sharjah rotana hotel,sharjah,11-50,""
united arab emirates,2011,dreamcam-shop,media production,linkedin.com/company/dreamcam-shop,"",dreamcam shop,"",1-10,dreamcamshop.com
united arab emirates,2016,esecurityden,research,linkedin.com/company/esecurityden,dubai,esecurityden,dubai,1-10,esecurityden.com
united arab emirates,"",iran-insurance,insurance,linkedin.com/company/iran-insurance,"",iran insurance,dubai,201-500,bimehir.ae
united arab emirates,"",alajmi-engineering-consultant-aec-,construction,linkedin.com/company/alajmi-engineering-consultant-aec-,"",alajmi engineering consultant ( aec ),"",51-200,alajmi.ae
united arab emirates,"",tribe-dubai,retail,linkedin.com/company/tribe-dubai,dubai,tribe dubai,dubai,11-50,tribedubai.com
united arab emirates,2016,universal-media-house,marketing and advertising,linkedin.com/company/universal-media-house,dubai,universal media house,dubai,11-50,umh.ae
united arab emirates,2019,kabnoury-ventures,venture capital & private equity,linkedin.com/company/kabnoury-ventures,dubai,kabnoury ventures,dubai,11-50,kabnouryventures.com
united arab emirates,2018,chalhoub-greenhouse,retail,linkedin.com/company/chalhoub-greenhouse,dubai,chalhoub greenhouse,dubai,1-10,chalhoubgreenhouse.com
united arab emirates,"",bizone-synergy,financial services,linkedin.com/company/bizone-synergy,"",bizone synergy,dubai,1-10,bizonesynergy.com
united arab emirates,2015,dynamichts,design,linkedin.com/company/dynamichts,dubai,205 design,dubai,1-10,205.ae
united arab emirates,1967,al-badie-group,international trade and development,linkedin.com/company/al-badie-group,"",al badie group,abu dhabi,1001-5000,albadiegroup.com
united arab emirates,"",bucomac-industries,building materials,linkedin.com/company/bucomac-industries,dubai,bucomac industries,dubai,11-50,""
united arab emirates,2010,emarat-aloula-industries,utilities,linkedin.com/company/emarat-aloula-industries,"",emarat aloula industries,abu dhabi,1001-5000,""
united arab emirates,"",falcon-spring,food & beverages,linkedin.com/company/falcon-spring,abu dhabi,falcon spring,abu dhabi,201-500,falconspringwater.com
united arab emirates,1998,solutions-hygiene-llc-,facilities services,linkedin.com/company/solutions-hygiene-llc-,abu dhabi,solutions hygiene llc,abu dhabi,201-500,solutionshygiene.com
united arab emirates,2003,centaur-fire-and-safety-trading,mechanical or industrial engineering,linkedin.com/company/centaur-fire-and-safety-trading,"",centaur security and safety trading,"",51-200,centauruae.com
united arab emirates,2016,resumocast,professional training & coaching,linkedin.com/company/resumocast,dubai,resumocast,dubai,1-10,resumocast.com.br
united arab emirates,1986,fslhospitality,hospitality,linkedin.com/company/fslhospitality,dubai,fsl hospitality / chef works middle east,dubai,51-200,""
united arab emirates,2001,cannelle-holdings-fze,building materials,linkedin.com/company/cannelle-holdings-fze,dubai,cannelle holdings fze,dubai,11-50,""
united arab emirates,2016,cascades-general-trading,apparel & fashion,linkedin.com/company/cascades-general-trading,dubai,cascades general trading,dubai,1-10,cascadesluxury.co.uk
united arab emirates,"",km-trading-uae,retail,linkedin.com/company/km-trading-uae,"",km trading uae,"",1001-5000,kmtrading.com
united arab emirates,2005,richer-view-media-productions-ltd,media production,linkedin.com/company/richer-view-media-productions-ltd,"",richer view media productions ltd,"",1-10,richerview.co.uk
united arab emirates,"",najeeb-kadiri-trading-co-l-l-c-,electrical/electronic manufacturing,linkedin.com/company/najeeb-kadiri-trading-co-l-l-c-,"",najeeb kadiri trading co (l.l.c),dubai,11-50,""
united arab emirates,2014,my-city-energy-dmcc,oil & energy,linkedin.com/company/my-city-energy-dmcc,dubai,my city energy dmcc,dubai,11-50,mycityenergy.com
united arab emirates,2011,psr-techno-services,information technology and services,linkedin.com/company/psr-techno-services,"",psr technologies,"",51-200,psrtech.com
united arab emirates,"",alredha,"",linkedin.com/company/alredha,"",alredha,"",11-50,""
united arab emirates,2018,kitopi,food & beverages,linkedin.com/company/kitopi,"",kitopi,dubai,1001-5000,kitopi.com
united arab emirates,"",cac-events,entertainment,linkedin.com/company/cac-events,"",cac events,"",11-50,cecevents.net
united arab emirates,2004,popular-productions-limited,entertainment,linkedin.com/company/popular-productions-limited,"",popular productions ltd,dubai,1-10,popularproductions.com
united arab emirates,1996,blastline-group-of-companies,business supplies and equipment,linkedin.com/company/blastline-group-of-companies,"",blastline llc & group of companies,abu dhabi,51-200,blastlinegroup.com
united arab emirates,1987,unique-lighting-middle-east-llc,construction,linkedin.com/company/unique-lighting-middle-east-llc,"",unique lighting middle east llc,dubai,11-50,uniquelightingme.com
united arab emirates,2014,greves-verification-solutions-dubai-uae,security and investigations,linkedin.com/company/greves-verification-solutions-dubai-uae,"","greves verification solutions dwc llc, dubai, uae",dubai,11-50,gvs.ae
united arab emirates,2015,mysixpak,"health, wellness and fitness",linkedin.com/company/mysixpak,dubai,mysixpak,dubai,11-50,mysixpak.com
united arab emirates,2009,ubv-corporation,pharmaceuticals,linkedin.com/company/ubv-corporation,sharjah,ubv corporation,sharjah,11-50,ubvcorporation.com
united arab emirates,2015,edgebrokers,insurance,linkedin.com/company/edgebrokers,"",edge insurance brokers llc,"",11-50,edgeinsbrokers.com
united arab emirates,1983,sarsanwala-trading-co-llc,import and export,linkedin.com/company/sarsanwala-trading-co-llc,"",sarsanwala trading co llc,dubai,11-50,sarsanwala.com
united arab emirates,2015,emerald-palace-kempinski,hospitality,linkedin.com/company/emerald-palace-kempinski,"",emerald palace kempinski,dubai,1-10,palace-emerald.com
united arab emirates,2017,halconsystems,defense & space,linkedin.com/company/halconsystems,abu dhabi,halcon,abu dhabi,201-500,halcon.ae
united arab emirates,"",step-global-group-smart-citizenship,legal services,linkedin.com/company/step-global-group-smart-citizenship,"",step global group/smart citizenship,dubai,1-10,stepglobalgroup.com
united arab emirates,2016,kreativelynx,information technology and services,linkedin.com/company/kreativelynx,"",kreativelynx inc.,dubai,1-10,kreativelynx.com
united arab emirates,"",helen-o-grady-uae,"",linkedin.com/company/helen-o-grady-uae,"",helen o grady uae,"",1-10,""
united arab emirates,"",al-gouri-machinery-trading-llc,management consulting,linkedin.com/company/al-gouri-machinery-trading-llc,"",al gouri machinery trading llc,dubai,1-10,""
united arab emirates,2004,zedco-advertising-llc,marketing and advertising,linkedin.com/company/zedco-advertising-llc,"",zedco advertising llc,dubai,201-500,zedcoadvertising.com
united arab emirates,2010,mosaic-holding-llc,retail,linkedin.com/company/mosaic-holding-llc,"",mosaic holding llc,abu dhabi,11-50,mosaic-holding.com
united arab emirates,2019,ecap-dmcc,management consulting,linkedin.com/company/ecap-dmcc,"",ecap,dubai,1-10,ecap.ae
united arab emirates,2003,dubai-driving-center,automotive,linkedin.com/company/dubai-driving-center,"",dubai driving center,dubai,501-1000,dubaidrivingcenter.net
united arab emirates,2009,uae-rugby-federation,sports,linkedin.com/company/uae-rugby-federation,dubai,uae rugby federation,dubai,11-50,uaerugby.ae
united arab emirates,2008,white-arch-general-contracting-&-maintenance-l-l-c,construction,linkedin.com/company/white-arch-general-contracting-&-maintenance-l-l-c,abu dhabi,white arch general contracting & maintenance l.l.c,abu dhabi,11-50,whitearch-me.com
united arab emirates,2014,navioshipping,logistics and supply chain,linkedin.com/company/navioshipping,"",navio shipping llc,dubai,201-500,navio-shipping.com
united arab emirates,1981,kite-group,retail,linkedin.com/company/kite-group,"",kite group,"",51-200,kitegroupdubai.com
united arab emirates,2007,al-ittihad-legal-firm,legal services,linkedin.com/company/al-ittihad-legal-firm,dubai,al ittihad legal firm,dubai,11-50,alittihaddebtcollection.com
united arab emirates,"",gallega-global-logistics,logistics and supply chain,linkedin.com/company/gallega-global-logistics,dubai,gallega global logistics,dubai,201-500,gallega.com
united arab emirates,"",stones-slates-llc,import and export,linkedin.com/company/stones-slates-llc,jebel ali,stones & slates llc,dubai,51-200,""
united arab emirates,"",swissnox-stainless-steel-llc,architecture & planning,linkedin.com/company/swissnox-stainless-steel-llc,abu dhabi,swissnox stainless steel llc,abu dhabi,11-50,swissnox.com
united arab emirates,1951,jordan-insurance-company-uae,insurance,linkedin.com/company/jordan-insurance-company-uae,"",jordan insurance company - uae,abu dhabi,11-50,jicjo.com
united arab emirates,2011,techanipr,information technology and services,linkedin.com/company/techanipr,dubai,anipr technology services,dubai,51-200,anipr.com
united arab emirates,2015,1click2deliver,logistics and supply chain,linkedin.com/company/1click2deliver,dubai,one click delivery services - 1click2deliver,dubai,51-200,1click2deliver.com
united arab emirates,"",step-by-step-nursery-uae,education management,linkedin.com/company/step-by-step-nursery-uae,mirdif,step by step nursery uae,dubai,51-200,stepbystepnursery.ae
united arab emirates,2007,justbtl,marketing and advertising,linkedin.com/company/justbtl,dubai,just btl marketing research and consultancies,dubai,201-500,justbtl.com
united arab emirates,2018,zameenae,real estate,linkedin.com/company/zameenae,"",zameen.ae,dubai,51-200,zameen.ae
united arab emirates,1975,salem-ahmad-almoosa-enterprises,investment management,linkedin.com/company/salem-ahmad-almoosa-enterprises,"",salem ahmad almoosa enterprises,dubai,51-200,almoosa.ae
united arab emirates,1984,benq-middle-east,information technology and services,linkedin.com/company/benq-middle-east,dubai,benq middle east,dubai,10001+,benq.ae
united arab emirates,"",quality-life-medical-center-uae,medical practice,linkedin.com/company/quality-life-medical-center-uae,"",quality life medical center- qlmc uae,dubai,11-50,qlmc.ae
united arab emirates,2002,wonder-bus-tours-llc,"leisure, travel & tourism",linkedin.com/company/wonder-bus-tours-llc,dubai,wonder bus tours llc,dubai,11-50,wonderbusdubai.net
united arab emirates,1996,mart-networks-middle-east-fzc,telecommunications,linkedin.com/company/mart-networks-middle-east-fzc,dubai,mart networks middle east fzc,dubai,11-50,""
united arab emirates,2018,pearl-motors-dubai,automotive,linkedin.com/company/pearl-motors-dubai,"",pearl motors,dubai,1-10,pearl-motors.com
united arab emirates,2006,bbusinesss,professional training & coaching,linkedin.com/company/bbusinesss,"",bbusinesss,dubai,11-50,bbusinesss.com
united arab emirates,2014,parisima-talent,human resources,linkedin.com/company/parisima-talent,"",parisima talent,dubai,51-200,parisima.com
united arab emirates,"",unimarine-technical-services,oil & energy,linkedin.com/company/unimarine-technical-services,"",unimarine technical services,"",11-50,utsrak.com
united arab emirates,2014,bioinsure-co.,biotechnology,linkedin.com/company/bioinsure-co.,"",advanced biomedical suppliers,dubai,11-50,sit-lab.com
united arab emirates,2004,dollar-rent-a-car-uae,automotive,linkedin.com/company/dollar-rent-a-car-uae,dubai,dollar rent a car uae,dubai,201-500,dollaruae.com
united arab emirates,2001,global-engineering-systems-fzc,environmental services,linkedin.com/company/global-engineering-systems-fzc,sharjah,global engineering systems fzc,sharjah,51-200,environment.ae
united arab emirates,2014,vvip,internet,linkedin.com/company/vvip,"",vvip,dubai,11-50,vvip.co
united arab emirates,2008,university-of-jazeera,education management,linkedin.com/company/university-of-jazeera,"",university of jazeera,dubai,51-200,uoj.ac.ae
united arab emirates,2004,calcon-international-private-limited,environmental services,linkedin.com/company/calcon-international-private-limited,"",calcon international private limited,dubai,11-50,calconuae.com
united arab emirates,2015,global-institute-of-technology,non-profit organization management,linkedin.com/company/global-institute-of-technology,abu dhabi,global institute of technology,abu dhabi,11-50,globalinnovate.com
united arab emirates,2015,gloss-global,consumer services,linkedin.com/company/gloss-global,jumeirah,gloss global,dubai,11-50,gloss.global
united arab emirates,2017,dredge-maritime-consultancy,maritime,linkedin.com/company/dredge-maritime-consultancy,dubai,dredge maritime consultancy,dubai,1-10,dredgemaritime.com
united arab emirates,"",rsoworkplace,executive office,linkedin.com/company/rsoworkplace,dubai,rso,dubai,11-50,""
united arab emirates,"",distilogic,information technology and services,linkedin.com/company/distilogic,"",distilogic,dubai,11-50,distilogic.com
united arab emirates,"",altech-digi-prints-llc,information technology and services,linkedin.com/company/altech-digi-prints-llc,"",altech digi prints llc,"",11-50,sharpafrica.ae
united arab emirates,1994,miladmarble,building materials,linkedin.com/company/miladmarble,sharjah,al milad - member of rocmet corporation group,sharjah,11-50,rocmet.com
united arab emirates,"",hong-kong-star-foodstuff-trading-llc,management consulting,linkedin.com/company/hong-kong-star-foodstuff-trading-llc,"",hong kong star foodstuff trading llc,dubai,1-10,hkscoldstore.com
united arab emirates,2014,rashid-alkaitoob-advocates-and-legal-consultants,legal services,linkedin.com/company/rashid-alkaitoob-advocates-and-legal-consultants,dubai,rashid alkaitoob advocates and legal consultants,dubai,1-10,rkadvocate.com
united arab emirates,1989,algurgpaints,chemicals,linkedin.com/company/algurgpaints,sharjah,al gurg paints,sharjah,201-500,oasispaints.com
united arab emirates,2016,idealz-enterprises-llc,internet,linkedin.com/company/idealz-enterprises-llc,"",idealz,dubai,11-50,idealz.com
united arab emirates,1999,boyden-middle-east,staffing and recruiting,linkedin.com/company/boyden-middle-east,"",boyden middle east & north africa,dubai,1-10,""
united arab emirates,2011,edventure,education management,linkedin.com/company/edventure,"",edventure,dubai,11-50,edventureme.com
united arab emirates,2008,a-t-capital-management,investment management,linkedin.com/company/a-t-capital-management,"",a/t capital management,dubai,11-50,atcapital.ae
united arab emirates,"",amer-silicon-oasis-typing-center,"",linkedin.com/company/amer-silicon-oasis-typing-center,"",amer silicon oasis typing center,dubai,1-10,amersiliconoasis.ae
united arab emirates,"",quest-for-adventure-uae,environmental services,linkedin.com/company/quest-for-adventure-uae,ajman,quest for adventure uae,ajman,11-50,questforadventure.net
united arab emirates,1992,creative-concrete-me,building materials,linkedin.com/company/creative-concrete-me,sharjah,creative concrete concepts,sharjah,201-500,creativeconcreteme.com
united arab emirates,"",uae-education-management,education management,linkedin.com/company/uae-education-management,"",uae education management solutions http://www.educationmanagement.org,abu dhabi,1-10,educationmanagement.org
united arab emirates,2005,cvtec-consulting-engineers,architecture & planning,linkedin.com/company/cvtec-consulting-engineers,"",cvtec consulting engineers,dubai,51-200,cvtec.ae
united arab emirates,2004,al-khalifa-social-development-&-management-center,events services,linkedin.com/company/al-khalifa-social-development-&-management-center,"",al khalifa social development & management center,dubai,11-50,alkhalifacenter.com
united arab emirates,2010,laurus-travel-solutions-dmcc,"leisure, travel & tourism",linkedin.com/company/laurus-travel-solutions-dmcc,dubai,laurus travel solutions dmcc,dubai,1-10,laurustravelsolutions.com
united arab emirates,2006,global-lubricant-industry-llc,oil & energy,linkedin.com/company/global-lubricant-industry-llc,"",global lubricant industry llc,ajman,1-10,""
united arab emirates,"",northstar-aviation,airlines/aviation,linkedin.com/company/northstar-aviation,"",northstar aviation,abu dhabi,51-200,nstar.ae
united arab emirates,2016,creative-clay-fze,marketing and advertising,linkedin.com/company/creative-clay-fze,"",creative clay marketing fze l.l.c.,ajman,1-10,creativeclayuae.com
united arab emirates,"",msdgcc,pharmaceuticals,linkedin.com/company/msdgcc,"",msd gcc,dubai,201-500,""
united arab emirates,1992,codemarketing,marketing and advertising,linkedin.com/company/codemarketing,"",codemarketing,dubai,11-50,""
united arab emirates,"",perfect-international-fish-processing,fishery,linkedin.com/company/perfect-international-fish-processing,ajman,perfect international fish processing,ajman,11-50,pifp.ae
united arab emirates,"",hiringbooster-uae,staffing and recruiting,linkedin.com/company/hiringbooster-uae,"",hiringbooster uae,abu dhabi,11-50,""
united arab emirates,2015,vn3xt,information technology and services,linkedin.com/company/vn3xt,"",vnext technologies,dubai,11-50,vn3xt.com
united arab emirates,2016,ss-web-solutions,information technology and services,linkedin.com/company/ss-web-solutions,dubai,ss web solution,dubai,11-50,sswebsolution.net
united arab emirates,2012,kids-academyuae.com,education management,linkedin.com/company/kids-academyuae.com,"",kids academy nursery  uae,abu dhabi,11-50,kids-academyuae.com
united arab emirates,"",stella-di-mare-hotel-dubai,hospitality,linkedin.com/company/stella-di-mare-hotel-dubai,"",stella di mare dubai marina hotel,dubai,201-500,""
united arab emirates,"",educhain,computer software,linkedin.com/company/educhain,"",educhain,abu dhabi,11-50,educhain.io
united arab emirates,2012,al-rawabet-trading-dmcc,consumer goods,linkedin.com/company/al-rawabet-trading-dmcc,"",al rawabet trading dmcc,dubai,11-50,alrawabet.net
united arab emirates,2014,amalansariauditing,accounting,linkedin.com/company/amalansariauditing,"",a&m al ansari auditing,dubai,11-50,am-alansari.com
united arab emirates,2012,aerotech-consulting-dwc-llc,aviation & aerospace,linkedin.com/company/aerotech-consulting-dwc-llc,"",aerotech consulting dwc-llc,dubai,11-50,aerotech-dwc.ae
united arab emirates,"",verro-engineering-consultancy,"",linkedin.com/company/verro-engineering-consultancy,"",verro engineering consultancy,"",11-50,""
united arab emirates,2014,gbc-events,events services,linkedin.com/company/gbc-events,"",gbc events,dubai,1-10,gbcme.com
united arab emirates,2006,f2-technology-llc,information technology and services,linkedin.com/company/f2-technology-llc,dubai,f2 technology llc,dubai,11-50,f2.ae
united arab emirates,2013,myhubber,internet,linkedin.com/company/myhubber,dubai,myhubber,dubai,11-50,myhubber.com
united arab emirates,"",cibse-yen-uae,construction,linkedin.com/company/cibse-yen-uae,"",cibse yen uae,dubai,51-200,""
united arab emirates,2003,aamal-mubtakara-advertising-iba,marketing and advertising,linkedin.com/company/aamal-mubtakara-advertising-iba,"",aamal mubtakara advertising - iba,dubai,11-50,i-iba.com
united arab emirates,"",globe-uniforms,retail,linkedin.com/company/globe-uniforms,"",globe uniforms,dubai,1-10,globeuniforms.ae
united arab emirates,2013,cognatio-systems,information technology and services,linkedin.com/company/cognatio-systems,"",cognatio systems,dubai,1-10,cognatiosystems.com
united arab emirates,2017,azimut-self-service,information technology and services,linkedin.com/company/azimut-self-service,"",azimut self service,dubai,11-50,azimutlabs.com
united arab emirates,"",golden-arch-decor-llc,management consulting,linkedin.com/company/golden-arch-decor-llc,"",golden arch decor llc,ajman,11-50,goldenarch-me.com
united arab emirates,2006,leading-brands-publishing,marketing and advertising,linkedin.com/company/leading-brands-publishing,"",leading brands,dubai,11-50,leadingbrands.me
united arab emirates,1993,al-manal-real-estate---member-of-al-ghurair,real estate,linkedin.com/company/al-manal-real-estate---member-of-al-ghurair,"",al manal real estate - member of al ghurair,dubai,11-50,almanalrealestate.com
united arab emirates,1989,pai-group-of-companies,executive office,linkedin.com/company/pai-group-of-companies,dubai,pai group of companies,dubai,1-10,paigrp.com
united arab emirates,"",multivacmiddleeast,packaging and containers,linkedin.com/company/multivacmiddleeast,"",multivac middle east,"",11-50,multivac.ae
united arab emirates,2019,allstarincme,events services,linkedin.com/company/allstarincme,dubai,all star inc.,dubai,1-10,allstarinc.me
united arab emirates,2019,thefamfund,investment management,linkedin.com/company/thefamfund,"",the fam fund,dubai,1-10,thefamfund.com
united arab emirates,"",brothers-aluminium-scaffolding,building materials,linkedin.com/company/brothers-aluminium-scaffolding,ajman,brothers aluminium scaffolding llc,ajman,51-200,""
united arab emirates,2007,spike-energy,oil & energy,linkedin.com/company/spike-energy,abu dhabi,spike energy services,abu dhabi,11-50,spikeservice.com
united arab emirates,2012,valencia-tours-llc,"leisure, travel & tourism",linkedin.com/company/valencia-tours-llc,"",valencia tours llc,dubai,11-50,valenciatours.ae
united arab emirates,2009,one-cm2-advertising-llc,marketing and advertising,linkedin.com/company/one-cm2-advertising-llc,dubai,one cm2 advertising llc,dubai,11-50,one-cm2.com
united arab emirates,"",problush-perfumes-cosmetics,cosmetics,linkedin.com/company/problush-perfumes-cosmetics,"",problush perfumes & cosmetics,dubai,11-50,www-pro-blush.com
united arab emirates,2010,torishima-service-solutions-fzco,mechanical or industrial engineering,linkedin.com/company/torishima-service-solutions-fzco,"",torishima service solutions fzco,"",51-200,torishima.co.jp
united arab emirates,"",sheikh-khalifa-medical-city-ajman,hospital & health care,linkedin.com/company/sheikh-khalifa-medical-city-ajman,"",sheikh khalifa medical city ajman,ajman,1001-5000,skmca.ae
united arab emirates,1989,cinmar-design,architecture & planning,linkedin.com/company/cinmar-design,"",cinmar design,"",51-200,cinmardesign.ae
united arab emirates,2000,barcode-gulf,information technology and services,linkedin.com/company/barcode-gulf,"",barcode gulf,dubai,51-200,barcodegulf.com
united arab emirates,2003,adihex,events services,linkedin.com/company/adihex,"",abu dhabi international hunting & equestrian exhibition (adihex),abu dhabi,11-50,adihex.com
united arab emirates,"",dctabudhabi,government relations,linkedin.com/company/dctabudhabi,"",abu dhabi tourism & culture authority,"",501-1000,tcaabudhabi.ae
united arab emirates,"",ask-for-life,"health, wellness and fitness",linkedin.com/company/ask-for-life,"",ask for life,"",11-50,ask-for-life.com
united arab emirates,"",alpha-flight-services,airlines/aviation,linkedin.com/company/alpha-flight-services,sharjah,alpha flight services,sharjah,201-500,alpha-group.com
united arab emirates,2016,moon-media-consulta,marketing and advertising,linkedin.com/company/moon-media-consulta,"",moon media,dubai,11-50,moonmediaco.com
united arab emirates,2015,euro-aero,airlines/aviation,linkedin.com/company/euro-aero,"",euro aero,dubai,1-10,euro.aero
united arab emirates,"",invent-creative-event-solutions,events services,linkedin.com/company/invent-creative-event-solutions,"",invent creative event solutions,"",1-10,invent-uae.com
united arab emirates,"",green-&-safe-technical-services,architecture & planning,linkedin.com/company/green-&-safe-technical-services,"",green & safe technical services,dubai,51-200,gsts.me
united arab emirates,2006,under-one-roof,construction,linkedin.com/company/under-one-roof,"",under one roof,"",51-200,underoneroof.ae
united arab emirates,2012,impala-cosmetics,cosmetics,linkedin.com/company/impala-cosmetics,dubai,impala cosmetics,dubai,11-50,impalacosmetics.ae
united arab emirates,"",clyde-and-company,entertainment,linkedin.com/company/clyde-and-company,dubai,clyde and company,dubai,1-10,""
united arab emirates,1992,fer-forge-llc,construction,linkedin.com/company/fer-forge-llc,sharjah,fer forge llc,sharjah,11-50,ferforge.ae
united arab emirates,2001,hills&fortlandscape,construction,linkedin.com/company/hills&fortlandscape,"",hills & fort landscape llc,dubai,501-1000,hillsandfort.com
united arab emirates,2006,red-tag,retail,linkedin.com/company/red-tag,"",red tag,dubai,1001-5000,redtag.ae
united arab emirates,2005,united-music-events,entertainment,linkedin.com/company/united-music-events,"",united music,dubai,11-50,unitedmusic.cz
united arab emirates,"",aboura-metals-fzco,executive office,linkedin.com/company/aboura-metals-fzco,"",aboura metals fzco,dubai,201-500,abourametals.com
united arab emirates,2006,gulf-duct-industries,construction,linkedin.com/company/gulf-duct-industries,dubai,gulf duct industries,dubai,51-200,gulfduct.com
united arab emirates,2012,mawared-energy,oil & energy,linkedin.com/company/mawared-energy,"",mawared energy,dubai,51-200,mawaredenergy.com
united arab emirates,2008,miltek-me,environmental services,linkedin.com/company/miltek-me,dubai,mil-tek middle east,dubai,11-50,miltek.me
united arab emirates,2009,premiermarine,shipbuilding,linkedin.com/company/premiermarine,"",premier marine,"",1-10,premiermarineeng.com
