country,founded,id,industry,linkedin_url,locality,name,region,size,website
uruguay,"",instituto-de-enseñanza-tecnoart,primary/secondary education,linkedin.com/company/instituto-de-enseñanza-tecnoart,"",instituto de enseñanza tecnoart,"",201-500,espacioeducativointegral.blogspot.com
uruguay,2008,hdm-transportes,transportation/trucking/railroad,linkedin.com/company/hdm-transportes,los cerrillos,hdm transportes,canelones,51-200,hdmtransportes.com.uy
uruguay,"",segacuy,logistics and supply chain,linkedin.com/company/segacuy,"",segacuy,montevideo,1-10,segacuy.com
uruguay,"",tecnosolar,marketing and advertising,linkedin.com/company/tecnosolar,"",tecnosolar,montevideo,11-50,tecnosolar.com.uy
uruguay,2013,xinamon,marketing and advertising,linkedin.com/company/xinamon,"",xinamon,montevideo,1-10,xinamon.com
uruguay,"",agua-electropura,individual & family services,linkedin.com/company/agua-electropura,"",agua electropura,flores,11-50,""
uruguay,"",commit-studio,information technology and services,linkedin.com/company/commit-studio,"",commit studio,montevideo,1-10,commit.studio
uruguay,1990,idalen,paper & forest products,linkedin.com/company/idalen,montevideo,idalen sa,montevideo,51-200,idalen.com
uruguay,2009,listo-soluciones,computer hardware,linkedin.com/company/listo-soluciones,montevideo,listo soluciones,montevideo,1-10,listosoluciones.com
uruguay,1984,bgvi-consultores,accounting,linkedin.com/company/bgvi-consultores,carrasco,bgvi consultores,montevideo,11-50,bgvi.com.uy
uruguay,1973,instituto-nacional-de-cirugia-cardiaca,medical devices,linkedin.com/company/instituto-nacional-de-cirugia-cardiaca,montevideo,instituto nacional de cirugía cardíaca,montevideo,11-50,incc.com.uy
uruguay,2008,wyeworks,internet,linkedin.com/company/wyeworks,montevideo,wyeworks,montevideo,11-50,wyeworks.com
uruguay,"",bettasul,consumer goods,linkedin.com/company/bettasul,montevideo,bettasul,montevideo,51-200,bettasul.com.uy
uruguay,2012,bon-gout,wholesale,linkedin.com/company/bon-gout,colonia del sacramento,bon gout,colonia,1-10,bongout.com.uy
uruguay,"",jdva-arquitectos,architecture & planning,linkedin.com/company/jdva-arquitectos,"",jdva arquitectos,"",11-50,jdva.com.uy
uruguay,2016,feel-a-local,"leisure, travel & tourism",linkedin.com/company/feel-a-local,"",feel a local,maldonado,1-10,feelalocal.com
uruguay,"",sevel-uruguay-s-a,"",linkedin.com/company/sevel-uruguay-s-a,"",sevel uruguay s.a,"",51-200,sevel.com.uy
uruguay,2006,agrosur---praxa-s-a-,ranching,linkedin.com/company/agrosur---praxa-s-a-,"",agrosur - praxa s.a.,florida,1-10,agro-sur.com
uruguay,1973,biblioteca-nuestros-hijos,non-profit organization management,linkedin.com/company/biblioteca-nuestros-hijos,montevideo,biblioteca nuestros hijos,montevideo,1-10,bibliotecanuestroshijos.com.uy
uruguay,2008,michael-king-pilates,"health, wellness and fitness",linkedin.com/company/michael-king-pilates,"",michael king pilates,maldonado,1-10,michaelkingpilates.com
uruguay,2013,medeglia-consulting-group,management consulting,linkedin.com/company/medeglia-consulting-group,maldonado,cpa medeglia,maldonado,1-10,cpamedeglia.com
uruguay,"",pum-digital-&-interactive-advertising,marketing and advertising,linkedin.com/company/pum-digital-&-interactive-advertising,montevideo,pum! digital & interactive advertising,montevideo,1-10,pum.com.uy
uruguay,1999,pepeganga,wholesale,linkedin.com/company/pepeganga,"",pepeganga s.a.,montevideo,11-50,pepeganga.com.uy
uruguay,2017,vivo-medianet,marketing and advertising,linkedin.com/company/vivo-medianet,"",vivo media,montevideo,1-10,""
uruguay,2016,sistra-cloud,information technology and services,linkedin.com/company/sistra-cloud,montevideo,sistra,montevideo,11-50,sistracloud.com
uruguay,1970,kosak-inversiones-inmobiliarias,real estate,linkedin.com/company/kosak-inversiones-inmobiliarias,montevideo,kosak inversiones inmobiliarias,montevideo,11-50,kosak.com.uy
uruguay,2015,cenitea,"health, wellness and fitness",linkedin.com/company/cenitea,montevideo,cenitea,montevideo,1-10,cenitea.com.uy
uruguay,2012,chateau-rouge,apparel & fashion,linkedin.com/company/chateau-rouge,"",chateau rouge,maldonado,1-10,chrouge.com
uruguay,"",cielomoto,media production,linkedin.com/company/cielomoto,montevideo,cielomoto,montevideo,1-10,cielomoto.com
uruguay,2008,amenpublicidad,marketing and advertising,linkedin.com/company/amenpublicidad,uruguay,amén,cerro largo,11-50,amen.ad
uruguay,2002,itsinergia,information technology and services,linkedin.com/company/itsinergia,"",itsinergia,montevideo,51-200,itsinergia.com
uruguay,2019,doohmain,online media,linkedin.com/company/doohmain,"",doohmain,montevideo,11-50,doohmain.com
uruguay,1998,lincongroup,logistics and supply chain,linkedin.com/company/lincongroup,"",lincon,canelones,11-50,lincon.com.uy
uruguay,2019,sunareva,food & beverages,linkedin.com/company/sunareva,"",sunareva,montevideo,51-200,sunareva.com
uruguay,2020,visionglobal,research,linkedin.com/company/visionglobal,"",visión global,montevideo,11-50,visionglobal.com.uy
uruguay,1989,cutiuy,information technology and services,linkedin.com/company/cutiuy,montevideo,cuti - chamber of uruguayan it companies,montevideo,11-50,cuti.org.uy
uruguay,"",santin---estudio-jurídico,"",linkedin.com/company/santin---estudio-jurídico,"",santin - estudio jurídico,"",11-50,estudiosantin.com
uruguay,2014,mowi-company,transportation/trucking/railroad,linkedin.com/company/mowi-company,montevideo,mowi,montevideo,1-10,mowi.com.uy
uruguay,"",gbt-grupo-biotoscana,biotechnology,linkedin.com/company/gbt-grupo-biotoscana,"",gbt grupo biotoscana,montevideo,501-1000,grupobiotoscana.com
uruguay,1972,anilco,construction,linkedin.com/company/anilco,uruguay,anilco s.a.,cerro largo,11-50,anilco.com.uy
uruguay,"",mail-americas,logistics and supply chain,linkedin.com/company/mail-americas,"",mail americas,"",51-200,""
uruguay,2013,rda-ingenieria,civil engineering,linkedin.com/company/rda-ingenieria,montevideo,rda engineering,montevideo,11-50,rdaingenieria.com
uruguay,2002,moreira-maderas,furniture,linkedin.com/company/moreira-maderas,"",moreira maderas,canelones,1-10,moreiramaderas.com.uy
uruguay,2016,tehotech,retail,linkedin.com/company/tehotech,"",tehotech,colonia,1-10,tehotech.com.uy
uruguay,"",instituto-ant-rtico-uruguayo,international affairs,linkedin.com/company/instituto-ant-rtico-uruguayo,"",instituto antártico uruguayo,"",11-50,iau.gub.uy
uruguay,2008,falcon-advisory-s.a.,investment management,linkedin.com/company/falcon-advisory-s.a.,montevideo,falcon advisory s.a.,montevideo,11-50,""
uruguay,2012,wermax,construction,linkedin.com/company/wermax,"",wermax seguridad industrial,montevideo,1-10,wermax.com.uy
uruguay,1988,bacot-bacot,law practice,linkedin.com/company/bacot-bacot,montevideo,bacot & bacot,montevideo,11-50,bacot.com.uy
uruguay,"",luyten-ai,computer software,linkedin.com/company/luyten-ai,"",luyten ai,montevideo,1-10,luyten.ai
uruguay,"",azero1,graphic design,linkedin.com/company/azero1,"",azero1,"",1-10,azero1.com
uruguay,1996,clip-connections-ltda.,information technology and services,linkedin.com/company/clip-connections-ltda.,pocitos,clip connections ltda.,montevideo,1-10,interclip.com
uruguay,"",rio-de-la-plata-pinturas-s-r-l-sinteplast,construction,linkedin.com/company/rio-de-la-plata-pinturas-s-r-l-sinteplast,"",rio de la plata pinturas s.r.l. sinteplast,"",11-50,sinteplast.com.uy
uruguay,2001,proyectos-y-promociones,events services,linkedin.com/company/proyectos-y-promociones,montevideo,proyectos y promociones,montevideo,1-10,pyp.com.uy
uruguay,2017,trenchlabs,information technology and services,linkedin.com/company/trenchlabs,montevideo,trenchlabs,montevideo,1-10,trenchlabs.io
uruguay,"",agencia-juana,marketing and advertising,linkedin.com/company/agencia-juana,"",agencia juana,montevideo,1-10,juana.com.uy
uruguay,2009,inmove-logistics,logistics and supply chain,linkedin.com/company/inmove-logistics,colonia del sacramento,inmove logistics,colonia,11-50,inmovelogistics.com
uruguay,2012,industria.uy,renewables & environment,linkedin.com/company/industria.uy,montevideo,industria.uy,montevideo,1-10,industria.uy
uruguay,2007,artcomputer-uruguay,consumer goods,linkedin.com/company/artcomputer-uruguay,montevideo,artcomputer uruguay,montevideo,11-50,artcomputer.com.uy
uruguay,"",federaci-n-psicoanal-tica-de-am-rica-latina-fepal,mental health care,linkedin.com/company/federaci-n-psicoanal-tica-de-am-rica-latina-fepal,"",federation of psychoanalytic societies of latin america fepal,montevideo,1-10,fepal.org
uruguay,2016,nido-homestaging,design,linkedin.com/company/nido-homestaging,montevideo,nido homestaging,montevideo,1-10,""
uruguay,"",fundación-dianova-uruguay,"",linkedin.com/company/fundación-dianova-uruguay,"",fundación dianova uruguay,"",51-200,dianovauruguay.org
uruguay,"",ingener,mechanical or industrial engineering,linkedin.com/company/ingener,"",ingener,montevideo,501-1000,ingener.com
uruguay,2011,rápido-y-fácil,banking,linkedin.com/company/rápido-y-fácil,montevideo,rápido y fácil,montevideo,11-50,rapidoyfacil.com
uruguay,"",movete,"health, wellness and fitness",linkedin.com/company/movete,"",movete!,montevideo,1-10,movete.com.uy
uruguay,2015,cosabuena,"leisure, travel & tourism",linkedin.com/company/cosabuena,"",cosabuena,canelones,1-10,cosabuena.uy
uruguay,1990,idsltda,information technology and services,linkedin.com/company/idsltda,"",ids ltda,montevideo,11-50,idsltda.uy
uruguay,2009,e&g-capital-humano,human resources,linkedin.com/company/e&g-capital-humano,"",e&g capital humano,montevideo,1-10,eyg.com.uy
uruguay,"",ehedge-software,information technology and services,linkedin.com/company/ehedge-software,montevideo,ehedge technologies,montevideo,1-10,ehedge.co.uk
uruguay,"",cga-agronegocios,farming,linkedin.com/company/cga-agronegocios,"",cga agronegocios,canelones,1-10,cga.com.uy
uruguay,"",fernando-vazquez,mechanical or industrial engineering,linkedin.com/company/fernando-vazquez,"",fernando vazquez,"",11-50,metalurgicafvm.com
uruguay,2020,leaptp,human resources,linkedin.com/company/leaptp,uruguay,leap | thinking partners,cerro largo,1-10,leaptp.com
uruguay,2014,álamo-inversiones,logistics and supply chain,linkedin.com/company/álamo-inversiones,montevideo,álamo logística-industria,montevideo,1-10,alamolog.com
uruguay,1996,servicio-de-diagnostico-y-produccion-de-autovacunas,biotechnology,linkedin.com/company/servicio-de-diagnostico-y-produccion-de-autovacunas,"",servicio de diagnostico y produccion de autovacunas,"",1-10,estebanguerra.com
uruguay,"",publimaxuruguay,marketing and advertising,linkedin.com/company/publimaxuruguay,"",publimax,montevideo,11-50,publimax.com.uy
uruguay,"",cttu,telecommunications,linkedin.com/company/cttu,"",cttu,"",201-500,cttu.com.uy
uruguay,1862,bacardi-uruguay,food & beverages,linkedin.com/company/bacardi-uruguay,montevideo,bacardi uruguay,montevideo,11-50,""
uruguay,"",colegio-y-liceo-san-pablo,primary/secondary education,linkedin.com/company/colegio-y-liceo-san-pablo,"",colegio y liceo san pablo,montevideo,11-50,""
uruguay,2013,perfil-rrhh,human resources,linkedin.com/company/perfil-rrhh,montevideo,perfil rrhh,montevideo,1-10,perfilrrhh.com
uruguay,2009,vonstudio.biz,information technology and services,linkedin.com/company/vonstudio.biz,pocitos,von,montevideo,1-10,von-studio.com
uruguay,1997,guf-consulting-services,information technology and services,linkedin.com/company/guf-consulting-services,"",gufcs consultancy services,montevideo,11-50,gufcs.com
uruguay,2009,screenmedia,marketing and advertising,linkedin.com/company/screenmedia,"",screenmedia,montevideo,1-10,screenmedia.com.uy
uruguay,2006,centro-capdi-srl,education management,linkedin.com/company/centro-capdi-srl,"",centro capdi srl,montevideo,11-50,""
uruguay,2008,mancru-srl,consumer electronics,linkedin.com/company/mancru-srl,montevideo,mancru srl,montevideo,11-50,mancru.com
uruguay,1983,la-oficina-srl,computer hardware,linkedin.com/company/la-oficina-srl,montevideo,la oficina srl,montevideo,51-200,laoficina.com.uy
