country,founded,id,industry,linkedin_url,locality,name,region,size,website
vietnam,2006,vnuni-jsc.,computer software,linkedin.com/company/vnuni-jsc.,hanoi,phần mềm bán hàng vnuni (vnuni jsc.),ha noi,11-50,vnuni.net
vietnam,2012,southern-social-entrepreneurs-club,civic & social organization,linkedin.com/company/southern-social-entrepreneurs-club,"",southern social entrepreneurs club - ssec,ho chi minh city,1-10,ssecvietnam.vn
vietnam,"",fbnc,broadcast media,linkedin.com/company/fbnc,"",fbnc,ha noi,51-200,fbnc.com.vn
vietnam,2008,eon51-restaurant-co-ltd,food & beverages,linkedin.com/company/eon51-restaurant-co-ltd,"",eon51 restaurant co. ltd.,"",201-500,eon51.com
vietnam,2012,hatchventures,non-profit organization management,linkedin.com/company/hatchventures,"",hatch! ventures,ha noi,11-50,hatch.vn
vietnam,"",small-is-beautiful,apparel & fashion,linkedin.com/company/small-is-beautiful,"",small is beautiful,"",1-10,smallisb.com
vietnam,"",new-revolution-sc,computer & network security,linkedin.com/company/new-revolution-sc,"",new revolution sc,"",1-10,cloudcards.nl
vietnam,1997,muong-thanh-hospitality-careers,hospitality,linkedin.com/company/muong-thanh-hospitality-careers,"",muong thanh jobs,ha noi,10001+,muongthanh.com
vietnam,2011,saga-du-mekong,retail,linkedin.com/company/saga-du-mekong,nha trang,saga du mekong,khanh hoa,201-500,""
vietnam,2013,migola-travel,"leisure, travel & tourism",linkedin.com/company/migola-travel,"",migola travel,ho chi minh city,11-50,vietnampackages.net
vietnam,1999,trung-tâm-học-tiếng-nhật-cosmos-hcm,education management,linkedin.com/company/trung-tâm-học-tiếng-nhật-cosmos-hcm,"",trung tâm học tiếng nhật cosmos hcm,ho chi minh city,11-50,hoctiengnhat.center
vietnam,"",digital-star,printing,linkedin.com/company/digital-star,"",digital star,"",11-50,thaidigitalstar.com
vietnam,2003,khaihoangroup,luxury goods & jewelry,linkedin.com/company/khaihoangroup,"",khaihoangroup,"",51-200,""
vietnam,1974,sapphire-packaging,packaging and containers,linkedin.com/company/sapphire-packaging,"",sapphire packaging ltd.,long an,1-10,sapphirepackaging.com
vietnam,2012,southern-debt-trading-corp-jsc-,financial services,linkedin.com/company/southern-debt-trading-corp-jsc-,"",southern debt trading jsc.,"",11-50,sdtc.com.vn
vietnam,"",sparta-beer-club,"",linkedin.com/company/sparta-beer-club,"",sparta beer club,ha noi,1-10,spartabeerclub.vn
vietnam,2020,công-ty-cp-cộng-đồng-sharecv-việt-nam,staffing and recruiting,linkedin.com/company/công-ty-cp-cộng-đồng-sharecv-việt-nam,phu nhuan,công ty cp cộng đồng sharecv việt nam,ho chi minh,51-200,sharecv.vn
vietnam,2006,daihocfpt,"",linkedin.com/company/daihocfpt,"",đại học fpt,ha noi,201-500,""
vietnam,2013,huteego,computer software,linkedin.com/company/huteego,"",huteego,"",1-10,huteego.com
vietnam,"",megatechvietnam,machinery,linkedin.com/company/megatechvietnam,ho chi minh city,megatech,ho chi minh,11-50,megatech.com.vn
vietnam,2008,tinas,facilities services,linkedin.com/company/tinas,hanoi,tina services,ha noi,501-1000,tina.vn
vietnam,2019,maihousesaigon,hospitality,linkedin.com/company/maihousesaigon,"",mai house saigon,ho chi minh city,201-500,""
vietnam,"",sao-thang-corporation,computer software,linkedin.com/company/sao-thang-corporation,"",sao thang corporation,"",11-50,saothang.com
vietnam,2014,ant-education,education management,linkedin.com/company/ant-education,vung tau,"ant "awakening & nurturing talents"",ba ria-vung tau,11-50,ant-training.com
vietnam,2012,practech-ltd,information technology and services,linkedin.com/company/practech-ltd,"",practech ltd,"",11-50,practech.vn
vietnam,"",saigon-shipyard-company-limited,shipbuilding,linkedin.com/company/saigon-shipyard-company-limited,"",saigon shipyard company limited,"",11-50,""
vietnam,"",phu-gia-nhua,"",linkedin.com/company/phu-gia-nhua,"",phu gia nhua,"",1-10,phugianhua.net
vietnam,2010,seapoolvn,civil engineering,linkedin.com/company/seapoolvn,"",seapoolvn,ho chi minh city,201-500,seapoolvn.com
vietnam,2011,invisor-co-ltd,computer software,linkedin.com/company/invisor-co-ltd,"","invisor co., ltd",ha noi,1-10,invisorcorp.com
vietnam,"",vien-tham-my-koreans,logistics and supply chain,linkedin.com/company/vien-tham-my-koreans,"",viện thẩm mỹ koreans,ha noi,501-1000,vienthammykoreans.vn
vietnam,2016,tuelinh,consumer services,linkedin.com/company/tuelinh,"",tuelinh,ha noi,1-10,""
vietnam,"",hogetsu-vietnam-co-ltd-,"",linkedin.com/company/hogetsu-vietnam-co-ltd-,"",hogetsu vietnam co. ltd.,"",1-10,hogetsu.com.vn
vietnam,2007,global-book-corporation---media-representative-of-the-economist-in-vietnam,marketing and advertising,linkedin.com/company/global-book-corporation---media-representative-of-the-economist-in-vietnam,"","global book corporation - media representative of the economist, cnbc & nikkei in vietnam","",11-50,globalbookcorp.com
vietnam,"",lê-minh-creative,marketing and advertising,linkedin.com/company/lê-minh-creative,"",lê minh creative,ha noi,11-50,lm.com.vn
vietnam,1987,miracle-diamond-&-jewelry,luxury goods & jewelry,linkedin.com/company/miracle-diamond-&-jewelry,"",miracle diamond & jewelry,"",11-50,miraclediamond.vn
vietnam,2008,axon-active-holding-ag,information technology and services,linkedin.com/company/axon-active-holding-ag,"",axon active holding ag,"",501-1000,axonactive.ch
vietnam,2010,công-ty-du-lịch-toàn-cầu,"leisure, travel & tourism",linkedin.com/company/công-ty-du-lịch-toàn-cầu,"",công ty du lịch toàn cầu,bắc giang,51-200,globaltravel.com.vn
vietnam,2001,mandarin-road,"leisure, travel & tourism",linkedin.com/company/mandarin-road,"",mandarin road,ha noi,1-10,mandarinroad.com
vietnam,2008,itl-keppel-logistics,logistics and supply chain,linkedin.com/company/itl-keppel-logistics,tan binh,"indo-trans keppel logistics co.,ltd.","",201-500,itl-keppel.com
vietnam,2009,agence-de-voyage-vietnam-decouverte,"leisure, travel & tourism",linkedin.com/company/agence-de-voyage-vietnam-decouverte,hanoi,agence de voyage vietnam découverte,ha noi,11-50,""
vietnam,2009,th-group---food-chain,consumer goods,linkedin.com/company/th-group---food-chain,"",th group - food chain,ha noi,5001-10000,thmilk.vn
vietnam,1993,vietnam-mobile-telecommunication-service.,telecommunications,linkedin.com/company/vietnam-mobile-telecommunication-service.,"",vietnam mobile telecommunication service.,"",1001-5000,mobifone.com.vn
vietnam,2017,local-consulting-group-lcg,individual & family services,linkedin.com/company/local-consulting-group-lcg,"",loyal consulting group (lcg),ho chi minh city,11-50,lcgvn.com
vietnam,"",silvervietnam,"",linkedin.com/company/silvervietnam,"",silvervietnam,"",1-10,silvervietnam.com
vietnam,"",asahi-tec-vietnam-co-ltd,human resources,linkedin.com/company/asahi-tec-vietnam-co-ltd,"","asahi tec vietnam co., ltd",ha noi,11-50,jwork.vn
vietnam,"",hiep-thanh-seafood-jointstock-company,food production,linkedin.com/company/hiep-thanh-seafood-jointstock-company,"",hiep thanh seafood jointstock company,can tho,11-50,hiepthanhgroup.com
vietnam,"",toan-vinh-tours,"leisure, travel & tourism",linkedin.com/company/toan-vinh-tours,"",toan vinh tours,"",11-50,vietnamasean-tvtours.com
vietnam,2018,vinatic-recycle-plastic-granulate,plastics,linkedin.com/company/vinatic-recycle-plastic-granulate,haiphong,"vinatic haiphong co., ltd",hai phong,201-500,vinatic.com.vn
vietnam,"",buffalo-center-viet-nam,internet,linkedin.com/company/buffalo-center-viet-nam,"",buffalo center viet nam,"",1-10,buffalocenter.vn
vietnam,"",yup-institute,professional training & coaching,linkedin.com/company/yup-institute,"",yup institute,"",11-50,yup.edu.vn
vietnam,2002,super-youth-language-school,education management,linkedin.com/company/super-youth-language-school,"",super youth language school,ho chi minh city,501-1000,superyouth.edu.vn
vietnam,"",maple-labs-co,program development,linkedin.com/company/maple-labs-co,"",maple labs co,ho chi minh city,11-50,maplelabs.co
vietnam,1991,hoc-bang-lai-xe-o-to-b2-c-da-nang-masco,education management,linkedin.com/company/hoc-bang-lai-xe-o-to-b2-c-da-nang-masco,da nang,"học bằng lái xe ô tô b2, c tại thành phố đà nẵng giá rẻ - trung tâm đào tạo lái xe ô tô masco",da nang,51-200,""
vietnam,"",sejong-vietnam,information technology and services,linkedin.com/company/sejong-vietnam,ho chi minh city,sejong joint stock company,ho chi minh,11-50,viotgroup.com
vietnam,2006,freshstudio,food & beverages,linkedin.com/company/freshstudio,hanoi,fresh studio®,ha noi,51-200,freshstudio.vn
vietnam,2019,didokid,apparel & fashion,linkedin.com/company/didokid,"",dido,ha noi,11-50,dido.vn
vietnam,"",stellaglobal,hospitality,linkedin.com/company/stellaglobal,ho chi minh city,stella global vietnam,ho chi minh city,11-50,stellaglobal.com
vietnam,2013,sunluxe-manufacturing-company-limited,electrical/electronic manufacturing,linkedin.com/company/sunluxe-manufacturing-company-limited,"",sunluxe manufacturing company limited,dong nai,201-500,""
vietnam,2015,noitienganhdi,education management,linkedin.com/company/noitienganhdi,ho chi minh city,nói tiếng anh đi,ho chi minh city,1-10,ntad.vn
vietnam,2008,vinalines-container-shipping-company,maritime,linkedin.com/company/vinalines-container-shipping-company,hanoi,vinalines container shipping company,ha noi,51-200,vinalinescontainer.com.vn
vietnam,2020,wsafe-impact-venturebuilder,information technology and services,linkedin.com/company/wsafe-impact-venturebuilder,ho chi minh city,wsafe impact venture builder,ho chi minh city,11-50,wsafe-group.com
vietnam,2012,noble-solutions-asia-,education management,linkedin.com/company/noble-solutions-asia-,hanoi,noble solutions (se asia),ha noi,1-10,noblesolutions.asia
vietnam,2009,bmbvietnam,consumer electronics,linkedin.com/company/bmbvietnam,"",bmb viet nam,"",11-50,bmbkaraokehome.vn
vietnam,"",vietnam-trade-promotion-agency,international trade and development,linkedin.com/company/vietnam-trade-promotion-agency,hanoi,vietnam trade promotion agency,ha noi,11-50,vietrade.gov.vn
vietnam,1948,caominh1948,apparel & fashion,linkedin.com/company/caominh1948,ho chi minh city,cao minh sài gòn,ho chi minh city,201-500,""
vietnam,2011,ant-lawyers,law practice,linkedin.com/company/ant-lawyers,"",ant lawyers,"",11-50,antlawyers.vn
vietnam,"",dona-victor-footwear-company-limited,chemicals,linkedin.com/company/dona-victor-footwear-company-limited,"",dona victor footwear company limited,dong nai,1-10,""
vietnam,2019,medihousevn,consumer goods,linkedin.com/company/medihousevn,"",medihousevn,ha noi,11-50,medihouse.vn
vietnam,2008,indochina-heritage-travel-services,events services,linkedin.com/company/indochina-heritage-travel-services,"",indochina heritage travel services,ho chi minh city,1-10,indochina-heritage.com
vietnam,2004,center-for-sustainable-energy-development,renewables & environment,linkedin.com/company/center-for-sustainable-energy-development,"",center for sustainable energy development,"",1-10,vnemart.com.vn
vietnam,2014,cosmoscndanang,education management,linkedin.com/company/cosmoscndanang,hai chau,cosmos,"",11-50,""
vietnam,1987,doolim,apparel & fashion,linkedin.com/company/doolim,binh chanh,doolim,ho chi minh,11-50,doolim.com
vietnam,2018,berlin-love-vietnam,import and export,linkedin.com/company/berlin-love-vietnam,hanoi,"berlin love vietnam co., ltd.",ha noi,11-50,berlinlovevietnam.com
vietnam,2014,emperor-cruises,hospitality,linkedin.com/company/emperor-cruises,"",emperor cruises,quảng ninh,11-50,emperorcruises.com
vietnam,2009,datafa-beverages,food & beverages,linkedin.com/company/datafa-beverages,"","datafa company limited,vietnam",bình dương,51-200,datapha.com.vn
vietnam,2013,homa-architects,architecture & planning,linkedin.com/company/homa-architects,hanoi,homa architects,ha noi,1-10,homa-architects.com
vietnam,2001,yec-neu,non-profit organization management,linkedin.com/company/yec-neu,dong tam,young economists club (yec - neu - vietnam),vinh phuc,11-50,kinhtetre.net
vietnam,2020,tek-hand,computer software,linkedin.com/company/tek-hand,hanoi,"tek-hand co., ltd",ha noi,11-50,tek-hand.com
vietnam,"",bach-tuong-phat-holdings,furniture,linkedin.com/company/bach-tuong-phat-holdings,"",bach tuong phat holdings,ha noi,201-500,""
vietnam,2003,red-brand-builders,marketing and advertising,linkedin.com/company/red-brand-builders,"",red brand builders,"",11-50,red.vn
vietnam,"",bach-mai-hospital,hospital & health care,linkedin.com/company/bach-mai-hospital,hanoi,bach mai hospital,ha noi,51-200,""
vietnam,"",yamaha-motor-vietnam-co-ltd,information technology and services,linkedin.com/company/yamaha-motor-vietnam-co-ltd,hanoi,yamaha motor vietnam co ltd,ha noi,11-50,""
vietnam,2020,rio-english-academy,professional training & coaching,linkedin.com/company/rio-english-academy,"",rio english academy,bình dương,11-50,""
vietnam,2017,lps-pacifica,international trade and development,linkedin.com/company/lps-pacifica,ho chi minh city,lps pacifica,ho chi minh,1-10,lps-pacifica.com
vietnam,2007,e5-design&construction-jsc,architecture & planning,linkedin.com/company/e5-design&construction-jsc,hanoi,e5 design&construction jsc,ha noi,11-50,e5-jsc.vn
vietnam,2001,densovietnam,automotive,linkedin.com/company/densovietnam,"",denso manufacturing vietnam co. ltd,ha noi,1001-5000,""
vietnam,2003,vina-hotels-group-hcmc,"leisure, travel & tourism",linkedin.com/company/vina-hotels-group-hcmc,"",vina hotels group hcmc,ho chi minh city,201-500,vinahotels.asia
vietnam,"",shiogai,"",linkedin.com/company/shiogai,"",shiogai,"",1-10,shiogai.co.jp
vietnam,2017,upserviceasia,management consulting,linkedin.com/company/upserviceasia,"",upservice asia,"",1-10,upservice.asia
vietnam,"",w3,"",linkedin.com/company/w3,"","","",11-50,thegioimang.org
vietnam,2012,công-ty-cổ-phần-dược-phẩm-pharvina,food production,linkedin.com/company/công-ty-cổ-phần-dược-phẩm-pharvina,"",công ty cổ phần dược phẩm pharvina,ha noi,11-50,pharvina.com
vietnam,"",hlink,"",linkedin.com/company/hlink,"",hlink,"",11-50,hlink.vn
vietnam,2012,golden-harvest-seed-corporation,farming,linkedin.com/company/golden-harvest-seed-corporation,"",golden harvest seed corporation,ho chi minh city,1-10,goldenharvest.com.vn
vietnam,2019,ag-technology-promotion,information technology and services,linkedin.com/company/ag-technology-promotion,"",ag technology promotion,ha noi,1-10,ag.pro.vn
vietnam,2010,miczone-group,logistics and supply chain,linkedin.com/company/miczone-group,ho chi minh city,miczone group,ho chi minh city,201-500,miczone.asia
vietnam,2009,idhouse-automa-o-residencial,telecommunications,linkedin.com/company/idhouse-automa-o-residencial,"",idhouse | automação residencial,"",1-10,idhouse.com.br
vietnam,"",readacity-com,"",linkedin.com/company/readacity-com,ho chi minh city,readacity.com,ho chi minh city,1-10,""
vietnam,"",ftms-global,education management,linkedin.com/company/ftms-global,hanoi,ftms global,ha noi,51-200,ftmsglobal.edu.vn
vietnam,"",hai-phong-stationery-jsc,import and export,linkedin.com/company/hai-phong-stationery-jsc,haiphong,hai phong stationery jsc,hai phong,1-10,""
vietnam,1998,ss-interiors-and-exteriors,architecture & planning,linkedin.com/company/ss-interiors-and-exteriors,"",ss interiors and exteriors,ha noi,11-50,ssinteriorsandexteriors.com
vietnam,"",công-ty-áo-thun-lulo,internet,linkedin.com/company/công-ty-áo-thun-lulo,"",công ty áo thun lulo,"",1-10,aothunlulo.com
vietnam,2004,viet-sun-travel,"leisure, travel & tourism",linkedin.com/company/viet-sun-travel,"",viet sun travel,ho chi minh city,51-200,vietsuntravel.com
vietnam,2008,công-ty-cổ-phần-công-nghệ-thiết-bị-lọc-nước-an-thái,business supplies and equipment,linkedin.com/company/công-ty-cổ-phần-công-nghệ-thiết-bị-lọc-nước-an-thái,"",công ty cp công nghệ thiết bị lọc nước an thái,ha noi,11-50,emaux.com.vn
vietnam,2016,vietnam-animal-aid-and-rescue,veterinary,linkedin.com/company/vietnam-animal-aid-and-rescue,hoi an,vietnam animal aid and rescue,quang nam,1-10,vietnampetsandvets.com
vietnam,2016,vss-corporation,marketing and advertising,linkedin.com/company/vss-corporation,"",vss corporation,ha noi,11-50,vsscorp.vn
vietnam,"",ems-viet-nam,business supplies and equipment,linkedin.com/company/ems-viet-nam,"",ems viet nam,ha noi,11-50,emsvietnam.com.vn
vietnam,2006,citysmart-education-and-technology-corporation,education management,linkedin.com/company/citysmart-education-and-technology-corporation,"",citysmart education and technology corporation,ho chi minh city,11-50,easy-talk.vn
vietnam,2011,planb-co-ltd,architecture & planning,linkedin.com/company/planb-co-ltd,"","planb co, ltd",ho chi minh city,11-50,planb-vietnam.com
vietnam,"",annalink-corporation,events services,linkedin.com/company/annalink-corporation,"",annalink corporation,"",11-50,annalink.com
vietnam,"",suntory-pepsico-vietnam,food & beverages,linkedin.com/company/suntory-pepsico-vietnam,"",suntory pepsico vietnam beverage,"",1001-5000,suntorypepsico.vn
vietnam,"",ipeace,"",linkedin.com/company/ipeace,"",ipeace,"",11-50,ipeacehotel.com
vietnam,2012,ohze,information technology and services,linkedin.com/company/ohze,"",ohze,ha noi,11-50,ohze.net
vietnam,"",hutech---đại-học-công-nghệ-tp-hcm,"",linkedin.com/company/hutech---đại-học-công-nghệ-tp-hcm,"",hutech - đại học công nghệ tp.hcm,"",1001-5000,hutech.edu.vn
vietnam,2011,bubble-marketing,marketing and advertising,linkedin.com/company/bubble-marketing,"",bubble marketing,"",1-10,bubblemarketing.vn
vietnam,"",golden-wings-vietnam-jsc,food & beverages,linkedin.com/company/golden-wings-vietnam-jsc,"","golden wings vietnam., jsc",ha noi,51-200,goldenwings.vn
vietnam,"",vietnam-sea-transport-and-chartering-joint-stock-company,maritime,linkedin.com/company/vietnam-sea-transport-and-chartering-joint-stock-company,"",vietnam sea transport and chartering joint stock company,"",1-10,vietfracht.com.vn
vietnam,"",baosuckhoecongdong,newspapers,linkedin.com/company/baosuckhoecongdong,"",báo sức khỏe cộng đồng,ha noi,51-200,baosuckhoecongdong.vn
vietnam,2018,modernhustle,food & beverages,linkedin.com/company/modernhustle,ho chi minh city,modern hustle,ho chi minh city,1-10,hustle.vn
vietnam,2014,hoi-an-roastery,food & beverages,linkedin.com/company/hoi-an-roastery,hoi an,hoi an roastery,quang nam,201-500,hoianroastery.com
vietnam,2006,chula-fashion,apparel & fashion,linkedin.com/company/chula-fashion,hanoi,chula fashion,ha noi,51-200,chulafashion.com
vietnam,"",nam-son-co-ltd,"",linkedin.com/company/nam-son-co-ltd,"",nam son co. ltd,"",51-200,namsontea.com
vietnam,"",headway-co-ltd,logistics and supply chain,linkedin.com/company/headway-co-ltd,"",headway co. ltd,"",11-50,headway.com.vn
vietnam,2015,vantin-int-co-ltd,translation and localization,linkedin.com/company/vantin-int-co-ltd,hanoi,"vantin interpretation and training co., ltd.",ha noi,11-50,dichthuatvantin.com
vietnam,"",pou-sung-vietnam-co-ltd,"",linkedin.com/company/pou-sung-vietnam-co-ltd,biên hòa,"pou sung vietnam co.,ltd",dong nai,1-10,""
vietnam,2009,vip-advertising-&-design-company-limited,information technology and services,linkedin.com/company/vip-advertising-&-design-company-limited,"",vip advertising & design company limited,ho chi minh city,11-50,vipdesign.com.vn
vietnam,"",youth-investment-construction-corporation,civil engineering,linkedin.com/company/youth-investment-construction-corporation,"",youth investment construction corporation,"",1-10,""
vietnam,2009,techvina,chemicals,linkedin.com/company/techvina,"",techvina,lao cai,11-50,techvina.vn
vietnam,1993,sohacogroup,pharmaceuticals,linkedin.com/company/sohacogroup,hanoi,sohaco group,ha noi,501-1000,""
vietnam,"",viatech-ltd,computer software,linkedin.com/company/viatech-ltd,"",viatech ltd,"",1-10,viatech.com.vn
vietnam,2018,techchainsoftware,information technology and services,linkedin.com/company/techchainsoftware,hai chau,"techchain software co.,ltd","",11-50,techchain.vn
vietnam,2017,idmeduvietnam,education management,linkedin.com/company/idmeduvietnam,"",institute of digital marketing vietnam - idm vietnam,ho chi minh city,1-10,idmvietnam.edu.vn
vietnam,2011,cowell-asia,information technology and services,linkedin.com/company/cowell-asia,hanoi,co-well asia,ha noi,201-500,co-well.vn
vietnam,"",blue-advertising,marketing and advertising,linkedin.com/company/blue-advertising,"",blue advertising,"",11-50,blue-advertising.pt
vietnam,2017,ihousel,real estate,linkedin.com/company/ihousel,"",ihousel,ho chi minh city,11-50,ihousel.com
vietnam,2019,kane-company-17b0a3188,design,linkedin.com/company/kane-company-17b0a3188,"",kane,ho chi minh city,1-10,kanecompanyltd.com
vietnam,2016,pioneer-soft-vienam-co.-ltd.,information technology and services,linkedin.com/company/pioneer-soft-vienam-co.-ltd.,hanoi,"pioneer soft vietnam co., ltd.",ha noi,11-50,psnet.asia
vietnam,2015,extendmax-vietnam-company-limited,legal services,linkedin.com/company/extendmax-vietnam-company-limited,hanoi,extendmax vietnam company limited,ha noi,11-50,extendmax.vn
vietnam,"",slopetracker-vietnam-ltd.,information technology and services,linkedin.com/company/slopetracker-vietnam-ltd.,"","slopetracker vietnam, ltd.","",11-50,slopetracker.no
vietnam,"",io-media,marketing and advertising,linkedin.com/company/io-media,"",io media,"",11-50,iomedian.vn
vietnam,"",indolink,marketing and advertising,linkedin.com/company/indolink,"",indolink,"",11-50,indolink.vn
vietnam,1992,japan-vietnam-petroleum-company-jvpc-,oil & energy,linkedin.com/company/japan-vietnam-petroleum-company-jvpc-,vung tau,japan vietnam petroleum company (jvpc),ba ria-vung tau,51-200,""
vietnam,"",truc-xuan-co-ltd-,"",linkedin.com/company/truc-xuan-co-ltd-,"",truc xuan co. ltd.,"",11-50,truc-xuan.com
vietnam,"",attech,"",linkedin.com/company/attech,"",attech,"",51-200,attech.com.vn
vietnam,2014,samil-cts-vina,construction,linkedin.com/company/samil-cts-vina,hanoi,samil cts vina,ha noi,51-200,samilcts.vn
vietnam,2011,eleadtech-vietnam,outsourcing/offshoring,linkedin.com/company/eleadtech-vietnam,"",eleadtech,"",51-200,eleadtech.com
vietnam,2017,bao-ninh-edu,computer networking,linkedin.com/company/bao-ninh-edu,hanoi,baoninh edu,ha noi,1-10,""
vietnam,2019,ecoriz,import and export,linkedin.com/company/ecoriz,ho chi minh city,ecoriz ltd,ho chi minh,1-10,""
vietnam,2015,viet-victory,professional training & coaching,linkedin.com/company/viet-victory,ho chi minh city,viet victory training center,ho chi minh city,11-50,""
vietnam,1995,sonhatc,"leisure, travel & tourism",linkedin.com/company/sonhatc,"",sonhatc,ha noi,11-50,sonhatravel.com
vietnam,"",vipnnet-join-stock-company,computer networking,linkedin.com/company/vipnnet-join-stock-company,"",vipnnet join stock company,"",1-10,vipnet.vn
vietnam,2018,db-advertising-agency,international trade and development,linkedin.com/company/db-advertising-agency,hanoi,db advertising agency,ha noi,1-10,dschung.berlin
vietnam,2015,café-restaurant-ho-chi-minh-city,hospitality,linkedin.com/company/café-restaurant-ho-chi-minh-city,"",tomatito saigon,ho chi minh city,11-50,tomatito.vn
vietnam,"",smartsoft-vietnam,computer software,linkedin.com/company/smartsoft-vietnam,"",smartsoft vietnam,ha noi,1-10,smartsoft-vietnam.com
vietnam,"",caritas-switzerland-in-vietnam,civic & social organization,linkedin.com/company/caritas-switzerland-in-vietnam,"",caritas switzerland in vietnam,"",11-50,""
vietnam,"",betbong365,sports,linkedin.com/company/betbong365,"",betbong365,ha noi,11-50,betbong365.com
vietnam,"",griswalds-vietnamese-vacations,"leisure, travel & tourism",linkedin.com/company/griswalds-vietnamese-vacations,"",griswalds vietnamese vacations,"",1-10,vietnamvacations.com.au
vietnam,2018,spanish-chamber-of-commerce-in-vietnam,non-profit organization management,linkedin.com/company/spanish-chamber-of-commerce-in-vietnam,ho chi minh city,spanish chamber of commerce in vietnam,ho chi minh city,11-50,spanishchambervn.com
vietnam,2018,total-solutions-logisticz,logistics and supply chain,linkedin.com/company/total-solutions-logisticz,"","total solutions logistics co.,ltd",ho chi minh city,11-50,tslogisticz.com
vietnam,"",exocomets,information technology and services,linkedin.com/company/exocomets,phuong,exocomets,"",11-50,exocomets.com
vietnam,"",danang-golf-club,hospitality,linkedin.com/company/danang-golf-club,"",danang golf club,"",201-500,dananggolfclub.com
vietnam,"",sai-gon-tien-doan-corporation,logistics and supply chain,linkedin.com/company/sai-gon-tien-doan-corporation,"",sai gon tien doan corporation,"",11-50,saigontiendoan.com
vietnam,"",flc-travel,hospitality,linkedin.com/company/flc-travel,"",flc travel,vĩnh phúc,201-500,""
vietnam,1874,port-of-hai-phong,maritime,linkedin.com/company/port-of-hai-phong,haiphong,port of hai phong,hai phong,1001-5000,haiphongport.com.vn
vietnam,2004,ha-xanh-pestcontrol,environmental services,linkedin.com/company/ha-xanh-pestcontrol,hanoi,ha xanh pestcontrol,ha noi,11-50,haxanh.com.vn
vietnam,2016,caskvn,education management,linkedin.com/company/caskvn,"",cask - professional coaching network,ho chi minh city,11-50,cask.vn
vietnam,"",vietnam-railway-corp-,"leisure, travel & tourism",linkedin.com/company/vietnam-railway-corp-,hanoi,vietnam railway corp.,ha noi,1-10,vr.com.vn
